date;Nbr_embarque
1817;404
1817;246
1817;405
1817;381
1817;578
1817;557
1817;234
1817;413
1817;368
1817;481
1817;195
1817;640
1817;544
1817;520
1817;528
1817;434
1817;599
1817;463
1817;519
1817;614
1817;607
1817;594
1817;511
1817;124
1817;444
1817;442
1817;137
1817;597
1817;546
1817;321
1817;401
1817;439
1817;738
1817;427
1817;388
1817;420
1817;500
1817;541
1817;813
1817;466
1817;490
1817;540
1817;282
1817;489
1817;464
1817;476
1817;604
1817;594
1817;496
1817;324
1817;382
1817;239
1817;229
1817;530
1817;606
1817;445
1817;637
1817;807
1818;449
1818;419
1818;421
1818;584
1818;633
1818;400
1818;441
1818;451
1818;428
1818;438
1818;479
1818;430
1818;345
1818;541
1818;522
1818;370
1818;225
1818;464
1818;341
1818;669
1818;487
1818;391
1818;286
1818;409
1818;441
1818;463
1818;444
1818;305
1818;659
1818;392
1818;300
1818;424
1818;816
1818;572
1818;405
1818;367
1818;274
1818;480
1818;288
1818;118
1818;569
1818;440
1818;291
1818;408
1818;335
1818;358
1818;483
1818;492
1818;334
1818;304
1818;544
1818;331
1818;375
1820;182
1820;196
1816;556
1816;564
1816;289
1819;200
1820;538
1821;273
1821;150
1821;93
1820;496
1819;331
1821;556
1821;634
1821;224
1821;436
1821;434
1821;129
1821;340
1821;273
1820;170
1821;158
1822;808
1822;460
1822;492
1822;428
1822;470
1822;166
1822;465
1822;389
1822;467
1822;431
1822;532
1822;529
1822;470
1822;631
1822;462
1822;504
1822;420
1822;481
1822;520
1822;577
1822;681
1822;536
1822;623
1822;305
1822;465
1822;460
1822;477
1822;479
1822;672
1822;747
1822;448
1822;313
1822;418
1822;390
1822;449
1822;425
1822;459
1822;302
1822;760
1822;545
1822;408
1822;467
1822;733
1822;467
1822;655
1822;595
1822;472
1822;525
1822;300
1822;109
1822;515
1822;438
1822;410
1822;384
1822;519
1822;499
1822;574
1822;431
1822;617
1822;497
1822;338
1822;639
1822;451
1822;467
1822;228
1822;201
1822;170
1822;173
1822;152
1822;408
1822;70
1822;421
1822;307
1822;257
1822;371
1822;43
1822;55
1822;47
1822;304
1822;104
1822;419
1822;395
1822;268
1822;380
1822;198
1822;168
1822;179
1822;246
1822;332
1822;365
1822;186
1822;249
1822;327
1822;389
1822;178
1822;264
1822;214
1823;181
1822;314
1821;416
1821;557
1821;425
1821;554
1821;992
1821;362
1821;522
1821;346
1821;508
1821;476
1821;451
1821;432
1821;433
1821;434
1821;337
1821;500
1821;384
1821;455
1821;581
1821;431
1821;312
1821;450
1821;374
1821;461
1821;528
1821;325
1821;375
1821;202
1821;450
1821;741
1821;415
1821;566
1821;254
1821;481
1821;408
1821;759
1821;304
1821;743
1821;510
1821;495
1821;511
1821;450
1821;579
1821;407
1821;544
1821;573
1821;468
1821;492
1821;394
1821;609
1821;595
1821;450
1821;358
1822;607
1822;221
1822;131
1822;418
1822;247
1822;484
1822;146
1822;383
1823;292
1823;492
1823;416
1823;458
1823;733
1823;517
1823;526
1823;542
1823;465
1823;520
1823;594
1823;481
1823;440
1823;338
1823;502
1823;632
1823;331
1823;692
1823;632
1823;519
1823;440
1823;501
1823;337
1823;179
1823;523
1823;625
1823;508
1823;490
1823;421
1823;573
1823;390
1823;559
1823;458
1823;526
1823;335
1823;758
1823;735
1823;600
1823;302
1823;454
1823;450
1823;344
1822;183
1822;183
1822;183
1822;328
1822;255
1822;183
1822;255
1822;201
1822;167
1822;183
1823;255
1823;167
1823;344
1823;183
1823;255
1824;255
1824;273
1824;273
1824;183
1824;183
1824;273
1824;183
1824;183
1824;183
1824;183
1824;183
1824;183
1824;183
1824;183
1824;255
1824;220
1823;613
1823;328
1823;336
1823;265
1823;177
1823;326
1823;417
1823;435
1823;291
1823;349
1823;135
1823;330
1823;243
1824;346
1824;596
1824;566
1824;517
1824;596
1824;430
1824;625
1824;467
1824;202
1824;404
1824;600
1824;446
1824;518
1824;536
1824;697
1824;448
1824;455
1824;612
1824;282
1824;396
1824;403
1824;627
1824;496
1824;543
1824;539
1824;300
1824;682
1824;441
1824;556
1824;475
1824;198
1824;423
1824;430
1824;262
1824;535
1824;565
1824;760
1824;337
1824;558
1824;425
1824;562
1824;668
1824;340
1824;449
1824;441
1824;490
1824;448
1824;489
1824;272
1824;407
1824;274
1824;480
1824;574
1824;273
1824;459
1824;742
1824;409
1824;502
1824;320
1824;667
1824;351
1825;459
1825;107
1825;364
1825;560
1825;268
1825;333
1825;289
1825;367
1825;199
1825;344
1825;369
1825;347
1825;484
1825;191
1825;257
1825;399
1825;501
1825;333
1825;444
1825;207
1825;402
1825;524
1825;333
1825;273
1825;262
1825;189
1825;378
1825;241
1825;584
1825;255
1825;279
1825;279
1825;546
1824;196
1824;392
1824;13
1824;246
1824;241
1824;305
1824;364
1824;177
1824;160
1824;380
1824;243
1824;223
1824;446
1825;334
1825;194
1825;255
1825;550
1825;244
1825;404
1825;90
1825;92
1825;622
1825;795
1825;414
1825;522
1825;492
1825;343
1825;471
1825;555
1825;594
1825;568
1825;443
1825;401
1825;343
1825;516
1825;584
1825;633
1825;400
1825;300
1825;545
1825;756
1825;511
1825;563
1825;430
1825;505
1825;518
1825;405
1825;648
1825;250
1825;597
1825;660
1825;425
1825;730
1825;314
1825;360
1825;466
1825;506
1825;314
1825;526
1825;591
1825;477
1825;461
1825;301
1825;436
1825;760
1825;502
1825;529
1825;339
1825;427
1825;340
1825;559
1825;400
1825;572
1825;256
1825;700
1825;560
1825;301
1825;353
1824;483
1826;89
1826;210
1826;285
1826;61
1826;105
1826;210
1826;303
1826;411
1826;166
1823;402
1825;251
1825;349
1825;244
1825;88
1825;265
1825;550
1825;139
1825;228
1825;15
1826;490
1826;625
1826;360
1826;451
1826;217
1826;459
1826;487
1826;227
1826;132
1826;219
1826;483
1826;398
1826;339
1826;576
1826;719
1826;425
1826;299
1826;148
1826;119
1826;177
1826;634
1826;389
1827;284
1827;445
1827;411
1827;307
1827;389
1827;389
1827;284
1827;200
1827;491
1827;376
1827;528
1827;551
1827;471
1827;473
1827;374
1827;999
1827;448
1827;383
1827;440
1823;335
1827;621
1827;266
1827;466
1827;451
1827;431
1827;507
1827;770
1827;427
1827;517
1827;469
1827;672
1827;444
1827;377
1827;288
1827;321
1827;420
1827;586
1827;327
1827;409
1827;273
1827;654
1827;389
1827;257
1827;337
1827;352
1827;112
1827;123
1827;352
1827;316
1827;307
1827;267
1827;484
1827;139
1827;580
1827;535
1827;307
1827;573
1827;389
1828;411
1828;284
1828;307
1828;284
1828;819
1828;307
1828;490
1828;307
1828;429
1828;307
1828;283
1828;411
1828;343
1828;490
1828;442
1828;284
1828;735
1828;284
1827;281
1827;510
1827;498
1827;316
1827;428
1827;478
1827;577
1827;576
1827;616
1827;484
1827;321
1827;338
1827;314
1827;472
1827;253
1827;212
1827;186
1827;225
1827;272
1827;261
1827;545
1827;305
1827;382
1827;480
1827;720
1827;448
1827;440
1827;570
1827;195
1827;201
1827;360
1827;270
1827;375
1827;230
1827;146
1827;454
1827;483
1827;665
1827;391
1828;504
1828;351
1828;371
1828;424
1828;604
1828;254
1828;549
1828;836
1828;320
1828;644
1828;396
1828;375
1828;430
1828;401
1828;722
1828;254
1828;567
1828;160
1828;334
1828;225
1828;411
1828;592
1828;555
1828;588
1828;516
1828;351
1828;636
1828;466
1828;225
1828;931
1828;663
1828;692
1828;587
1828;166
1827;371
1827;334
1827;426
1827;370
1828;490
1828;284
1828;233
1828;307
1828;307
1828;492
1828;284
1828;284
1828;284
1828;284
1828;284
1829;533
1829;307
1829;307
1829;535
1829;87
1829;307
1829;444
1829;490
1829;235
1829;284
1829;307
1829;307
1829;333
1829;284
1829;367
1829;562
1829;307
1829;284
1829;307
1829;307
1829;284
1829;980
1829;284
1829;284
1829;490
1829;307
1829;647
1829;438
1829;490
1829;490
1829;307
1829;411
1828;440
1828;440
1828;367
1828;541
1828;568
1828;321
1828;523
1828;404
1828;200
1828;244
1828;508
1828;351
1828;514
1828;251
1828;398
1828;551
1828;337
1828;362
1828;280
1828;211
1828;270
1828;550
1828;438
1828;329
1828;376
1828;614
1828;377
1828;590
1827;449
1828;406
1828;616
1828;451
1828;508
1828;400
1828;532
1828;479
1828;472
1828;500
1828;619
1828;549
1828;566
1828;307
1828;586
1828;640
1828;467
1828;559
1828;496
1828;649
1828;547
1828;508
1828;323
1828;520
1828;733
1829;160
1829;102
1829;216
1829;222
1829;550
1829;562
1829;716
1829;514
1829;847
1829;600
1829;430
1829;901
1829;473
1829;495
1829;85
1829;905
1827;376
1829;350
1829;286
1829;334
1829;470
1829;448
1829;480
1829;389
1829;505
1829;150
1829;472
1829;526
1829;425
1829;499
1829;106
1829;321
1828;301
1829;378
1829;526
1829;304
1829;248
1829;257
1829;446
1829;507
1829;307
1829;281
1829;410
1829;222
1829;318
1829;387
1829;280
1829;369
1829;560
1829;406
1829;283
1829;252
1829;138
1829;366
1829;19
1829;1188
1829;529
1829;253
1829;156
1829;400
1829;499
1829;362
1829;451
1829;428
1829;367
1829;580
1829;389
1829;182
1829;867
1829;255
1829;625
1829;400
1829;63
1829;578
1829;450
1829;483
1829;179
1829;222
1829;496
1829;264
1829;371
1829;376
1829;519
1829;59
1829;289
1828;468
1828;608
1828;234
1828;158
1828;243
1828;219
1829;127
1829;307
1829;307
1829;144
1829;449
1829;284
1830;284
1830;284
1830;588
1830;490
1830;307
1830;307
1830;307
1830;307
1830;490
1830;307
1830;307
1830;284
1830;490
1830;307
1830;307
1830;333
1830;144
1830;411
1830;411
1830;210
1830;284
1830;284
1830;307
1830;284
1830;307
1830;490
1830;284
1830;95
1830;307
1830;662
1830;307
1830;307
1829;520
1829;279
1829;277
1829;564
1829;250
1829;371
1829;656
1829;207
1829;208
1829;282
1829;203
1829;324
1829;590
1829;420
1829;321
1829;327
1829;286
1829;544
1829;159
1829;317
1829;468
1829;180
1829;405
1829;297
1829;674
1829;430
1829;645
1829;566
1829;428
1829;558
1829;385
1829;390
1829;551
1829;554
1829;473
1829;308
1829;441
1829;455
1829;430
1829;550
1829;600
1829;800
1829;306
1829;526
1829;638
1829;375
1829;602
1829;245
1829;297
1829;658
1829;528
1829;443
1829;336
1829;494
1829;430
1830;254
1830;399
1829;349
1830;505
1830;634
1830;670
1830;480
1830;880
1830;519
1830;244
1830;517
1830;65
1830;594
1830;162
1830;203
1830;555
1830;636
1830;623
1830;1166
1830;386
1830;559
1830;165
1830;426
1830;362
1830;935
1830;537
1830;558
1830;423
1830;524
1830;418
1830;360
1830;304
1830;345
1830;418
1830;434
1830;147
1830;279
1830;256
1830;166
1830;447
1830;99
1830;337
1830;486
1830;236
1830;252
1830;180
1830;288
1830;512
1830;339
1830;517
1830;572
1830;416
1830;562
1830;514
1830;564
1830;236
1830;147
1830;445
1830;425
1830;417
1830;440
1830;305
1830;864
1830;471
1830;303
1830;298
1830;346
1830;741
1830;352
1830;159
1830;508
1830;599
1830;540
1830;238
1830;678
1830;288
1830;867
1830;289
1829;336
1829;360
1829;294
1829;86
1829;335
1829;131
1829;406
1829;413
1829;271
1829;440
1829;288
1829;411
1829;585
1829;459
1829;377
1829;570
1829;233
1829;376
1829;295
1829;687
1829;410
1829;194
1829;772
1829;255
1829;330
1829;160
1830;183
1830;119
1830;128
1830;287
1830;632
1830;397
1830;480
1830;346
1830;277
1830;189
1830;466
1830;335
1830;257
1830;259
1830;330
1830;305
1830;343
1830;499
1830;267
1830;143
1830;285
1830;122
1830;490
1830;194
1830;206
1829;461
1829;167
1829;262
1829;506
1829;255
1829;393
1829;293
1829;307
1829;527
1829;359
1829;430
1830;534
1830;252
1830;355
1830;193
1830;208
1829;492
1830;389
1828;270
1830;303
1830;284
1830;490
1830;490
1830;284
1830;449
1831;284
1831;284
1831;284
1831;411
1831;490
1831;640
1831;411
1831;307
1831;284
1831;284
1831;284
1831;284
1831;284
1831;490
1831;411
1831;175
1831;307
1831;307
1831;284
1831;284
1831;284
1831;750
1831;411
1831;284
1831;284
1831;411
1831;284
1831;411
1830;61
1830;377
1830;519
1830;386
1831;290
1831;481
1831;307
1831;307
1831;307
1831;307
1831;284
1832;307
1832;490
1832;490
1832;307
1832;411
1832;411
1832;307
1832;490
1832;241
1832;307
1832;307
1832;490
1832;659
1832;138
1832;307
1832;478
1832;432
1832;307
1832;490
1832;490
1832;411
1832;307
1832;307
1832;307
1832;9
1832;120
1832;284
1832;490
1832;490
1832;534
1832;284
1832;284
1832;411
1832;411
1832;490
1832;662
1833;284
1833;490
1833;284
1833;411
1833;411
1833;307
1833;201
1833;201
1833;450
1833;284
1833;307
1833;490
1833;490
1833;307
1833;411
1833;490
1833;845
1833;307
1833;490
1833;455
1833;411
1833;411
1833;348
1833;307
1833;535
1833;523
1833;535
1833;284
1833;535
1833;307
1834;411
1834;284
1834;284
1834;490
1834;293
1834;490
1834;490
1834;490
1834;490
1834;481
1834;490
1834;284
1834;239
1834;490
1834;490
1834;411
1834;411
1834;284
1834;284
1834;490
1834;500
1834;252
1834;490
1833;490
1833;432
1834;306
1834;118
1834;160
1833;455
1834;255
1833;266
1834;497
1834;336
1834;307
1834;307
1834;360
1834;617
1834;490
1834;490
1834;490
1834;307
1834;490
1834;307
1834;490
1834;490
1834;490
1834;307
1834;490
1834;490
1834;490
1834;307
1834;307
1835;368
1835;307
1835;307
1835;284
1835;411
1835;411
1835;353
1835;411
1835;490
1835;490
1835;490
1835;411
1835;262
1835;275
1835;411
1835;490
1835;490
1835;600
1835;808
1835;411
1835;307
1835;284
1835;411
1835;490
1835;307
1835;690
1835;490
1835;284
1835;402
1835;307
1835;284
1835;490
1835;284
1835;284
1835;307
1835;307
1835;735
1835;284
1835;284
1835;307
1835;284
1835;207
1835;284
1835;307
1835;411
1835;284
1835;307
1835;490
1835;210
1835;284
1835;481
1835;284
1835;284
1835;284
1835;284
1835;307
1835;307
1835;535
1835;490
1835;307
1835;490
1835;307
1835;490
1835;535
1835;307
1834;550
1835;372
1835;352
1835;69
1835;66
1835;281
1835;261
1835;365
1834;401
1834;401
1834;401
1834;401
1834;401
1834;401
1834;401
1835;307
1835;490
1835;307
1834;307
1835;392
1835;401
1835;490
1835;490
1835;359
1835;490
1835;269
1836;518
1836;490
1836;490
1836;800
1836;490
1836;307
1836;617
1836;617
1836;490
1836;490
1836;307
1836;307
1836;490
1836;490
1836;490
1836;307
1836;381
1836;490
1836;307
1836;307
1836;376
1836;381
1836;284
1836;450
1836;307
1836;307
1836;307
1836;307
1836;490
1836;278
1836;307
1836;490
1836;307
1836;295
1836;607
1836;307
1836;450
1836;515
1836;340
1836;307
1836;523
1836;307
1836;307
1836;298
1836;490
1836;307
1836;490
1836;800
1836;334
1836;257
1836;617
1836;490
1836;490
1837;351
1836;250
1836;411
1836;307
1836;411
1836;401
1836;307
1836;411
1836;118
1836;307
1836;490
1836;281
1836;411
1836;411
1836;307
1836;359
1836;400
1836;311
1836;352
1836;450
1836;472
1836;438
1836;314
1836;482
1836;352
1836;317
1836;375
1836;461
1836;800
1836;350
1836;442
1836;411
1836;333
1836;411
1837;307
1837;411
1837;490
1837;617
1837;535
1837;490
1837;617
1837;307
1837;490
1837;307
1837;490
1837;307
1836;208
1837;490
1837;490
1837;307
1837;307
1837;411
1837;307
1837;307
1837;490
1837;490
1837;307
1837;489
1837;307
1837;307
1837;307
1837;490
1837;490
1837;490
1837;490
1837;490
1837;467
1837;307
1837;206
1837;91
1837;284
1837;307
1837;472
1837;442
1837;600
1837;374
1837;349
1837;330
1837;321
1837;332
1837;800
1837;377
1837;678
1837;358
1837;524
1837;855
1837;860
1837;565
1837;288
1837;574
1837;450
1837;766
1837;434
1837;574
1837;460
1837;1077
1837;359
1837;349
1837;566
1837;457
1837;784
1837;358
1837;341
1837;507
1837;372
1837;378
1837;372
1837;344
1837;812
1837;538
1837;522
1837;508
1837;678
1837;471
1837;277
1837;704
1837;340
1837;467
1837;394
1837;462
1837;416
1837;307
1837;307
1837;29
1837;307
1837;307
1837;307
1837;307
1837;307
1837;307
1837;272
1837;307
1837;700
1837;650
1837;307
1837;307
1837;500
1837;20
1838;307
1838;307
1838;307
1838;307
1837;333
1837;347
1837;365
1837;365
1837;351
1837;349
1837;482
1837;525
1837;373
1837;338
1837;529
1837;571
1837;747
1837;947
1837;535
1837;373
1837;594
1837;349
1837;1050
1837;677
1837;383
1837;389
1837;883
1837;424
1837;316
1837;786
1837;333
1837;898
1837;336
1837;632
1837;753
1838;307
1838;490
1838;167
1838;319
1838;658
1838;307
1838;289
1838;340
1838;490
1838;307
1838;490
1838;307
1838;583
1838;416
1838;598
1838;307
1838;307
1838;307
1838;311
1838;560
1838;650
1838;490
1838;307
1838;490
1838;490
1838;303
1838;447
1838;307
1838;490
1838;330
1838;307
1838;552
1838;410
1838;222
1838;327
1838;222
1838;490
1838;237
1838;328
1838;237
1838;397
1838;222
1838;237
1838;297
1838;321
1838;260
1838;250
1838;786
1838;418
1838;883
1838;358
1838;470
1838;759
1838;464
1838;565
1838;662
1838;528
1838;915
1838;773
1838;1159
1838;607
1838;482
1838;773
1838;311
1838;659
1838;372
1838;478
1838;107
1838;745
1838;362
1838;352
1838;827
1838;330
1838;340
1838;354
1838;382
1838;355
1838;345
1838;442
1838;483
1838;419
1838;371
1838;449
1838;472
1838;425
1838;99
1838;358
1838;524
1838;345
1838;442
1838;481
1838;416
1838;533
1838;561
1838;166
1838;383
1838;578
1838;355
1838;240
1838;156
1838;307
1838;212
1838;587
1839;710
1839;244
1839;1120
1839;252
1839;259
1839;191
1839;596
1839;262
1839;567
1839;493
1839;327
1839;254
1839;129
1839;820
1839;290
1839;307
1839;237
1839;261
1839;284
1839;312
1838;302
1838;242
1838;323
1838;243
1838;467
1838;506
1838;384
1838;304
1838;478
1838;144
1838;267
1838;466
1838;442
1838;787
1838;556
1838;524
1838;501
1838;662
1838;796
1838;351
1838;85
1838;467
1838;399
1838;423
1838;673
1838;303
1838;800
1838;326
1838;338
1838;326
1838;463
1838;632
1838;340
1838;573
1838;664
1838;795
1838;883
1838;234
1838;497
1838;662
1838;307
1838;442
1838;386
1838;497
1838;423
1838;434
1838;475
1838;478
1839;478
1839;478
1839;373
1839;259
1839;400
1839;315
1839;490
1839;255
1839;459
1839;267
1839;489
1839;175
1839;204
1839;386
1839;490
1839;489
1839;307
1839;307
1839;307
1839;490
1839;132
1839;304
1839;463
1839;238
1839;402
1839;540
1839;353
1839;367
1839;128
1839;299
1839;284
1839;462
1839;482
1839;391
1839;806
1839;675
1839;754
1839;717
1839;471
1839;788
1839;886
1839;831
1839;463
1839;215
1839;457
1839;338
1839;640
1839;584
1839;331
1839;452
1839;744
1839;335
1839;556
1839;89
1839;442
1839;469
1839;429
1839;717
1839;351
1839;574
1839;313
1839;367
1839;681
1839;378
1839;673
1839;397
1839;634
1839;320
1839;773
1839;368
1839;415
1839;662
1839;524
1839;379
1839;309
1839;363
1839;376
1839;307
1839;376
1839;307
1839;307
1839;490
1839;307
1839;307
1839;307
1839;490
1839;150
1839;210
1839;1040
1839;307
1839;561
1839;307
1839;660
1839;673
1840;795
1840;307
1840;307
1840;372
1840;200
1839;497
1839;662
1839;424
1839;411
1839;118
1839;408
1839;307
1839;353
1839;273
1839;607
1839;354
1839;474
1839;307
1839;140
1839;290
1839;490
1839;257
1839;313
1839;651
1839;307
1839;307
1839;481
1839;490
1839;719
1839;376
1839;307
1839;307
1839;490
1839;307
1839;291
1839;490
1839;440
1839;667
1839;473
1839;473
1839;473
1839;473
1839;828
1839;334
1839;706
1839;590
1839;530
1839;478
1839;478
1839;478
1839;335
1839;773
1839;445
1839;662
1839;552
1839;497
1839;667
1839;389
1839;334
1839;662
1839;442
1839;447
1839;662
1839;333
1839;442
1839;438
1839;333
1839;397
1839;289
1840;505
1840;530
1840;307
1840;307
1840;307
1840;333
1840;460
1840;249
1840;501
1840;690
1840;307
1840;307
1840;673
1840;673
1840;307
1840;1162
1840;497
1840;673
1840;413
1840;219
1840;194
1840;673
1840;552
1840;535
1840;560
1840;365
1839;357
1839;465
1840;640
1840;417
1840;411
1840;467
1840;373
1840;411
1840;572
1840;618
1840;307
1840;254
1840;422
1840;286
1840;89
1840;386
1840;307
1840;307
1840;517
1840;298
1840;161
1840;413
1840;307
1840;307
1840;411
1840;307
1840;519
1840;618
1840;0
1840;267
1840;256
1840;320
1840;500
1840;278
1840;458
1841;357
1841;346
1841;459
1841;490
1841;791
1841;324
1841;419
1841;213
1841;535
1841;702
1841;508
1841;380
1841;276
1841;442
1841;555
1841;265
1841;490
1841;267
1841;444
1841;264
1841;192
1841;729
1841;547
1841;547
1840;306
1840;56
1840;332
1841;233
1840;497
1840;367
1840;89
1840;416
1841;500
1841;331
1841;552
1840;673
1840;257
1840;411
1840;490
1840;490
1840;673
1840;490
1840;883
1840;740
1840;672
1840;447
1840;547
1840;547
1840;547
1840;547
1840;667
1840;556
1840;556
1840;556
1840;556
1840;447
1840;438
1840;662
1840;773
1840;662
1840;445
1840;556
1840;706
1840;662
1840;552
1840;662
1840;720
1840;291
1841;307
1841;135
1840;307
1840;490
1840;490
1841;490
1841;683
1841;490
1841;764
1841;720
1840;152
1840;367
1841;611
1841;89
1841;68
1841;826
1841;608
1841;556
1842;365
1842;972
1842;280
1842;365
1842;333
1842;486
1842;396
1842;396
1842;490
1842;412
1842;304
1842;222
1841;538
1842;881
1842;471
1842;385
1842;410
1842;377
1842;536
1842;486
1842;167
1842;333
1842;447
1842;391
1842;504
1842;422
1842;552
1842;206
1841;180
1841;307
1841;226
1842;490
1842;307
1841;378
1841;828
1841;42
1842;490
1842;399
1842;177
1842;490
1841;336
1841;412
1841;605
1841;447
1841;445
1841;383
1841;662
1841;662
1841;335
1841;667
1841;497
1841;447
1841;773
1841;662
1841;391
1841;438
1841;391
1841;447
1842;89
1842;533
1843;334
1843;676
1843;256
1843;890
1843;289
1843;338
1843;779
1842;800
1842;400
1842;662
1842;438
1842;662
1842;306
1842;391
1842;197
1842;618
1842;328
1842;389
1842;389
1842;386
1842;302
1842;788
1842;444
1842;910
1842;684
1842;498
1842;497
1842;556
1842;89
1842;533
1843;535
1843;262
1843;102
1843;222
1843;490
1843;460
1843;200
1843;679
1843;113
1843;600
1843;451
1843;309
1843;913
1843;97
1843;389
1843;110
1843;729
1843;563
1843;490
1843;360
1843;618
1843;101
1843;300
1843;113
1843;347
1843;600
1843;257
1843;717
1843;552
1843;607
1843;415
1843;662
1843;778
1843;561
1843;596
1843;761
1843;358
1843;312
1843;491
1843;662
1843;722
1843;389
1843;383
1843;425
1843;650
1843;197
1843;197
1843;640
1843;602
1843;120
1843;235
1843;222
1843;278
1843;508
1843;66
1843;629
1843;335
1843;358
1843;609
1843;556
1843;250
1843;640
1819;1
1819;13
1819;40
1819;26
1819;9
1819;122
1820;69
1820;81
1820;85
1821;491
1821;140
1821;153
1818;216
1820;1
1821;83
1822;209
1822;325
1822;380
1825;270
1824;220
1825;319
1825;318
1825;318
1824;352
1825;183
1825;23
1824;399
1824;149
1824;389
1826;491
1825;292
1825;36
1825;106
1822;278
1822;60
1822;216
1822;142
1823;221
1823;55
1823;172
1824;437
1824;162
1825;561
1825;253
1825;183
1825;230
1824;255
1824;255
1824;170
1825;50
1825;231
1826;422
1826;174
1825;698
1825;209
1825;220
1826;284
1826;422
1825;248
1825;273
1825;234
1826;310
1826;427
1827;221
1827;100
1827;282
1826;24
1827;179
1828;155
1828;130
1828;2
1828;407
1828;381
1828;3
1829;209
1829;261
1829;292
1829;466
1828;283
1828;535
1829;411
1829;303
1829;535
1829;278
1829;284
1829;348
1829;366
1830;79
1830;354
1831;249
1830;186
1830;165
1830;278
1830;293
1830;0
1830;141
1830;535
1829;250
1829;280
1831;505
1830;319
1831;313
1831;496
1831;192
1830;556
1831;411
1830;35
1830;278
1830;167
1830;420
1831;207
1831;2
1832;460
1832;535
1833;600
1833;307
1833;112
1833;450
1833;343
1834;408
1834;350
1834;317
1834;146
1833;350
1834;444
1832;290
1832;312
1832;426
1832;278
1833;220
1833;290
1833;117
1833;280
1833;278
1834;278
1835;350
1834;200
1834;350
1834;369
1834;386
1834;420
1834;179
1835;335
1834;728
1835;676
1835;313
1835;387
1835;430
1835;160
1835;487
1835;477
1835;429
1835;282
1835;236
1834;184
1834;535
1835;365
1836;264
1836;374
1836;198
1836;377
1836;190
1836;227
1835;0
1835;0
1835;0
1835;0
1836;0
1836;0
1836;0
1836;0
1836;425
1836;0
1836;0
1836;0
1836;0
1836;0
1836;0
1836;0
1836;0
1836;0
1836;325
1836;421
1836;0
1836;0
1836;0
1836;0
1836;0
1836;0
1836;0
1836;121
1836;0
1836;535
1836;0
1836;284
1836;591
1836;352
1836;438
1836;278
1836;380
1836;321
1836;481
1836;300
1836;278
1836;200
1836;401
1836;0
1837;49
1836;0
1837;111
1837;0
1837;0
1837;315
1837;0
1837;576
1837;108
1837;352
1837;350
1837;325
1837;164
1837;465
1837;189
1837;269
1837;439
1837;296
1836;352
1837;335
1837;324
1837;313
1836;213
1836;207
1836;571
1836;698
1838;575
1838;235
1838;0
1838;0
1838;0
1838;0
1838;0
1838;200
1838;361
1836;381
1838;478
1838;144
1838;222
1837;473
1837;186
1837;85
1838;559
1837;277
1838;306
1838;225
1838;520
1838;0
1838;0
1839;0
1839;0
1839;0
1839;0
1837;592
1839;191
1839;168
1838;332
1838;253
1838;591
1838;467
1839;320
1838;305
1839;251
1839;401
1838;0
1838;0
1838;328
1839;220
1839;0
1839;0
1839;0
1838;0
1838;0
1838;0
1838;0
1838;0
1838;0
1839;1
1839;0
1839;0
1839;344
1839;0
1839;0
1839;0
1839;352
1839;0
1839;0
1840;0
1839;0
1839;0
1839;424
1839;0
1839;0
1838;278
1839;0
1838;324
1840;0
1839;0
1840;0
1840;0
1840;0
1840;0
1840;0
1839;88
1837;278
1838;278
1840;380
1840;0
1840;0
1840;50
1840;413
1840;0
1840;0
1840;0
1840;0
1840;0
1840;0
1840;0
1839;0
1839;0
1839;0
1839;360
1839;0
1839;0
1839;0
1839;0
1839;0
1839;0
1840;2
1839;0
1839;0
1839;0
1839;0
1840;0
1840;359
1839;0
1840;0
1840;0
1840;0
1840;278
1840;278
1841;0
1841;0
1841;0
1841;291
1841;0
1841;0
1840;0
1839;648
1840;307
1840;315
1841;535
1842;0
1840;0
1840;0
1840;0
1840;0
1840;179
1839;535
1839;535
1841;0
1841;0
1841;0
1842;0
1841;0
1842;0
1842;0
1841;535
1840;535
1840;535
1842;411
1841;0
1841;0
1842;151
1826;284
1819;32
1819;1
1820;12
1822;209
1822;318
1822;247
1822;345
1822;255
1822;319
1822;101
1822;209
1823;255
1822;255
1824;253
1823;255
1823;150
1823;319
1824;167
1823;253
1824;209
1842;352
1824;547
1822;253
1822;253
1822;180
1822;511
1822;209
1823;352
1822;164
1824;278
1824;278
1824;275
1824;236
1825;511
1824;0
1824;318
1825;167
1824;150
1824;255
1824;253
1825;14
1826;311
1825;183
1825;255
1825;255
1825;255
1825;300
1825;319
1825;273
1825;255
1825;183
1826;255
1825;183
1825;174
1825;278
1825;269
1825;288
1826;278
1826;319
1826;174
1825;376
1826;311
1826;255
1823;255
1823;255
1822;318
1823;234
1826;255
1825;183
1824;0
1824;209
1824;278
1825;278
1825;167
1825;132
1824;167
1824;209
1825;150
1826;174
1826;34
1826;479
1825;0
1825;45
1826;0
1825;255
1826;490
1825;0
1825;499
1826;255
1827;270
1826;200
1826;367
1826;115
1826;106
1826;99
1826;15
1826;497
1826;200
1826;203
1826;427
1826;348
1829;53
1829;0
1829;113
1828;430
1828;319
1828;214
1830;491
1829;226
1829;307
1829;374
1829;400
1830;148
1830;295
1830;285
1830;567
1830;320
1831;200
1830;135
1830;91
1828;474
1827;264
1827;318
1827;84
1827;0
1827;255
1827;123
1827;255
1827;0
1829;220
1829;270
1827;281
1827;366
1827;248
1827;308
1827;427
1827;278
1826;180
1819;228
1819;48
1819;141
1819;223
1819;183
1821;239
1822;192
1821;179
1820;183
1821;345
1843;491
1843;0
1839;0
1840;0
1840;0
1840;0
1821;182
1821;255
1821;232
1824;119
1825;119
1822;207
1822;3
1822;296
1822;100
1822;187
1822;149
1822;10
1822;112
1822;299
1822;324
1842;451
1822;181
1822;239
1822;299
1822;260
1822;336
1822;239
1823;152
1822;122
1824;0
1824;0
1824;0
1824;334
1824;318
1824;155
1824;260
1824;467
1824;381
1825;149
1824;500
1826;352
1825;280
1825;364
1825;386
1826;260
1826;4
1826;158
1826;183
1826;424
1825;273
1826;490
1826;490
1826;170
1826;0
1826;608
1826;0
1827;0
1827;191
1827;444
1827;317
1827;0
1827;0
1827;0
1827;0
1827;0
1827;0
1827;232
1827;3
1827;0
1827;308
1827;266
1827;0
1827;569
1827;0
1843;0
1827;179
1826;179
1826;559
1827;577
1843;0
1827;87
1827;0
1827;0
1828;0
1828;234
1828;0
1828;79
1828;354
1828;271
1828;0
1829;352
1827;381
1827;0
1827;381
1828;0
1828;218
1828;218
1828;184
1828;448
1828;0
1828;105
1828;646
1829;227
1829;182
1828;127
1829;232
1829;405
1829;0
1829;357
1829;420
1829;353
1829;279
1829;486
1829;209
1829;157
1829;432
1830;187
1830;184
1830;310
1830;282
1830;377
1830;43
1831;179
1829;352
1830;225
1830;535
1830;535
1829;0
1843;0
1833;293
1833;352
1835;500
1835;214
1835;190
1841;0
1841;0
1842;0
1842;352
1842;0
1842;0
1841;0
1842;352
1842;352
1835;437
1835;352
1835;352
1834;247
1835;352
1836;0
1836;477
1836;268
1836;526
1837;449
1837;197
1837;356
1837;785
1837;210
1838;453
1837;138
1837;0
1839;0
1843;0
1836;352
1837;352
1840;352
1839;0
1839;0
1839;0
1839;0
1839;0
1838;388
1839;203
1839;0
1839;0
1839;0
1839;0
1839;0
1840;1
1840;0
1839;0
1839;0
1839;0
1839;32
1840;250
1840;0
1840;48
1840;0
1840;0
1840;0
1840;0
1841;0
1841;0
1841;0
1841;0
1841;0
1841;0
1841;0
1841;0
1841;0
1841;400
1840;490
1842;505
1842;150
1841;617
1841;90
1841;95
1840;0
1841;381
1841;0
1843;539
1841;0
1841;0
1841;341
1841;0
1840;0
1840;0
1840;0
1841;550
1841;905
1841;522
1841;0
1841;307
1841;550
1840;307
1841;0
1841;441
1841;392
1841;305
1840;620
1839;716
1840;69
1840;0
1841;321
1841;0
1841;445
1841;341
1841;350
1840;0
1839;0
1839;0
1842;0
1842;0
1842;0
1842;0
1842;0
1842;0
1842;0
1842;0
1842;0
1842;127
1842;278
1842;0
1842;0
1842;531
1842;413
1842;279
1843;0
1843;390
1842;0
1843;145
1842;0
1843;0
1843;0
1843;0
1843;0
1843;0
1843;447
1843;0
1842;315
1843;0
1842;0
1842;0
1842;0
1842;0
1842;0
1843;0
1843;0
1843;0
1843;0
1843;0
1841;0
1841;0
1841;535
1841;1
1840;0
1840;0
1840;0
1841;0
1844;533
1830;431
1831;650
1834;490
1836;617
1836;490
1829;485
1837;200
1840;0
1835;554
1840;18
1840;56
1840;0
1840;0
1841;0
1840;0
1839;0
1841;0
1841;0
1839;0
1839;0
1839;0
1839;0
1840;0
1840;0
1841;0
1841;0
1841;0
1840;245
1826;466
1826;687
1826;417
1826;374
1826;417
1826;416
1826;431
1826;457
1826;500
1826;349
1826;563
1826;456
1826;315
1826;129
1826;562
1826;523
1826;200
1826;458
1826;530
1826;807
1826;339
1826;483
1826;431
1826;555
1826;475
1826;373
1826;495
1826;576
1826;547
1826;397
1826;552
1826;458
1826;621
1826;428
1826;639
1826;356
1826;333
1826;564
1826;513
1826;476
1826;450
1826;245
1826;319
1826;395
1826;369
1826;406
1826;500
1826;522
1826;347
1826;299
1826;397
1826;402
1826;224
1826;337
1826;550
1826;416
1826;591
1826;529
1826;487
1826;232
1826;515
1826;556
1826;520
1826;248
1826;212
1826;665
1826;340
1828;270
1828;367
1828;591
1828;420
1828;487
1828;136
1828;237
1828;397
1828;463
1828;292
1828;325
1828;260
1828;558
1828;284
1828;411
1828;350
1828;220
1828;441
1828;300
1828;561
1844;673
1844;700
1844;208
1844;131
1844;662
1844;101
1844;356
1844;371
1844;67
1844;329
1844;391
1844;425
1844;530
1844;442
1844;389
1844;685
1844;607
1844;442
1844;447
1844;600
1844;224
1844;800
1844;378
1844;538
1844;175
1844;543
1844;373
1844;537
1844;555
1844;629
1845;0
1844;0
1845;0
1845;0
1845;0
1845;0
1845;0
1845;0
1845;438
1845;0
1845;0
1845;0
1845;0
1845;0
1845;0
1845;0
1845;0
1845;0
1845;0
1845;0
1845;70
1845;421
1845;0
1845;312
1845;0
1845;0
1843;298
1843;0
1843;0
1843;0
1844;0
1845;308
1845;308
1845;490
1845;490
1845;308
1844;256
1844;133
1844;267
1844;422
1844;622
1844;0
1845;0
1845;705
1845;680
1845;0
1845;0
1845;0
1845;0
1845;590
1845;0
1845;0
1845;0
1845;0
1845;0
1845;0
1845;0
1845;0
1846;0
1846;0
1846;0
1845;0
1845;0
1845;0
1845;499
1845;331
1845;535
1845;535
1845;110
1845;267
1845;561
1845;448
1845;475
1845;247
1845;419
1845;425
1845;717
1845;219
1845;464
1845;717
1845;740
1845;403
1845;306
1845;559
1845;257
1845;175
1845;422
1845;464
1845;211
1845;632
1845;552
1845;429
1845;662
1845;442
1845;443
1845;220
1845;186
1845;333
1845;263
1845;458
1845;219
1845;199
1845;602
1845;313
1845;219
1845;497
1845;0
1845;0
1845;311
1845;0
1846;572
1845;0
1845;0
1845;0
1845;0
1846;549
1845;0
1845;0
1845;0
1845;0
1846;0
1845;0
1845;0
1846;0
1846;0
1846;0
1846;0
1846;0
1846;0
1846;0
1846;0
1846;0
1846;0
1846;0
1845;0
1846;545
1846;0
1846;0
1846;0
1846;0
1846;673
1846;719
1845;530
1846;903
1846;178
1846;1400
1846;384
1846;539
1846;104
1846;567
1846;574
1846;267
1845;181
1846;203
1846;200
1847;0
1846;0
1846;0
1846;556
1847;0
1847;0
1847;517
1847;0
1847;0
1847;305
1847;0
1847;214
1847;0
1847;0
1847;0
1847;608
1847;57
1847;0
1847;460
1847;225
1847;189
1847;22
1847;0
1847;264
1847;0
1847;378
1846;0
1846;0
1846;0
1846;0
1846;0
1846;0
1846;0
1846;0
1846;546
1846;0
1846;0
1846;0
1846;0
1846;0
1846;0
1846;0
1847;0
1847;0
1847;0
1847;0
1847;0
1847;0
1847;0
1847;0
1847;0
1847;0
1847;0
1847;0
1847;0
1847;0
1847;0
1847;0
1847;0
1847;0
1847;0
1847;0
1847;0
1847;0
1847;0
1847;0
1847;0
1847;0
1847;0
1847;237
1847;0
1848;972
1848;365
1848;155
1847;747
1847;852
1847;1
1847;0
1848;0
1847;0
1848;0
1848;403
1848;270
1848;0
1848;501
1848;522
1848;0
1848;0
1848;538
1847;0
1847;0
1847;0
1847;0
1848;0
1847;0
1848;0
1847;0
1847;0
1848;0
1848;0
1848;0
1848;0
1848;0
1849;550
1848;0
1848;0
1848;0
1848;0
1847;0
1848;0
1848;0
1848;0
1848;0
1848;354
1848;0
1848;0
1848;0
1848;0
1848;495
1848;275
1848;0
1848;0
1848;250
1848;0
1848;0
1848;0
1848;0
1848;0
1848;0
1848;0
1848;0
1848;0
1848;0
1848;0
1848;0
1848;379
1848;527
1848;0
1848;0
1848;0
1848;0
1848;29
1848;0
1848;427
1848;0
1848;0
1848;0
1848;12
1848;0
1848;0
1848;0
1848;0
1848;0
1848;0
1848;303
1848;337
1848;546
1848;0
1848;0
1848;0
1848;0
1848;288
1848;0
1848;0
1848;703
1848;388
1848;717
1848;444
1848;683
1848;571
1848;476
1848;535
1848;497
1848;1247
1848;307
1848;303
1848;726
1848;243
1848;380
1848;719
1848;467
1848;361
1848;50
1848;478
1848;190
1848;511
1848;240
1848;313
1848;480
1848;556
1848;386
1848;667
1848;481
1848;230
1848;118
1848;490
1848;311
1848;628
1848;411
1848;530
1848;352
1848;375
1848;0
1848;0
1848;0
1849;0
1849;322
1849;0
1848;0
1849;0
1849;622
1849;0
1849;0
1848;0
1848;0
1848;0
1849;0
1849;785
1849;405
1849;559
1849;0
1849;0
1849;0
1849;180
1849;0
1849;0
1849;334
1849;0
1849;0
1849;597
1849;0
1849;0
1849;0
1849;0
1849;0
1849;0
1849;0
1849;0
1849;0
1849;0
1849;0
1849;0
1849;0
1849;0
1849;0
1849;0
1849;486
1850;430
1850;807
1850;603
1850;600
1843;546
1843;0
1843;0
1843;0
1844;311
1844;0
1844;0
1844;0
1844;336
1844;0
1844;0
1844;490
1844;350
1844;144
1844;589
1844;211
1844;118
1844;111
1844;559
1844;308
1844;467
1844;646
1844;630
1844;250
1844;447
1844;476
1844;0
1820;0
1844;0
1844;0
1845;92
1844;345
1844;0
1844;0
1844;0
1844;0
1844;0
1844;349
1844;0
1844;0
1844;0
1844;40
1844;403
1844;0
1844;0
1844;179
1844;0
1844;331
1844;972
1844;1147
1844;389
1844;608
1844;316
1844;853
1844;329
1844;307
1844;447
1844;442
1844;78
1844;442
1844;307
1844;444
1844;662
1844;326
1844;222
1844;304
1844;334
1844;630
1844;335
1844;72
1844;118
1844;98
1844;284
1844;314
1844;306
1844;556
1844;333
1844;500
1844;400
1844;442
1844;650
1844;325
1844;247
1844;247
1844;0
1844;0
1844;0
1844;0
1845;7
1845;0
1845;0
1845;0
1845;0
1845;0
1845;0
1845;0
1846;0
1846;0
1846;0
1846;0
1847;0
1848;0
1849;86
1849;795
1849;464
1849;500
1849;895
1849;345
1849;278
1849;307
1849;167
1849;442
1849;640
1849;444
1849;380
1849;497
1849;423
1849;167
1849;333
1849;567
1849;307
1849;208
1849;437
1849;497
1849;211
1849;580
1848;1574
1848;1159
1848;656
1848;500
1848;400
1848;662
1848;1519
1848;311
1848;475
1848;717
1848;389
1848;233
1848;500
1848;356
1848;422
1848;389
1848;1026
1848;556
1848;77
1848;662
1848;372
1848;550
1848;441
1848;1150
1848;434
1848;278
1848;717
1848;773
1848;389
1848;254
1848;773
1848;400
1848;600
1848;489
1848;714
1848;719
1848;481
1848;673
1849;0
1850;0
1850;152
1850;245
1850;270
1850;341
1850;0
1850;256
1850;237
1850;0
1850;279
1850;0
1849;439
1849;0
1849;0
1849;0
1849;0
1849;0
1850;0
1850;0
1850;455
1849;0
1850;0
1850;0
1850;751
1850;0
1850;537
1850;0
1850;0
1850;862
1850;0
1850;0
1850;0
1850;0
1850;0
1850;0
1850;0
1850;0
1850;0
1850;0
1850;0
1850;0
1850;0
1850;0
1850;0
1850;0
1850;182
1850;0
1850;0
1850;0
1850;0
1850;0
1850;0
1850;0
1850;0
1850;0
1850;0
1850;0
1850;0
1850;0
1850;687
1850;883
1850;0
1850;0
1850;0
1850;0
1850;0
1850;0
1850;0
1850;0
1850;0
1850;623
1849;365
1849;883
1849;547
1849;444
1849;1130
1849;547
1849;790
1849;365
1849;328
1849;608
1849;533
1849;889
1849;1094
1849;972
1849;784
1849;972
1849;1033
1849;1094
1849;365
1849;667
1849;817
1849;608
1849;972
1849;817
1849;972
1849;607
1849;1034
1849;844
1849;965
1849;800
1849;667
1849;753
1849;707
1849;802
1849;620
1849;591
1849;533
1849;425
1849;608
1849;656
1849;425
1849;219
1849;498
1849;790
1849;1574
1849;667
1849;1276
1849;583
1849;464
1849;1070
1849;662
1849;680
1849;324
1849;386
1849;500
1849;972
1849;498
1849;729
1849;786
1849;117
1849;227
1849;663
1849;122
1849;727
1849;761
1849;883
1849;993
1849;537
1849;476
1849;1030
1849;518
1852;550
1853;0
1853;0
1853;0
1852;0
1851;0
1853;729
1853;480
1853;1350
1853;831
1853;350
1853;334
1853;1487
1853;778
1853;720
1853;428
1853;325
1853;729
1853;309
1853;189
1853;722
1853;365
1853;588
1853;667
1854;0
1854;0
1854;851
1854;778
1854;360
1854;729
1854;425
1854;790
1854;486
1854;365
1854;656
1854;600
1854;665
1854;450
1854;405
1854;802
1855;504
1855;207
1855;576
1855;547
1855;612
1855;425
1855;600
1855;110
1855;486
1855;480
1855;623
1855;472
1856;425
1856;632
1856;329
1856;729
1856;383
1856;608
1856;335
1856;365
1856;728
1856;667
1856;556
1856;539
1856;369
1856;486
1856;365
1857;480
1857;549
1857;283
1857;785
1857;525
1857;588
1857;500
1857;490
1857;547
1857;470
1857;588
1857;365
1857;543
1857;535
1857;133
1857;620
1857;600
1857;401
1857;221
1857;300
1857;486
1857;486
1857;651
1857;70
1857;221
1857;0
1857;0
1857;0
1857;0
1857;1200
1857;0
1857;193
1857;0
1857;0
1857;0
1857;0
1857;0
1857;0
1857;0
1856;0
1857;0
1858;0
1858;0
1857;970
1857;0
1858;0
1858;0
1858;0
1858;0
1858;0
1858;0
1858;654
1858;444
1858;621
1858;533
1858;800
1858;351
1858;600
1858;444
1858;1047
1858;1100
1858;450
1858;1145
1858;0
1858;550
1858;700
1858;2024
1858;800
1858;357
1858;1160
1858;1086
1859;650
1859;437
1859;543
1859;624
1859;729
1859;1889
1859;1889
1859;740
1859;573
1859;944
1859;439
1859;425
1859;578
1859;480
1859;785
1859;941
1859;365
1859;340
1859;1068
1859;965
1859;1970
1859;851
1859;413
1859;822
1859;377
1859;667
1859;420
1859;384
1859;650
1859;972
1859;486
1859;608
1859;539
1859;804
1859;501
1859;833
1859;683
1859;600
1859;0
1860;0
1860;0
1861;840
1860;0
1861;0
1861;0
1861;550
1861;0
1860;720
1860;486
1860;785
1860;729
1860;547
1860;486
1860;608
1860;672
1860;1250
1860;480
1860;722
1860;608
1860;667
1860;802
1860;724
1860;633
1860;882
1860;480
1860;608
1860;386
1860;650
1860;418
1860;744
1860;386
1860;987
1860;436
1860;425
1860;243
1860;729
1860;729
1860;543
1860;416
1860;1008
1860;1108
1860;486
1860;495
1860;637
1861;714
1861;725
1861;785
1861;1047
1861;608
1861;838
1861;486
1861;400
1861;802
1861;832
1861;1239
1861;584
1861;729
1861;691
1861;725
1865;152
1865;780
1861;654
1861;274
1861;911
1861;757
1847;458
1847;729
1847;547
1846;466
1849;55
1849;467
1849;438
1849;365
1849;644
1849;790
1849;535
1849;535
1849;535
1849;464
1849;547
1849;340
1849;389
1849;486
1849;304
1849;729
1849;243
1850;294
1850;323
1850;600
1857;760
1850;400
1850;486
1850;203
1851;744
1851;334
1851;608
1851;1111
1851;447
1851;741
1851;243
1851;70
1851;2
1850;0
1851;56
1851;266
1851;371
1851;0
1852;559
1852;608
1852;1000
1852;761
1852;389
1852;612
1852;428
1852;486
1852;180
1852;291
1852;729
1852;941
1851;0
1851;184
1851;0
1851;0
1851;0
1851;0
1846;526
1846;420
1846;455
1846;400
1846;436
1847;497
1847;1043
1847;530
1847;507
1847;467
1847;1065
1847;86
1847;167
1847;445
1847;500
1847;556
1847;559
1847;533
1847;980
1847;117
1847;471
1847;402
1847;556
1847;895
1847;291
1847;356
1847;500
1847;837
1847;497
1850;340
1850;389
1850;333
1850;550
1850;211
1850;574
1850;459
1850;178
1850;533
1850;364
1850;333
1850;278
1850;366
1850;389
1850;500
1850;333
1850;222
1850;347
1850;222
1850;333
1850;759
1850;334
1850;433
1850;445
1850;500
1850;230
1850;817
1850;680
1850;811
1850;618
1850;702
1850;489
1850;553
1850;611
1850;680
1850;717
1850;533
1850;556
1850;556
1850;342
1850;850
1850;981
1850;856
1850;820
1850;721
1850;445
1850;667
1850;328
1850;683
1850;556
1852;0
1851;0
1853;0
1850;0
1850;0
1849;0
1852;0
1844;0
1844;411
1844;378
1860;0
1860;897
1861;619
1860;705
1861;750
1847;317
1845;0
1845;0
1845;0
1845;0
1845;0
1844;0
1845;0
1845;535
1850;0
1850;0
1850;0
1851;0
1850;0
1850;0
1850;94
1850;0
1850;0
1850;0
1844;662
1844;0
1844;411
1845;0
1845;719
1845;0
1843;337
1845;0
1843;0
1843;0
1845;0
1845;0
1845;0
1845;442
1846;600
1846;552
1846;319
1846;149
1846;319
1846;576
1847;1545
1847;307
1847;411
1847;411
1847;411
1845;0
1845;0
1845;0
1845;0
1845;572
1845;0
1845;0
1845;354
1845;0
1845;0
1846;0
1846;0
1846;0
1846;0
1846;275
1846;0
1847;0
1847;0
1847;0
1847;0
1846;195
1847;0
1847;0
1847;311
1846;0
1847;0
1847;0
1847;0
1847;0
1847;0
1847;0
1847;650
1848;0
1848;0
1848;0
1848;490
1848;0
1849;0
1849;0
1849;0
1849;0
1849;0
1849;0
1849;317
1849;236
1849;0
1849;0
1849;317
1849;491
1849;0
1849;0
1846;0
1846;0
1846;0
1846;0
1845;300
1850;608
1847;0
1847;0
1850;0
1850;0
1850;0
1850;0
1850;284
1850;231
1850;0
1849;580
1849;254
1850;511
1851;0
1852;0
1851;0
1850;0
1851;549
1850;354
1851;640
1851;720
1851;820
1852;0
1854;0
1854;401
1850;1200
1858;0
1858;0
1858;0
1858;0
1858;0
1859;0
1859;0
1859;0
1859;0
1859;0
1859;0
1859;0
1859;0
1859;519
1859;0
1859;874
1859;0
1860;594
1860;0
1860;0
1861;0
1861;870
1861;272
1861;491
1861;0
1861;0
1862;511
1862;0
1862;0
1862;558
1862;296
1862;0
1862;0
1862;0
1862;0
1862;0
1862;0
1863;473
1863;584
1865;0
1864;0
1864;0
1864;0
1862;0
1859;0
1859;0
1859;0
1859;0
1859;0
1859;469
1861;593
1861;0
1861;0
1862;0
1862;0
1863;500
1862;0
1864;0
1864;0
1861;365
1861;486
1861;982
1861;222
1862;456
1862;327
1862;547
1862;710
1862;1500
1862;981
1862;624
1862;916
1862;559
1862;1763
1862;595
1862;1500
1862;1007
1862;780
1863;456
1863;701
1863;708
1863;941
1857;603
1857;0
1850;323
1857;0
1858;0
1859;0
1859;0
1860;0
1860;846
1861;0
1862;0
1863;0
1862;0
1862;0
1864;0
1864;0
1864;0
1863;329
1862;0
1855;0
1856;0
1856;489
1856;0
1851;0
1866;0
1866;0
1850;307
1851;600
1849;411
1850;0
1850;307
1859;0
1859;0
1859;673
1858;0
1859;673
1856;0
1858;0
1859;0
1860;561
1860;0
1860;0
1860;0
1858;0
1857;0
1853;0
1852;0
1853;0
1854;0
1845;913
1845;0
1851;657
1851;588
1851;303
1851;700
1851;123
1851;300
1851;402
1851;286
1851;600
1852;73
1852;0
1852;588
1844;0
1852;0
1853;0
1845;0
1845;0
1845;489
1846;489
1847;0
1847;914
1847;530
1848;0
1849;0
1848;0
1849;0
1861;0
1861;961
1861;0
1861;0
1854;5
1854;408
1861;759
1858;0
1854;384
1854;693
1854;682
1859;0
1821;167
1820;0
1856;517
1855;0
1855;561
1856;489
1858;0
1858;0
1858;487
1859;673
1859;1050
1858;329
1859;0
1859;1701
1861;0
1861;0
1862;759
1862;0
1862;203
1863;1109
1863;394
1864;673
1864;714
1864;750
1864;700
1833;490
1864;3
1865;0
1866;851
1833;284
1833;307
1833;490
1829;535
1836;490
1836;490
1847;515
1847;0
1827;590
1827;460
1827;285
1827;336
1827;556
1828;523
1828;268
1829;281
1829;475
1829;529
1829;344
1830;430
1830;288
1864;588
1843;0
1829;307
1840;1
1857;310
1816;382
1818;102
1811;157
1826;382
1840;0
1841;0
1846;60
1848;535
1848;535
1838;300
1818;112
1838;138
1865;1265
1842;63
1838;411
1839;0
1821;56
1539;359
1584;359
1586;359
1592;359
1819;209
1857;372
1862;580
1818;240
1818;247
1818;35
1799;150
1831;324
1844;104
1519;150
1841;0
1841;0
1841;0
1841;0
1841;1
1841;0
1841;0
1841;105
1842;0
1842;0
1842;0
1842;0
1843;0
1843;0
1843;0
1843;0
1843;0
1843;569
1844;0
1844;0
1842;0
1846;4
1846;0
1846;0
1859;641
1859;0
1837;240
1838;535
1841;215
1818;214
1516;2
1811;192
1811;281
1811;528
1811;332
1811;537
1811;230
1811;593
1811;442
1811;399
1811;501
1811;142
1811;550
1811;381
1811;464
1811;553
1811;654
1811;605
1811;371
1811;226
1811;123
1811;421
1811;547
1811;374
1811;524
1811;555
1811;323
1811;77
1811;688
1811;393
1811;530
1811;632
1811;765
1811;700
1811;640
1811;142
1811;434
1811;673
1811;354
1811;451
1811;596
1811;569
1811;308
1812;210
1812;531
1812;177
1812;580
1812;601
1812;520
1812;141
1812;554
1812;592
1812;262
1812;502
1812;172
1812;469
1812;355
1812;606
1812;424
1812;500
1812;403
1812;486
1812;258
1812;469
1812;478
1812;578
1812;124
1812;566
1812;534
1812;429
1812;328
1812;430
1812;533
1812;249
1812;552
1812;440
1812;485
1812;601
1812;526
1812;234
1812;645
1812;497
1812;332
1812;346
1812;620
1812;239
1812;163
1813;254
1813;451
1813;416
1813;640
1813;754
1813;260
1813;330
1813;277
1813;440
1813;447
1813;787
1813;353
1813;689
1813;555
1813;221
1813;325
1813;376
1813;557
1813;257
1813;772
1813;632
1813;383
1813;241
1813;516
1813;732
1813;566
1813;269
1813;648
1813;584
1813;181
1813;699
1813;487
1813;358
1813;228
1813;558
1813;281
1813;611
1813;675
1813;461
1814;328
1814;566
1814;597
1814;420
1814;351
1814;317
1814;397
1814;445
1814;490
1814;526
1814;393
1814;272
1814;529
1814;457
1814;196
1814;330
1814;500
1814;595
1814;288
1814;506
1814;518
1814;337
1814;423
1814;630
1814;657
1814;454
1816;514
1816;490
1816;436
1816;482
1816;862
1816;358
1816;589
1816;368
1816;377
1816;574
1816;620
1816;317
1816;479
1816;471
1816;496
1816;776
1816;480
1816;613
1816;539
1816;553
1816;499
1816;594
1816;436
1816;554
1816;543
1816;502
1816;465
1816;794
1816;493
1816;541
1816;488
1816;565
1816;807
1816;257
1816;479
1816;478
1816;552
1816;521
1816;461
1816;456
1816;480
1816;535
1819;599
1819;435
1819;330
1819;254
1819;258
1819;223
1819;322
1819;389
1819;530
1819;867
1819;256
1819;229
1819;286
1819;124
1819;236
1819;374
1819;167
1819;223
1819;325
1819;387
1819;301
1819;251
1819;434
1819;328
1819;365
1819;215
1819;221
1819;442
1819;531
1819;475
1819;270
1819;285
1819;304
1819;328
1819;380
1819;200
1819;261
1819;392
1819;598
1819;392
1819;407
1819;563
1819;396
1819;308
1819;450
1819;532
1819;583
1819;570
1819;428
1819;345
1815;449
1815;444
1815;455
1815;448
1815;448
1815;448
1815;448
1815;457
1815;551
1815;552
1815;566
1815;557
1815;551
1815;556
1815;550
1815;565
1815;556
1815;556
1815;550
1815;514
1815;556
1815;688
1815;541
1815;427
1815;551
1815;555
1815;540
1815;476
1815;333
1815;687
1815;492
1815;483
1811;520
1811;162
1811;192
1811;426
1811;242
1811;209
1811;437
1811;365
1811;197
1811;265
1811;164
1811;357
1811;439
1811;341
1811;347
1811;169
1812;143
1812;419
1812;605
1812;252
1812;245
1812;290
1812;432
1812;377
1812;538
1812;276
1812;241
1812;239
1812;317
1812;321
1812;387
1813;105
1812;377
1812;504
1812;240
1812;435
1812;319
1812;216
1812;399
1812;331
1812;418
1812;239
1813;148
1813;90
1813;350
1813;307
1813;170
1813;461
1813;514
1813;394
1813;210
1813;188
1813;526
1813;371
1813;200
1813;83
1813;274
1813;666
1813;315
1813;128
1813;194
1813;558
1813;428
1813;512
1814;558
1814;502
1814;373
1814;244
1814;330
1814;453
1814;220
1814;252
1814;229
1814;136
1814;212
1814;347
1815;403
1815;164
1815;345
1815;285
1815;534
1815;191
1815;261
1815;437
1815;173
1815;200
1815;302
1815;244
1815;545
1815;461
1815;418
1815;569
1815;240
1815;312
1815;330
1815;393
1815;340
1816;354
1816;304
1816;208
1816;409
1816;512
1816;400
1816;315
1816;242
1816;423
1816;441
1816;579
1821;400
1821;276
1821;342
1821;87
1816;298
1808;168
1812;25
1812;112
1812;25
1812;11
1812;166
1812;562
1812;270
1812;19
1814;600
1814;277
1815;0
1815;137
1815;252
1815;0
1815;48
1815;1
1813;158
1815;74
1813;0
1809;130
1816;46
1814;64
1814;39
1814;164
1815;0
1815;20
1815;0
1815;0
1815;0
1814;72
1814;69
1814;0
1814;0
1814;0
1814;73
1814;434
1811;0
1808;68
1808;8
1808;8
1809;5
1809;3
1810;0
1811;140
1811;0
1810;87
1810;0
1811;351
1810;131
1810;0
1810;65
1810;67
1810;186
1809;18
1813;1
1813;0
1816;0
1816;316
1816;0
1816;0
1816;35
1816;56
1816;13
1816;0
1816;0
1812;64
1812;83
1811;23
1811;107
1811;14
1812;20
1812;400
1813;106
1813;0
1812;81
1811;0
1811;72
1811;43
1810;113
1810;84
1810;129
1810;0
1816;93
1816;466
1816;276
1816;600
1816;0
1816;0
1816;19
1816;118
1816;11
1816;0
1816;282
1816;0
1816;0
1816;549
1816;0
1817;32
1817;182
1817;0
1817;274
1817;74
1817;20
1816;0
1817;280
1818;6
1824;99
1810;95
1815;0
1815;33
1811;0
1811;0
1812;61
1812;136
1810;203
1810;0
1810;0
1808;326
1810;30
1810;54
1810;319
1815;0
1815;68
1815;308
1815;0
1815;0
1815;0
1815;130
1815;1
1815;263
1815;364
1815;0
1813;58
1813;57
1813;55
1820;0
1812;550
1811;0
1810;31
1811;11
1810;167
1810;87
1811;275
1807;108
1812;114
1812;47
1812;49
1812;67
1812;220
1811;106
1812;273
1811;170
1817;32
1819;388
1817;400
1817;457
1818;237
1812;642
1814;530
1819;150
1810;0
1811;0
1811;0
1811;219
1809;0
1812;506
1811;127
1814;512
1816;0
1816;0
1840;0
1811;241
1813;146
1804;162
1798;714
1805;652
1803;475
1804;816
1804;370
1770;386
1795;386
1796;22
1795;540
1795;536
1794;353
1794;258
1794;353
1795;382
1795;535
1793;353
1793;353
1793;364
1792;353
1791;353
1791;354
1736;301
1736;301
1736;301
1737;465
1737;682
1739;465
1739;301
1742;465
1742;301
1742;465
1743;679
1743;465
1743;301
1743;301
1743;316
1743;492
1743;386
1743;301
1743;301
1744;465
1744;301
1744;465
1745;211
1745;492
1745;465
1745;211
1745;301
1745;465
1745;465
1745;121
1745;465
1745;301
1745;301
1745;301
1746;211
1746;301
1746;465
1746;492
1747;492
1747;301
1748;465
1748;301
1749;465
1750;465
1750;301
1750;301
1750;260
1750;316
1751;316
1751;316
1751;211
1751;211
1751;253
1752;316
1752;253
1753;244
1753;253
1754;297
1754;316
1755;211
1755;297
1755;316
1756;297
1756;297
1756;316
1756;297
1756;316
1756;297
1757;297
1757;316
1757;297
1757;253
1758;316
1758;297
1758;297
1759;297
1759;253
1760;316
1760;253
1760;316
1760;505
1760;212
1761;297
1761;297
1762;253
1764;297
1766;297
1767;316
1768;253
1769;297
1770;297
1770;211
1774;211
1774;253
1774;297
1774;20
1774;297
1774;297
1774;297
1774;297
1781;353
1781;353
1781;353
1781;353
1781;353
1781;353
1782;353
1781;353
1781;353
1782;353
1782;353
1782;353
1782;353
1782;353
1782;353
1782;353
1782;353
1782;353
1782;353
1783;353
1783;353
1783;353
1783;353
1783;353
1783;353
1783;258
1783;353
1784;353
1784;353
1784;353
1784;353
1784;353
1784;353
1784;353
1784;353
1784;353
1784;353
1784;353
1785;353
1785;353
1785;353
1785;353
1785;353
1785;353
1785;353
1785;353
1785;353
1786;353
1786;353
1786;353
1786;353
1786;353
1786;353
1786;354
1786;353
1787;353
1787;353
1787;353
1787;258
1787;271
1787;353
1787;353
1787;353
1787;353
1788;353
1788;353
1788;353
1788;353
1788;353
1788;353
1789;127
1788;353
1788;353
1789;353
1789;353
1789;353
1789;353
1789;353
1789;353
1789;353
1789;353
1789;353
1789;353
1789;353
1789;353
1790;353
1790;258
1790;353
1791;240
1790;271
1790;353
1791;353
1791;353
1791;353
1791;435
1791;353
1791;353
1791;353
1792;353
1792;353
1792;381
1792;353
1792;271
1792;353
1792;363
1792;353
1792;353
1792;353
1793;353
1792;271
1793;353
1793;353
1793;353
1793;353
1793;353
1793;492
1793;271
1793;363
1793;353
1794;353
1794;353
1794;353
1794;353
1794;353
1794;353
1794;353
1794;353
1794;363
1794;353
1794;353
1794;353
1794;353
1795;353
1795;363
1795;353
1795;353
1795;363
1796;508
1796;353
1796;424
1796;353
1796;353
1796;353
1797;353
1797;271
1796;353
1797;353
1797;353
1797;363
1797;353
1797;353
1797;353
1797;353
1797;363
1798;539
1799;310
1799;575
1799;401
1800;271
1800;580
1801;603
1801;431
1801;562
1801;596
1801;494
1801;530
1801;582
1801;392
1801;540
1802;544
1803;390
1804;545
1803;513
1804;456
1804;475
1804;587
1804;530
1805;874
1804;592
1805;487
1805;469
1805;592
1806;388
1806;617
1806;691
1806;390
1807;553
1807;617
1807;530
1807;239
1808;390
1808;390
1750;406
1794;408
1794;420
1794;433
1794;376
1794;400
1794;524
1794;419
1794;419
1794;502
1794;526
1794;520
1794;513
1794;175
1794;381
1794;437
1794;415
1794;433
1794;553
1794;400
1794;500
1794;384
1794;355
1749;330
1747;218
1747;423
1747;322
1741;258
1741;442
1742;344
1742;554
1744;208
1744;308
1744;275
1744;508
1738;301
1655;86
1656;20
1656;705
1656;17
1656;23
1734;503
1738;342
1738;169
1738;514
1738;391
1738;292
1723;260
1723;465
1723;118
1723;118
1723;492
1723;118
1723;465
1723;357
1723;465
1723;118
1723;492
1723;118
1723;357
1723;212
1723;492
1723;465
1723;212
1723;292
1724;118
1724;212
1724;465
1724;118
1724;386
1724;118
1724;118
1724;129
1724;118
1724;260
1724;492
1724;507
1724;492
1724;118
1724;465
1724;492
1724;492
1725;492
1725;492
1725;260
1725;121
1725;465
1725;301
1725;260
1725;465
1725;260
1725;492
1725;118
1725;118
1725;357
1725;118
1725;212
1725;118
1725;118
1725;465
1725;465
1725;260
1725;465
1725;386
1726;300
1726;294
1726;606
1726;168
1726;407
1726;175
1726;358
1726;248
1726;434
1726;296
1726;380
1726;305
1726;236
1726;314
1726;840
1726;305
1726;318
1726;297
1726;542
1726;552
1726;522
1727;320
1727;221
1727;524
1727;420
1727;330
1727;251
1727;516
1727;700
1727;462
1727;314
1727;460
1727;330
1727;300
1727;318
1727;400
1727;472
1727;300
1727;232
1727;402
1728;448
1728;420
1728;445
1728;220
1728;480
1728;552
1728;330
1728;700
1728;462
1728;400
1728;221
1728;342
1728;477
1728;307
1728;340
1728;396
1728;516
1728;336
1728;500
1728;304
1728;385
1729;399
1731;318
1731;253
1731;887
1731;500
1731;197
1731;300
1731;264
1731;380
1731;442
1731;360
1731;258
1731;460
1731;275
1731;231
1731;290
1731;393
1734;321
1734;375
1734;201
1734;269
1734;385
1734;379
1734;342
1734;662
1734;387
1734;468
1734;338
1734;526
1734;333
1734;381
1734;493
1734;694
1734;348
1734;351
1734;540
1734;326
1734;302
1734;514
1734;378
1734;456
1734;340
1738;397
1738;456
1738;368
1738;503
1738;574
1738;332
1738;552
1738;778
1738;530
1738;416
1738;439
1738;383
1738;491
1738;411
1738;466
1738;389
1738;281
1739;425
1738;619
1740;239
1740;511
1740;427
1740;336
1740;333
1740;367
1740;472
1740;377
1740;363
1740;341
1740;343
1740;314
1740;346
1740;481
1740;448
1740;450
1740;451
1740;552
1740;321
1740;283
1740;373
1740;356
1741;267
1741;416
1741;356
1741;313
1741;390
1741;559
1741;276
1741;469
1741;366
1741;328
1741;402
1741;430
1741;352
1741;529
1741;387
1741;434
1741;517
1741;449
1741;437
1741;387
1741;366
1742;408
1741;320
1742;529
1742;336
1742;458
1742;570
1742;518
1742;426
1742;325
1742;466
1742;436
1742;303
1742;644
1742;561
1742;515
1742;439
1742;385
1742;431
1742;342
1742;527
1742;339
1742;426
1742;450
1743;433
1743;283
1742;449
1744;396
1744;462
1744;441
1744;637
1744;325
1744;500
1744;419
1744;508
1744;297
1744;340
1744;526
1744;475
1744;379
1744;484
1744;398
1744;427
1744;449
1744;367
1744;653
1744;365
1747;224
1747;602
1747;167
1747;418
1747;367
1747;426
1747;388
1747;466
1747;412
1747;25
1747;369
1747;435
1747;333
1747;371
1747;273
1747;238
1747;523
1747;397
1747;484
1747;352
1747;261
1747;406
1747;541
1748;406
1748;500
1747;510
1748;218
1748;693
1748;458
1748;409
1748;508
1748;515
1748;687
1748;386
1748;270
1748;487
1748;386
1748;419
1748;425
1748;350
1748;201
1748;252
1748;346
1748;507
1748;365
1748;419
1748;498
1748;360
1748;129
1748;164
1748;460
1748;249
1748;480
1748;287
1748;680
1749;272
1749;741
1749;448
1749;118
1749;397
1749;495
1749;355
1749;204
1749;399
1749;311
1749;504
1749;449
1749;339
1749;621
1749;369
1749;356
1749;232
1749;316
1749;381
1749;328
1749;445
1749;408
1749;319
1749;423
1749;593
1750;225
1758;463
1758;404
1758;291
1758;350
1758;359
1758;637
1758;562
1758;242
1758;386
1758;490
1758;315
1758;500
1758;333
1758;294
1758;478
1758;545
1758;519
1758;495
1758;629
1758;229
1758;551
1758;371
1758;243
1758;371
1762;447
1762;306
1764;446
1762;180
1762;514
1762;433
1762;239
1762;705
1762;227
1762;314
1762;488
1762;424
1762;414
1762;295
1762;536
1762;504
1762;472
1762;371
1762;370
1762;253
1762;235
1762;406
1762;359
1763;550
1763;380
1763;346
1763;414
1763;301
1763;270
1763;279
1763;346
1763;432
1763;351
1763;309
1763;240
1763;580
1763;422
1763;376
1763;276
1763;400
1763;371
1763;404
1763;252
1764;345
1764;512
1764;326
1764;526
1764;412
1764;317
1764;84
1764;557
1764;457
1764;351
1764;472
1764;275
1764;554
1764;386
1764;403
1764;519
1765;706
1765;506
1765;376
1765;409
1765;347
1765;521
1765;401
1765;245
1765;344
1765;408
1765;225
1765;323
1765;308
1765;442
1765;362
1765;467
1765;458
1765;564
1765;435
1765;383
1765;448
1765;405
1765;483
1765;371
1765;369
1765;303
1765;340
1766;429
1766;392
1766;441
1766;344
1766;388
1766;403
1766;427
1766;222
1766;352
1766;520
1766;433
1766;365
1766;521
1766;251
1766;302
1766;337
1766;446
1766;346
1766;236
1766;553
1766;385
1766;375
1766;371
1767;224
1766;427
1767;361
1767;386
1767;463
1767;514
1767;426
1767;320
1767;229
1767;403
1767;351
1767;350
1767;301
1767;580
1767;300
1767;248
1767;259
1767;407
1767;403
1767;356
1767;403
1767;388
1767;224
1767;467
1767;295
1767;322
1768;263
1767;367
1769;301
1769;400
1769;290
1769;301
1769;325
1769;377
1769;345
1769;306
1769;405
1769;227
1769;258
1769;353
1769;353
1769;329
1769;336
1769;365
1769;462
1771;253
1771;297
1771;253
1771;253
1771;407
1771;212
1771;354
1771;316
1771;253
1771;211
1771;253
1771;349
1771;452
1771;297
1771;297
1771;466
1771;253
1771;297
1771;344
1771;212
1772;490
1786;354
1786;386
1756;94
1756;348
1757;154
1757;234
1757;508
1758;153
1758;189
1758;165
1758;182
1761;147
1761;171
1762;189
1762;141
1763;177
1763;185
1764;200
1765;176
1766;139
1767;163
1774;233
1774;178
1759;565
1776;488
1775;156
1775;204
1775;209
1749;245
1749;341
1771;286
1771;313
1771;453
1771;333
1771;365
1771;337
1771;288
1771;443
1771;311
1771;566
1771;452
1771;694
1645;404
1695;244
1695;244
1663;224
1663;373
1663;180
1663;229
1663;259
1663;9
1664;209
1664;242
1664;267
1664;280
1664;478
1664;294
1664;302
1664;112
1664;346
1664;256
1663;21
1663;251
1664;400
1664;316
1664;340
1665;259
1664;0
1664;0
1664;0
1665;298
1665;577
1664;0
1664;404
1664;278
1664;108
1662;0
1664;184
1664;251
1664;330
1664;215
1663;251
1664;321
1664;398
1663;351
1665;238
1663;179
1664;251
1663;316
1665;300
1665;622
1664;179
1666;316
1665;195
1665;275
1665;404
1664;316
1665;191
1664;204
1666;215
1664;404
1665;404
1665;316
1664;245
1664;179
1664;119
1665;278
1665;474
1665;316
1665;286
1665;129
1665;143
1665;268
1665;666
1665;251
1666;225
1666;170
1666;352
1666;293
1666;275
1666;210
1668;213
1665;232
1667;240
1667;272
1666;398
1666;576
1667;404
1666;147
1670;278
1672;149
1693;381
1689;657
1689;330
1689;291
1689;381
1689;226
1689;251
1688;404
1689;323
1688;316
1689;251
1684;282
1684;282
1684;410
1684;179
1685;560
1684;176
1685;376
1685;310
1685;379
1685;115
1685;362
1685;212
1685;260
1685;200
1688;380
1685;249
1686;166
1685;251
1685;254
1686;528
1687;84
1686;369
1686;404
1676;232
1675;91
1675;396
1675;521
1675;462
1675;333
1675;387
1675;563
1675;151
1675;407
1675;157
1675;301
1674;531
1675;104
1675;409
1694;600
1694;600
1693;413
1693;450
1693;111
1693;421
1692;635
1691;598
1692;208
1692;530
1694;400
1695;618
1694;650
1694;700
1695;202
1695;586
1695;133
1699;167
1699;629
1699;573
1698;151
1698;678
1698;360
1697;616
1697;562
1696;605
1702;247
1699;291
1700;224
1700;552
1700;376
1700;606
1700;375
1700;52
1700;169
1700;600
1700;450
1700;191
1701;356
1701;209
1705;141
1707;121
1706;430
1706;330
1706;104
1708;550
1708;531
1708;140
1708;603
1710;138
1708;180
1708;250
1708;300
1707;78
1707;222
1709;307
1711;200
1710;300
1710;306
1709;120
1708;301
1709;65
1709;491
1708;120
1708;64
1716;100
1723;138
1723;150
1702;176
1689;150
1690;555
1691;572
1691;174
1691;160
1688;120
1688;150
1689;300
1689;188
1689;282
1689;500
1689;562
1689;662
1689;415
1690;400
1687;281
1687;140
1688;250
1687;375
1687;524
1687;429
1687;464
1688;575
1688;430
1687;110
1688;467
1688;233
1685;384
1685;258
1686;267
1686;153
1686;651
1685;268
1686;170
1686;121
1686;366
1686;200
1686;319
1686;400
1686;218
1686;267
1686;201
1686;279
1686;535
1686;457
1686;180
1686;278
1686;200
1686;582
1686;624
1686;492
1686;426
1686;35
1686;217
1686;117
1686;77
1683;170
1683;196
1683;260
1683;531
1683;448
1684;330
1684;200
1684;343
1684;320
1684;610
1684;530
1684;230
1684;153
1684;397
1684;90
1684;311
1684;529
1684;651
1684;130
1684;270
1681;549
1681;320
1681;250
1681;66
1681;235
1681;479
1681;408
1682;280
1682;218
1682;230
1682;146
1681;469
1682;164
1682;24
1682;200
1682;315
1682;672
1682;100
1682;467
1682;686
1682;395
1680;551
1680;622
1680;307
1680;214
1680;560
1680;71
1680;410
1681;146
1681;213
1681;70
1681;288
1681;400
1681;550
1681;83
1681;227
1681;212
1681;40
1681;492
1681;500
1681;155
1681;232
1681;228
1681;529
1678;350
1678;497
1678;238
1678;209
1678;376
1678;417
1678;447
1678;465
1679;217
1679;311
1679;230
1679;207
1679;505
1679;51
1679;278
1679;151
1679;191
1679;209
1679;254
1679;356
1679;223
1679;320
1680;277
1680;251
1680;182
1680;565
1680;401
1680;708
1680;330
1680;170
1680;520
1680;207
1676;235
1676;302
1676;251
1676;133
1676;430
1676;250
1676;144
1676;315
1676;256
1676;600
1676;343
1676;400
1676;391
1677;475
1677;410
1677;173
1677;219
1677;512
1677;437
1677;194
1677;340
1677;611
1677;222
1678;219
1678;766
1678;418
1678;348
1678;199
1678;283
1673;275
1674;342
1674;215
1674;377
1674;399
1674;291
1674;327
1713;596
1715;596
1717;704
1719;595
1721;603
1723;455
1725;643
1727;0
1708;613
1710;713
1712;611
1715;601
1717;540
1719;719
1720;0
1676;524
1679;364
1689;415
1710;195
1715;166
1717;175
1677;467
1686;330
1706;524
1708;680
1710;520
1719;500
1724;427
1726;476
1728;476
1732;400
1700;111
1686;345
1692;497
1710;139
1722;615
1723;722
1726;442
1729;507
1731;753
1733;866
1736;710
1700;571
1702;524
1735;768
1739;809
1702;650
1705;635
1706;705
1691;512
1709;494
1714;467
1715;140
1717;467
1718;345
1727;563
1730;409
1733;563
1699;450
1696;594
1708;425
1710;472
1676;467
1704;171
1708;196
1700;188
1698;601
1707;534
1709;459
1704;513
1705;548
1685;524
1685;500
1687;541
1694;467
1720;132
1683;600
1707;536
1685;500
1693;525
1714;620
1689;539
1687;539
1676;467
1693;474
1695;467
1696;575
1698;570
1701;566
1693;731
1726;286
1734;618
1736;571
1701;500
1678;467
1722;0
1701;524
1703;542
1705;473
1707;559
1721;319
1723;340
1724;144
1726;385
1732;362
1733;360
1735;370
1736;375
1676;500
1685;474
1688;550
1691;781
1723;290
1715;546
1718;683
1720;335
1721;208
1723;176
1725;657
1716;153
1678;467
1682;524
1688;471
1689;500
1694;524
1698;536
1701;674
1726;217
1701;505
1716;257
1702;238
1703;0
1722;10
1685;373
1716;145
1685;467
1686;586
1692;467
1682;524
1688;482
1698;467
1700;528
1697;248
1684;467
1688;467
1697;529
1675;524
1725;390
1727;626
1730;550
1732;475
1735;556
1736;629
1699;410
1685;906
1687;524
1700;503
1675;604
1728;767
1699;550
1705;452
1681;467
1683;467
1685;467
1714;554
1716;434
1718;500
1720;596
1723;644
1728;250
1735;200
1682;302
1687;539
1711;626
1680;483
1686;485
1676;467
1699;136
1719;429
1687;550
1711;654
1697;952
1731;374
1734;461
1736;469
1739;524
1688;177
1738;596
1707;740
1708;673
1684;524
1686;508
1720;400
1721;465
1722;562
1724;605
1726;747
1727;748
1729;708
1731;629
1733;714
1735;645
1738;700
1702;460
1701;420
1734;166
1681;500
1694;524
1691;499
1707;571
1710;572
1716;532
1719;535
1683;488
1722;525
1723;778
1726;590
1729;778
1707;510
1692;200
1679;398
1681;467
1683;282
1691;210
1687;525
1689;208
1676;343
1685;715
1688;474
1695;505
1699;372
1703;431
1705;348
1698;524
1701;499
1704;624
1706;547
1709;523
1691;460
1694;563
1698;534
1699;620
1702;387
1689;464
1692;606
1694;524
1709;398
1676;450
1683;467
1686;499
1722;661
1725;453
1727;684
1730;664
1734;716
1675;481
1688;500
1688;481
1688;474
1688;173
1727;0
1675;467
1701;365
1703;513
1705;771
1707;558
1715;102
1724;587
1726;627
1716;563
1717;477
1708;524
1710;517
1712;585
1693;467
1681;692
1681;467
1684;500
1687;524
1734;162
1736;173
1714;572
1680;524
1727;751
1729;779
1732;394
1735;760
1737;800
1698;106
1724;780
1726;789
1729;645
1731;625
1737;800
1680;483
1725;517
1676;103
1688;150
1701;690
1719;400
1677;474
1707;487
1716;194
1676;524
1677;402
1681;402
1680;433
1684;437
1704;382
1690;467
1681;521
1683;520
1687;467
1722;433
1724;419
1727;378
1732;647
1734;607
1736;670
1730;433
1732;493
1706;190
1685;467
1688;467
1701;664
1702;439
1705;667
1686;508
1689;481
1683;467
1682;200
1684;200
1699;638
1701;762
1699;548
1701;496
1695;350
1698;468
1749;227
1759;360
1761;340
1763;375
1765;342
1766;322
1754;246
1765;310
1767;254
1742;203
1744;259
1746;347
1768;312
1741;232
1743;317
1788;266
1764;247
1765;258
1767;223
1744;147
1746;173
1765;161
1770;301
1772;323
1773;323
1775;247
1746;282
1747;218
1750;169
1752;302
1764;313
1767;332
1769;302
1762;311
1764;322
1765;268
1767;214
1772;318
1775;313
1777;260
1779;325
1780;0
1789;272
1773;289
1787;347
1744;293
1771;230
1792;223
1763;333
1765;343
1767;323
1769;341
1770;327
1772;305
1774;347
1753;297
1743;550
1748;460
1760;429
1762;323
1763;399
1765;224
1767;214
1765;354
1767;193
1764;324
1790;168
1767;293
1769;288
1758;536
1760;544
1762;323
1764;323
1766;429
1768;279
1748;328
1750;324
1751;276
1753;323
1755;289
1756;302
1758;317
1745;496
1749;543
1756;228
1758;405
1764;370
1765;428
1767;313
1742;341
1744;370
1781;309
1766;242
1762;319
1764;203
1767;315
1781;309
1753;310
1754;279
1756;300
1758;273
1773;462
1777;578
1781;313
1765;263
1767;247
1769;247
1791;289
1785;200
1745;291
1747;292
1757;318
1759;335
1761;349
1762;350
1764;318
1766;261
1770;296
1772;462
1754;246
1756;283
1757;370
1759;335
1761;347
1763;324
1758;382
1759;386
1761;262
1762;364
1768;260
1770;321
1772;269
1775;335
1777;303
1785;242
1733;303
1734;303
1736;303
1738;303
1741;303
1742;234
1744;265
1745;313
1746;299
1748;312
1745;336
1748;327
1751;272
1752;320
1754;289
1756;283
1791;319
1793;356
1787;465
1790;310
1767;228
1742;219
1743;298
1746;376
1749;270
1752;289
1787;151
1742;225
1744;338
1748;328
1741;246
1763;370
1768;382
1770;405
1771;460
1773;347
1775;284
1766;289
1732;303
1739;303
1741;270
1743;268
1744;310
1749;272
1751;288
1753;260
1755;351
1762;266
1764;310
1766;268
1767;268
1769;268
1770;279
1773;323
1775;364
1777;268
1780;347
1765;273
1768;304
1770;327
1771;400
1773;326
1776;255
1778;275
1780;365
1775;313
1777;312
1774;120
1776;168
1770;323
1772;347
1733;316
1735;309
1763;381
1779;224
1785;347
1767;313
1734;223
1781;270
1764;291
1766;231
1768;266
1770;231
1772;231
1774;297
1776;200
1779;224
1784;347
1793;172
1803;72
1762;258
1764;245
1803;310
1766;249
1767;231
1751;279
1753;289
1755;289
1756;416
1759;303
1761;345
1762;269
1764;269
1765;0
1776;231
1778;324
1767;290
1770;306
1772;365
1786;288
1774;96
1754;313
1766;289
1745;414
1747;347
1791;231
1793;231
1756;313
1755;289
1757;428
1758;552
1765;229
1769;313
1772;231
1773;236
1775;208
1778;231
1780;291
1763;208
1765;182
1784;170
1792;150
1777;289
1779;347
1766;348
1768;300
1769;300
1771;300
1773;268
1778;429
1767;380
1734;303
1735;303
1737;303
1741;368
1743;282
1748;303
1739;356
1741;308
1743;301
1743;324
1766;310
1768;268
1769;268
1771;268
1772;290
1774;362
1777;231
1771;244
1773;268
1774;268
1776;180
1778;185
1758;620
1759;632
1770;117
1771;189
1773;108
1775;163
1779;202
1781;303
1757;301
1771;295
1773;347
1776;319
1785;309
1773;243
1775;200
1740;293
1741;325
1743;263
1744;268
1789;179
1788;162
1747;628
1793;17
1771;462
1762;303
1763;273
1765;231
1767;228
1768;243
1770;254
1771;225
1765;429
1744;393
1746;484
1748;317
1754;348
1756;390
1758;416
1760;438
1762;405
1763;434
1765;336
1769;271
1770;403
1771;462
1774;277
1775;324
1746;480
1747;310
1749;538
1751;235
1754;414
1756;392
1767;288
1769;228
1771;268
1772;279
1774;279
1775;300
1778;231
1790;235
1763;418
1765;352
1766;353
1769;268
1771;236
1773;279
1775;236
1793;254
1749;310
1752;241
1754;224
1732;324
1744;292
1746;305
1747;249
1750;200
1751;265
1754;220
1755;279
1757;289
1759;428
1761;455
1763;413
1747;244
1750;303
1754;303
1740;262
1742;280
1743;309
1744;307
1746;374
1747;375
1745;594
1748;254
1773;272
1775;279
1777;268
1779;289
1785;150
1750;383
1757;277
1760;336
1762;379
1764;349
1765;332
1767;301
1769;314
1770;314
1773;211
1780;313
1784;224
1770;280
1772;348
1763;304
1765;351
1767;311
1769;259
1771;254
1773;214
1776;253
1780;290
1785;215
1790;208
1773;157
1788;218
1795;210
1754;327
1761;323
1763;450
1749;401
1758;497
1745;341
1747;229
1759;397
1790;439
1754;310
1755;303
1757;303
1759;303
1761;303
1762;303
1754;223
1755;252
1757;297
1759;329
1761;302
1763;358
1764;326
1794;212
1771;322
1773;268
1775;284
1779;456
1781;378
1784;323
1751;251
1752;310
1758;382
1752;256
1754;231
1756;348
1758;465
1760;479
1762;310
1763;295
1766;228
1768;340
1770;377
1772;315
1762;428
1764;392
1766;347
1768;313
1741;273
1743;251
1748;252
1750;303
1752;269
1754;247
1755;227
1772;250
1754;347
1755;290
1734;816
1773;313
1777;313
1778;325
1780;405
1774;347
1777;347
1780;390
1745;450
1755;322
1757;313
1759;303
1761;323
1762;355
1764;335
1766;227
1768;221
1792;226
1803;272
1766;281
1743;240
1745;305
1748;303
1751;231
1753;340
1747;381
1749;301
1751;260
1754;336
1756;337
1758;368
1760;392
1761;309
1763;300
1765;326
1767;314
1768;328
1770;326
1773;90
1775;320
1777;336
1749;553
1788;162
1771;257
1744;290
1745;291
1747;375
1741;327
1742;294
1744;338
1746;303
1793;69
1774;269
1776;312
1768;308
1771;313
1772;301
1774;301
1785;220
1787;386
1790;242
1795;367
1772;247
1774;323
1778;323
1791;173
1803;95
1769;268
1771;322
1772;322
1779;347
1782;327
1785;313
1789;384
1791;322
1793;161
1789;124
1779;243
1780;309
1787;313
1791;313
1793;340
1803;323
1765;276
1767;273
1771;240
1775;236
1780;310
1757;247
1771;205
1773;156
1756;266
1758;347
1760;300
1761;301
1763;294
1766;246
1767;235
1769;250
1772;220
1771;324
1793;161
1802;303
1771;280
1774;266
1776;289
1755;347
1733;323
1780;536
1782;303
1773;231
1757;268
1759;372
1761;381
1763;263
1765;249
1768;240
1770;222
1772;212
1771;347
1772;322
1774;214
1774;375
1777;325
1779;380
1781;468
1743;399
1745;462
1747;292
1770;194
1771;261
1774;202
1732;173
1734;303
1735;303
1771;328
1773;302
1776;210
1780;475
1790;310
1772;300
1768;157
1770;244
1766;181
1766;325
1768;332
1769;332
1771;347
1773;382
1774;364
1744;323
1745;316
1747;340
1750;332
1752;329
1754;328
1756;387
1758;451
1746;520
1747;600
1749;322
1753;282
1755;337
1757;506
1758;548
1769;300
1770;289
1772;322
1770;46
1771;160
1775;103
1785;230
1789;236
1793;173
1788;381
1791;406
1793;514
1762;303
1766;233
1768;220
1770;265
1771;244
1774;323
1750;303
1752;345
1754;309
1756;272
1757;347
1759;363
1761;305
1764;197
1766;278
1768;260
1774;250
1792;139
1793;159
1793;313
1778;238
1780;0
1783;303
1659;461
1651;492
1651;700
1651;1280
1649;313
1646;200
1646;1000
1646;1000
1633;347
1636;451
1636;258
1636;283
1631;359
1630;324
1630;200
1627;600
1627;283
1627;323
1627;416
1626;171
1624;220
1624;284
1649;313
1646;340
1645;341
1645;156
1645;290
1644;227
1644;140
1644;326
1644;333
1644;321
1643;310
1643;286
1643;146
1643;245
1643;345
1643;213
1643;322
1642;283
1642;213
1642;70
1642;100
1642;297
1642;211
1642;349
1642;361
1641;367
1641;318
1641;305
1641;316
1640;272
1640;223
1640;369
1640;163
1640;162
1639;179
1639;285
1639;295
1640;321
1639;274
1639;274
1639;274
1638;212
1638;199
1638;312
1638;260
1638;212
1638;228
1638;228
1637;212
1637;188
1637;188
1637;237
1637;237
1637;237
1532;201
1655;455
1606;588
1526;359
1526;359
1641;89
1697;203
1638;72
1639;70
1639;105
1639;21
1643;385
1643;688
1643;342
1643;433
1643;319
1644;160
1644;602
1645;451
1645;404
1645;450
1645;500
1646;283
1639;143
1641;206
1642;139
1642;26
1642;77
1642;77
1642;77
1642;65
1642;78
1642;34
1642;144
1642;253
1642;152
1642;122
1643;179
1643;496
1643;556
1643;350
1643;153
1643;435
1644;351
1644;440
1644;455
1644;412
1644;288
1644;500
1644;550
1644;427
1644;300
1645;502
1645;350
1645;307
1645;300
1645;300
1645;148
1647;240
1647;7
1596;83
1604;334
1615;359
1652;273
1654;378
1657;347
1658;362
1653;340
1653;380
1657;697
1632;359
1644;815
1635;359
1597;334
1612;359
1615;0
1618;359
1618;359
1618;359
1659;328
1658;337
1657;267
1659;338
1660;133
1657;325
1659;627
1659;400
1661;259
1664;373
1665;338
1659;325
1660;367
1664;345
1667;338
1665;338
1668;338
1669;520
1668;269
1667;0
1667;488
1802;0
1803;310
1798;333
1798;303
1799;303
1663;101
1664;421
1693;468
1673;1110
1651;347
1771;0
1746;347
1761;313
1782;442
1676;500
1677;500
1677;500
1677;400
1679;500
1678;500
1678;200
1679;500
1680;385
1679;0
1680;433
1679;500
1679;550
1680;350
1680;500
1680;600
1681;483
1680;0
1680;467
1680;430
1681;310
1681;500
1681;280
1679;474
1681;500
1682;500
1682;500
1682;474
1683;500
1684;500
1684;500
1687;500
1687;679
1687;500
1687;0
1687;500
1688;500
1688;500
1689;0
1691;500
1691;500
1711;211
1693;500
1693;500
1694;525
1695;734
1699;0
1698;100
1701;450
1704;0
1705;0
1716;474
1708;0
1704;0
1709;0
1727;0
1729;0
1735;760
1672;498
1673;455
1749;303
1750;388
1751;351
1751;356
1728;474
1659;0
1674;656
1674;130
1673;455
1669;30
1669;338
1669;524
1669;0
1669;392
1666;338
1671;455
1669;337
1670;249
1670;412
1669;455
1674;516
1671;455
1664;337
1701;438
1644;300
1597;0
1597;334
1716;363
1630;326
1641;334
1639;283
1645;200
1646;283
1646;283
1646;283
1671;54
1646;283
1670;110
1658;338
1668;21
1664;338
1668;455
1672;800
1641;150
1656;325
1660;328
1659;398
1661;338
1671;338
1672;429
1671;338
1670;338
1742;294
1748;297
1700;43
1701;60
1715;349
1715;321
1724;455
1725;465
1762;323
1767;313
1769;303
1769;250
1784;150
1784;313
1784;313
1784;323
1784;313
1792;376
1792;373
1792;35
1808;303
1668;215
1667;338
1668;216
1668;250
1668;217
1668;143
1668;244
1668;177
1668;338
1669;455
1669;147
1764;74
1784;313
1785;313
1786;1
1669;230
1674;455
1671;150
1660;478
1660;338
1660;328
1658;259
1701;7
1705;474
1705;474
1749;303
1755;313
1733;185
1756;303
1741;303
1785;303
1770;323
1761;323
1741;303
1784;303
1783;313
1615;283
1772;303
1598;280
1664;382
1753;231
1646;330
1758;263
1679;468
1684;600
1686;388
1688;150
1687;363
1691;555
1692;468
1694;468
1695;468
1694;468
1697;446
1696;468
1697;468
1697;468
1697;363
1699;468
1699;363
1699;468
1699;363
1699;450
1700;468
1699;468
1700;525
1700;363
1700;468
1700;468
1700;171
1700;189
1700;363
1700;363
1699;468
1701;127
1700;363
1699;400
1699;363
1700;363
1700;468
1701;500
1700;468
1699;363
1701;211
1701;468
1702;468
1701;153
1702;363
1702;363
1702;363
1702;468
1705;468
1709;468
1709;384
1711;363
1710;468
1711;363
1711;468
1711;363
1712;468
1711;468
1711;468
1713;363
1712;468
1713;468
1715;19
1714;468
1713;468
1715;68
1714;468
1713;363
1713;363
1714;363
1715;363
1715;468
1715;468
1715;363
1715;363
1715;468
1714;468
1715;363
1715;147
1716;192
1714;468
1716;468
1716;468
1717;363
1716;468
1715;468
1715;468
1716;468
1717;127
1715;468
1716;468
1716;468
1715;363
1717;468
1718;363
1717;468
1717;363
1717;468
1717;363
1719;429
1717;127
1718;468
1717;468
1719;468
1719;468
1719;200
1720;468
1719;468
1719;363
1718;468
1718;468
1719;468
1720;468
1721;363
1719;127
1720;468
1720;468
1720;363
1720;468
1722;468
1720;468
1721;468
1721;468
1722;468
1721;468
1724;468
1725;174
1726;468
1731;310
1729;468
1772;0
1790;530
1790;177
1790;189
1790;264
1791;202
1792;246
1792;188
1792;270
1792;248
1795;196
1795;191
1795;370
1795;448
1795;339
1796;211
1797;206
1797;210
1797;264
1797;262
1798;206
1799;222
1799;197
1799;244
1802;169
1802;179
1802;289
1802;197
1802;178
1802;223
1802;227
1802;200
1802;171
1803;216
1802;200
1803;189
1803;444
1803;213
1803;289
1803;512
1803;300
1804;237
1804;198
1788;230
1805;255
1805;172
1819;239
1819;274
1819;396
1819;164
1819;241
1819;210
1819;219
1818;172
1819;259
1819;82
1806;182
1806;183
1810;180
1810;264
1810;71
1810;243
1810;136
1810;206
1810;219
1810;162
1810;331
1810;196
1810;202
1810;209
1809;121
1809;303
1809;140
1810;72
1810;435
1810;201
1810;290
1810;330
1810;224
1810;163
1810;78
1810;313
1810;170
1810;108
1810;163
1810;461
1809;372
1809;76
1810;407
1810;127
1810;418
1810;80
1810;371
1810;230
1811;126
1810;205
1811;159
1811;184
1811;84
1811;125
1811;119
1811;271
1811;75
1811;263
1811;387
1811;279
1811;158
1811;269
1811;183
1811;196
1811;164
1811;107
1811;145
1811;949
1811;446
1811;249
1812;323
1812;109
1812;73
1812;250
1812;80
1812;168
1812;131
1812;233
1812;80
1812;272
1812;364
1812;158
1812;535
1812;284
1812;146
1812;118
1812;187
1812;145
1813;238
1812;245
1813;323
1813;220
1813;240
1813;201
1813;262
1813;72
1813;388
1813;311
1813;75
1813;227
1814;187
1814;92
1814;198
1814;268
1814;227
1814;84
1814;58
1814;186
1814;85
1814;300
1814;247
1815;640
1815;115
1815;399
1815;141
1815;381
1815;197
1815;271
1815;162
1815;137
1815;131
1815;293
1815;201
1815;293
1815;58
1815;220
1815;227
1815;238
1815;291
1815;122
1815;511
1815;257
1815;318
1815;386
1815;210
1815;362
1815;326
1815;136
1815;329
1815;176
1815;164
1816;401
1815;263
1815;511
1816;584
1816;366
1816;152
1816;256
1816;248
1816;115
1816;299
1816;300
1816;101
1816;395
1816;170
1816;350
1816;130
1816;211
1815;195
1816;456
1816;435
1816;98
1816;306
1816;421
1816;259
1816;233
1816;135
1816;283
1816;268
1816;383
1816;232
1816;380
1816;75
1816;274
1816;299
1816;337
1816;233
1816;253
1816;234
1816;393
1816;304
1816;199
1816;377
1816;358
1816;378
1816;315
1816;222
1816;148
1816;361
1816;320
1816;559
1816;353
1816;321
1816;193
1816;302
1816;357
1816;393
1816;222
1816;323
1816;247
1816;418
1816;313
1816;219
1816;218
1816;344
1816;145
1816;139
1816;423
1816;201
1816;184
1816;104
1816;281
1816;239
1817;275
1817;409
1817;269
1817;98
1817;146
1817;457
1816;373
1817;241
1817;345
1817;430
1817;417
1817;385
1817;558
1817;490
1817;563
1817;344
1817;446
1817;246
1817;341
1817;263
1817;463
1817;226
1817;266
1817;156
1817;222
1816;168
1817;245
1817;397
1817;179
1817;160
1817;380
1817;154
1817;145
1817;125
1817;421
1817;423
1817;369
1817;336
1817;90
1817;131
1817;291
1817;177
1817;80
1817;703
1817;439
1817;150
1817;424
1817;86
1817;515
1817;71
1817;203
1817;265
1817;375
1817;180
1817;217
1817;230
1817;221
1817;303
1817;239
1817;328
1817;487
1817;505
1817;397
1817;172
1817;295
1817;376
1817;376
1817;384
1817;365
1817;188
1817;270
1817;734
1817;469
1817;401
1817;569
1817;491
1817;483
1817;150
1817;533
1817;320
1817;286
1817;245
1817;327
1817;266
1817;275
1818;497
1817;334
1818;242
1818;364
1818;361
1818;207
1818;62
1818;350
1818;291
1818;161
1818;364
1818;486
1818;144
1818;180
1818;400
1818;82
1818;412
1818;316
1818;273
1818;461
1818;362
1818;445
1818;154
1818;469
1818;186
1818;870
1818;290
1818;334
1818;368
1818;713
1818;289
1818;210
1818;260
1818;305
1818;415
1818;449
1818;296
1818;383
1818;357
1818;95
1818;316
1818;163
1818;69
1818;227
1818;583
1818;721
1818;342
1818;590
1819;149
1819;349
1819;311
1819;353
1819;178
1819;121
1820;179
1820;94
1820;316
1689;240
1690;381
1691;120
1690;216
1691;600
1690;251
1691;635
1691;496
1689;0
1694;542
1694;330
1694;321
1695;598
1696;0
1699;179
1702;451
1702;193
1702;144
1702;386
1702;0
1704;170
1703;114
1703;0
1703;0
1703;273
1704;316
1704;0
1704;366
1704;265
1704;0
1705;0
1705;590
1705;550
1705;248
1723;400
1683;315
1706;364
1688;251
1682;438
1684;245
1684;342
1683;220
1686;150
1686;195
1689;270
1704;300
1704;332
1704;400
1703;261
1704;510
1704;150
1704;181
1701;224
1701;414
1701;221
1702;292
1684;212
1702;473
1702;254
1702;549
1706;563
1706;210
1704;401
1704;100
1705;180
1705;600
1705;304
1705;550
1705;615
1705;188
1703;571
1699;91
1695;360
1695;200
1696;120
1696;336
1696;129
1696;413
1697;316
1696;381
1697;0
1698;346
1698;330
1703;301
1703;273
1706;629
1702;273
1702;273
1701;350
1701;64
1701;296
1701;386
1701;130
1685;360
1687;489
1679;326
1675;12
1720;270
1722;200
1678;134
1676;0
1674;691
1675;192
1676;346
1677;150
1679;293
1678;222
1678;200
1678;250
1679;270
1679;179
1681;254
1680;600
1681;137
1681;112
1700;132
1689;268
1683;258
1683;507
1682;317
1683;171
1683;317
1692;855
1692;400
1698;212
1704;199
1706;198
1707;213
1698;22
1699;265
1700;243
1700;243
1700;205
1700;243
1700;243
1700;243
1700;250
1701;109
1701;190
1701;237
1701;152
1701;100
1701;108
1701;79
1701;187
1701;91
1701;94
1701;166
1701;327
1701;84
1701;57
1702;400
1702;345
1702;11
1702;189
1702;250
1702;97
1702;75
1702;28
1702;125
1703;143
1703;199
1704;370
1704;300
1705;311
1700;275
1701;225
1701;212
1701;125
1702;148
1702;97
1702;237
1700;226
1702;203
1698;317
1698;155
1700;492
1700;248
1702;350
1702;440
1702;330
1700;151
1701;153
1701;169
1702;137
1702;196
1702;208
1702;245
1702;230
1703;186
1704;325
1709;166
1707;116
1701;57
1703;185
1704;305
1704;252
1705;110
1705;102
1705;112
1705;292
1706;155
1706;115
1707;262
1707;151
1698;171
1701;74
1701;177
1703;368
1700;132
1700;430
1701;177
1701;400
1701;300
1702;20
1702;531
1704;157
1672;180
1683;130
1709;333
1709;169
1709;255
1709;404
1710;390
1709;362
1709;259
1709;268
1710;340
1710;328
1709;161
1710;365
1711;105
1710;419
1710;333
1710;306
1710;295
1710;190
1710;337
1710;300
1710;263
1710;255
1709;0
1710;223
1715;148
1710;202
1710;410
1710;250
1709;237
1710;165
1710;237
1709;272
1711;396
1710;237
1711;378
1711;401
1711;405
1712;510
1712;300
1717;82
1720;277
1711;382
1711;368
1711;602
1711;301
1711;346
1711;282
1711;404
1711;215
1711;154
1711;190
1711;135
1682;355
1683;279
1683;396
1683;197
1685;110
1687;324
1687;388
1687;368
1687;154
1687;473
1687;525
1687;197
1688;293
1688;358
1688;252
1688;587
1684;181
1694;446
1687;110
1687;360
1687;360
1687;281
1687;40
1693;598
1682;475
1682;250
1682;160
1682;253
1682;35
1683;164
1683;67
1698;166
1698;121
1700;140
1699;381
1700;243
1701;200
1700;251
1702;157
1701;325
1701;237
1702;258
1703;72
1703;155
1703;163
1706;245
1706;203
1707;237
1707;226
1706;237
1707;181
1707;136
1708;258
1707;121
1708;509
1708;224
1708;339
1708;200
1707;112
1707;208
1708;351
1708;237
1708;200
1709;306
1709;176
1709;315
1708;0
1709;236
1710;396
1710;233
1709;0
1709;215
1710;164
1710;120
1710;223
1710;200
1710;265
1710;178
1710;126
1710;0
1711;234
1711;141
1710;419
1711;237
1710;293
1710;237
1710;237
1710;0
1710;0
1710;121
1711;226
1711;281
1711;287
1710;237
1710;237
1710;237
1712;280
1711;147
1711;237
1712;303
1711;128
1711;350
1711;382
1712;272
1712;191
1712;513
1711;303
1711;196
1713;238
1713;237
1712;148
1713;208
1712;412
1713;273
1713;282
1713;311
1713;121
1712;237
1713;443
1713;262
1712;400
1713;287
1713;204
1713;299
1713;0
1714;237
1714;250
1714;252
1714;232
1714;412
1714;125
1714;273
1714;245
1714;339
1713;214
1714;147
1714;333
1713;237
1714;237
1714;80
1713;237
1714;250
1713;270
1714;66
1713;120
1714;250
1713;91
1715;323
1715;58
1715;282
1715;387
1715;105
1715;191
1714;237
1715;360
1715;431
1715;122
1714;121
1714;237
1715;134
1714;272
1715;287
1716;116
1715;237
1716;365
1715;327
1715;237
1716;147
1716;272
1716;187
1716;125
1715;169
1716;323
1716;211
1716;239
1716;237
1716;231
1717;316
1716;241
1717;174
1717;224
1717;220
1716;378
1717;169
1717;347
1717;201
1717;294
1717;120
1717;238
1716;169
1716;237
1716;237
1717;291
1717;166
1716;215
1717;237
1718;188
1718;41
1717;237
1718;311
1717;371
1718;157
1718;357
1718;179
1717;330
1718;167
1718;237
1718;276
1718;221
1718;276
1718;107
1717;335
1718;240
1718;95
1718;166
1718;149
1717;200
1718;320
1717;206
1717;215
1718;227
1719;95
1719;117
1719;209
1718;56
1719;244
1719;395
1718;218
1718;86
1718;136
1719;96
1719;335
1719;272
1718;240
1719;224
1719;395
1719;80
1719;160
1719;191
1719;492
1718;395
1719;287
1718;186
1719;230
1719;136
1719;309
1718;192
1719;275
1719;160
1718;239
1720;211
1720;108
1720;385
1720;181
1720;171
1720;334
1719;162
1719;0
1720;371
1719;84
1720;201
1720;275
1719;237
1720;361
1719;237
1719;242
1720;277
1720;249
1720;335
1721;406
1721;280
1721;163
1720;179
1721;256
1721;329
1721;292
1720;72
1720;282
1720;237
1720;142
1721;178
1721;261
1721;149
1720;237
1721;72
1720;0
1720;197
1720;237
1721;250
1720;196
1721;138
1721;221
1722;328
1722;151
1722;328
1721;209
1721;237
1722;181
1722;167
1722;372
1722;242
1722;219
1722;96
1721;11
1722;203
1722;359
1722;335
1721;0
1721;237
1722;145
1722;187
1722;193
1722;298
1721;0
1721;237
1722;236
1722;0
1721;237
1722;18
1723;176
1723;237
1722;179
1722;362
1722;251
1723;419
1723;339
1722;60
1723;208
1723;309
1722;237
1723;325
1723;212
1723;225
1722;237
1723;299
1723;323
1723;201
1723;287
1723;205
1723;250
1724;146
1724;377
1724;372
1723;215
1723;211
1723;215
1724;304
1724;335
1724;233
1723;241
1724;325
1724;328
1724;201
1723;303
1724;266
1724;245
1724;312
1724;272
1724;127
1724;159
1723;237
1724;402
1725;224
1725;94
1725;269
1724;197
1725;107
1725;443
1724;250
1725;201
1725;325
1724;371
1724;237
1725;228
1725;359
1724;218
1724;159
1725;262
1725;265
1725;377
1725;287
1724;237
1725;48
1724;129
1725;309
1724;228
1725;313
1725;154
1725;300
1724;252
1725;240
1724;237
1724;298
1725;195
1725;104
1725;269
1724;269
1724;0
1724;27
1724;305
1726;315
1725;237
1726;150
1726;176
1725;443
1726;190
1726;296
1725;237
1726;170
1726;193
1726;167
1725;282
1726;271
1726;203
1726;269
1725;190
1725;167
1726;171
1725;237
1726;192
1726;292
1725;283
1725;237
1726;271
1726;300
1726;122
1726;233
1726;66
1725;174
1725;309
1726;181
1725;378
1725;237
1725;213
1726;140
1726;171
1726;271
1726;241
1726;259
1726;182
1726;201
1725;237
1725;293
1726;229
1726;165
1725;173
1726;163
1726;318
1727;216
1727;237
1727;122
1727;307
1726;317
1727;264
1727;150
1727;271
1726;271
1726;113
1727;272
1726;146
1726;385
1727;265
1727;178
1727;186
1726;170
1726;249
1727;131
1726;182
1726;271
1726;260
1727;398
1726;167
1727;306
1727;283
1727;273
1727;234
1727;312
1727;150
1728;421
1728;373
1728;271
1728;271
1727;271
1728;278
1728;305
1727;271
1727;275
1727;390
1727;241
1728;248
1727;164
1728;255
1728;414
1728;231
1728;361
1727;201
1727;271
1728;185
1728;271
1728;433
1727;271
1728;271
1727;298
1728;180
1727;241
1728;252
1728;257
1728;193
1728;355
1727;271
1728;271
1728;271
1728;383
1728;169
1729;354
1728;271
1728;271
1729;331
1728;316
1729;400
1729;408
1729;242
1729;481
1729;271
1729;425
1728;350
1728;271
1728;401
1729;249
1729;228
1729;431
1729;232
1728;221
1729;290
1729;275
1728;271
1728;358
1729;330
1729;378
1728;443
1729;294
1729;276
1728;252
1729;236
1729;272
1729;271
1729;269
1728;281
1729;229
1728;305
1728;41
1729;371
1729;302
1729;271
1730;293
1730;276
1729;319
1730;341
1730;209
1730;363
1730;303
1729;313
1730;461
1729;191
1730;228
1730;311
1730;464
1730;522
1729;276
1730;203
1729;301
1730;437
1730;84
1729;520
1730;202
1729;356
1730;207
1729;237
1730;271
1730;345
1729;250
1729;411
1729;215
1730;447
1729;139
1730;241
1730;422
1729;425
1729;271
1730;275
1730;316
1730;368
1730;317
1730;280
1730;291
1730;255
1730;196
1729;351
1729;132
1729;354
1730;513
1713;283
1730;179
1730;224
1731;352
1731;271
1730;462
1730;271
1730;240
1731;264
1730;337
1730;25
1731;160
1731;230
1731;228
1731;0
1731;274
1731;268
1730;92
1730;280
1731;191
1731;271
1730;455
1731;346
1730;361
1731;259
1731;271
1731;171
1731;209
1731;276
1731;308
1731;306
1731;312
1731;152
1730;207
1731;447
1731;235
1731;408
1731;295
1731;110
1730;338
1731;281
1731;156
1731;376
1731;0
1731;297
1730;382
1731;273
1731;193
1731;384
1731;397
1731;285
1731;271
1732;256
1732;347
1732;276
1732;337
1731;271
1731;303
1731;286
1732;304
1732;88
1732;285
1732;379
1731;271
1732;235
1732;395
1732;126
1732;298
1732;571
1732;383
1732;317
1732;225
1731;325
1733;335
1731;236
1732;239
1732;295
1732;262
1732;205
1732;323
1732;163
1731;217
1731;121
1732;457
1732;371
1732;291
1731;340
1732;228
1731;271
1732;242
1732;271
1731;457
1732;212
1732;241
1732;318
1732;278
1732;274
1732;572
1731;271
1732;295
1732;301
1733;271
1733;317
1732;295
1733;178
1733;308
1732;271
1732;306
1732;350
1733;276
1733;110
1733;261
1733;316
1733;315
1733;271
1733;273
1733;445
1733;82
1732;308
1733;331
1733;304
1732;350
1732;298
1733;271
1733;0
1733;350
1733;242
1733;273
1733;322
1732;214
1733;178
1732;240
1733;366
1733;306
1733;212
1733;372
1733;268
1733;276
1732;318
1732;323
1732;401
1733;243
1733;277
1733;386
1733;256
1734;276
1732;238
1732;289
1734;275
1734;262
1734;385
1734;346
1734;241
1734;317
1734;143
1734;331
1733;271
1734;302
1734;290
1734;367
1734;150
1734;274
1734;374
1733;271
1734;368
1734;325
1733;235
1734;378
1733;271
1733;278
1733;169
1734;59
1733;427
1734;271
1735;271
1734;149
1735;260
1735;256
1735;484
1735;295
1735;77
1735;332
1734;271
1734;252
1735;176
1735;301
1734;280
1735;177
1735;201
1735;276
1735;248
1735;409
1735;193
1735;420
1735;349
1735;359
1735;386
1735;275
1735;377
1735;199
1735;307
1734;222
1734;271
1735;336
1734;274
1735;281
1735;298
1736;295
1736;187
1735;453
1736;488
1736;165
1736;307
1736;527
1735;310
1736;271
1735;271
1736;281
1736;251
1735;271
1736;367
1736;447
1735;271
1736;340
1736;67
1736;289
1736;257
1736;352
1735;271
1736;318
1736;306
1736;271
1736;330
1736;398
1736;245
1736;322
1737;259
1736;378
1737;263
1737;187
1737;240
1737;478
1737;337
1737;271
1736;172
1737;294
1737;285
1736;271
1736;271
1737;271
1737;363
1737;149
1736;419
1737;271
1737;299
1737;201
1737;416
1737;303
1737;236
1737;301
1736;271
1737;280
1737;294
1736;414
1737;360
1737;271
1736;422
1736;271
1737;271
1737;297
1738;287
1737;416
1737;386
1738;346
1737;427
1738;222
1738;313
1737;271
1737;282
1738;314
1738;442
1738;288
1738;271
1738;271
1737;271
1738;271
1738;249
1738;307
1737;391
1737;399
1738;193
1738;274
1738;380
1738;343
1737;386
1737;281
1737;271
1738;271
1737;386
1737;421
1737;271
1738;307
1738;273
1738;207
1738;294
1737;340
1738;273
1737;271
1737;271
1738;271
1738;396
1737;297
1737;339
1737;350
1738;233
1739;258
1739;271
1739;231
1739;245
1738;271
1739;386
1739;247
1739;253
1740;259
1739;294
1739;311
1739;271
1739;271
1739;271
1739;271
1738;271
1739;271
1739;237
1739;279
1738;430
1739;271
1739;285
1738;271
1739;271
1739;503
1739;328
1739;271
1738;363
1739;315
1739;271
1738;271
1738;271
1739;256
1739;271
1739;243
1739;298
1739;386
1740;271
1739;199
1739;273
1739;299
1739;244
1739;271
1738;271
1739;271
1739;373
1738;285
1739;226
1738;271
1739;271
1740;271
1740;271
1740;240
1740;366
1740;271
1740;318
1740;240
1740;183
1739;271
1740;332
1740;271
1740;162
1740;363
1740;271
1740;271
1740;271
1740;177
1739;271
1740;304
1740;185
1740;271
1740;271
1740;140
1740;271
1740;271
1740;271
1740;271
1740;271
1740;269
1740;237
1740;187
1741;172
1741;354
1741;134
1741;271
1741;235
1740;271
1740;271
1740;352
1740;256
1741;208
1741;213
1741;251
1741;222
1741;326
1741;288
1740;271
1741;271
1740;271
1741;271
1741;271
1741;271
1741;276
1741;170
1741;305
1741;330
1742;228
1741;271
1742;260
1741;271
1742;202
1741;276
1742;342
1741;271
1741;271
1742;396
1742;363
1742;271
1741;271
1741;271
1741;373
1741;271
1741;237
1741;271
1742;118
1742;271
1742;372
1741;271
1742;400
1741;271
1742;158
1741;359
1743;283
1742;381
1742;271
1742;271
1743;200
1742;237
1743;234
1742;271
1743;349
1743;271
1742;329
1743;315
1743;245
1743;337
1742;271
1743;270
1742;326
1743;230
1743;307
1742;271
1742;418
1743;391
1743;271
1742;242
1743;163
1743;351
1744;276
1744;331
1744;287
1743;271
1743;260
1744;340
1744;276
1744;354
1744;276
1743;236
1744;273
1743;210
1744;388
1744;271
1743;271
1743;315
1744;276
1744;296
1744;222
1744;271
1743;563
1744;276
1743;271
1744;271
1744;273
1744;373
1744;276
1743;290
1743;333
1743;276
1744;293
1744;271
1744;331
1744;271
1744;405
1743;276
1745;249
1744;271
1744;269
1745;379
1744;0
1744;178
1744;296
1744;240
1745;271
1745;271
1746;229
1746;89
1745;228
1745;0
1746;342
1746;503
1746;479
1746;341
1746;255
1747;365
1745;209
1746;371
1746;310
1746;421
1746;406
1746;271
1747;382
1747;390
1747;271
1747;208
1747;433
1747;557
1747;421
1747;779
1746;271
1747;499
1747;196
1747;354
1747;271
1748;506
1747;240
1748;265
1747;271
1747;349
1747;236
1748;247
1747;0
1748;449
1748;271
1748;524
1748;179
1748;332
1748;260
1748;276
1748;273
1748;406
1747;276
1747;0
1748;239
1747;400
1748;398
1747;171
1748;276
1748;370
1747;345
1747;386
1748;331
1748;439
1749;222
1749;488
1749;226
1748;0
1749;331
1749;276
1749;276
1749;276
1748;247
1749;484
1749;410
1749;409
1749;309
1749;295
1748;271
1749;259
1748;330
1749;308
1749;276
1748;271
1749;332
1749;294
1749;566
1749;294
1749;367
1748;370
1750;361
1749;416
1748;360
1749;392
1750;341
1749;276
1750;222
1749;276
1749;337
1749;0
1750;276
1749;386
1750;237
1750;506
1750;276
1750;187
1750;276
1749;276
1750;276
1750;183
1750;276
1749;271
1750;276
1749;273
1750;276
1750;276
1750;276
1749;184
1749;276
1750;374
1750;276
1750;214
1749;273
1750;271
1751;276
1750;276
1750;276
1751;261
1750;356
1750;271
1751;400
1751;276
1751;276
1751;434
1750;400
1751;333
1751;276
1750;271
1751;276
1751;276
1751;273
1751;49
1752;380
1751;493
1751;362
1752;304
1752;294
1752;250
1751;283
1752;328
1752;211
1752;395
1752;329
1752;220
1752;369
1752;334
1751;276
1751;276
1752;196
1751;275
1752;215
1751;250
1752;230
1751;161
1752;261
1752;300
1751;372
1753;359
1752;433
1752;200
1752;220
1752;223
1753;250
1753;276
1753;232
1752;224
1753;273
1753;391
1753;383
1752;329
1753;190
1753;260
1753;328
1753;250
1753;250
1753;337
1753;352
1753;339
1753;310
1752;420
1753;225
1753;386
1752;390
1753;244
1753;100
1753;359
1754;280
1753;380
1753;207
1754;250
1754;292
1754;295
1753;250
1754;292
1754;320
1754;225
1754;208
1753;250
1754;154
1754;282
1754;387
1754;198
1754;289
1754;365
1753;368
1754;250
1754;336
1753;250
1754;240
1754;276
1754;250
1753;352
1754;342
1755;343
1755;257
1755;256
1754;260
1754;273
1755;196
1755;390
1755;242
1755;324
1755;135
1754;276
1755;276
1755;385
1755;276
1755;224
1754;270
1755;53
1754;208
1755;276
1755;306
1755;327
1755;330
1754;276
1755;276
1754;173
1755;312
1755;114
1756;395
1756;358
1756;383
1755;250
1755;369
1755;250
1755;257
1756;198
1755;276
1755;250
1756;268
1756;256
1756;326
1755;160
1756;284
1756;399
1755;120
1756;352
1757;251
1756;250
1756;250
1757;360
1757;400
1757;350
1756;504
1757;352
1756;250
1757;250
1756;250
1757;276
1757;371
1756;289
1757;345
1756;230
1756;180
1757;438
1758;331
1758;198
1758;300
1758;425
1757;200
1758;414
1757;0
1758;205
1758;220
1759;293
1758;250
1758;220
1759;549
1759;245
1758;336
1759;658
1759;150
1758;250
1758;329
1759;250
1759;479
1759;286
1758;276
1758;527
1758;0
1759;250
1759;250
1760;225
1760;386
1760;290
1759;75
1761;500
1760;329
1760;341
1760;440
1759;474
1759;230
1759;0
1759;330
1760;442
1759;292
1759;250
1759;250
1759;491
1760;330
1759;0
1760;525
1760;183
1760;656
1759;92
1760;199
1760;200
1759;486
1761;196
1761;145
1761;387
1760;68
1761;593
1761;580
1760;250
1761;340
1761;270
1761;263
1760;276
1760;367
1761;250
1760;659
1761;85
1761;244
1761;220
1760;204
1761;386
1761;315
1761;507
1761;276
1760;491
1761;292
1760;250
1762;368
1762;450
1761;460
1761;0
1762;282
1761;225
1762;627
1762;368
1762;539
1761;276
1761;349
1761;273
1762;444
1761;395
1762;159
1761;567
1762;395
1762;176
1763;331
1762;0
1762;250
1763;437
1763;438
1763;293
1763;83
1762;250
1763;276
1762;0
1763;209
1763;167
1763;276
1763;276
1762;500
1762;250
1763;260
1762;211
1764;273
1764;446
1764;450
1764;340
1764;116
1764;150
1764;226
1764;650
1763;588
1764;250
1764;386
1764;255
1763;516
1764;580
1764;276
1763;608
1763;276
1764;219
1764;276
1763;250
1764;300
1764;320
1764;303
1764;420
1764;400
1764;230
1763;276
1764;363
1764;276
1763;276
1763;565
1764;152
1764;249
1764;429
1765;200
1766;300
1765;56
1765;441
1765;250
1765;226
1765;250
1765;250
1764;169
1766;294
1765;613
1765;290
1764;450
1764;367
1765;461
1766;512
1764;169
1765;75
1764;169
1764;196
1764;250
1765;412
1765;280
1765;138
1765;354
1765;196
1766;58
1764;281
1765;343
1765;280
1765;196
1764;276
1765;41
1765;225
1765;501
1765;250
1765;276
1766;380
1766;124
1766;64
1766;276
1766;496
1766;158
1765;250
1766;84
1765;124
1767;250
1766;276
1765;276
1765;246
1766;75
1765;169
1766;180
1765;415
1766;384
1766;564
1765;581
1767;53
1766;273
1766;499
1766;250
1766;60
1767;353
1767;276
1766;276
1767;386
1766;169
1767;399
1767;276
1766;273
1767;330
1767;386
1766;315
1767;275
1766;250
1767;276
1767;66
1768;238
1767;276
1767;276
1767;276
1767;306
1767;272
1766;250
1766;276
1767;250
1767;449
1767;100
1768;230
1769;417
1768;233
1768;276
1768;275
1768;250
1767;276
1768;285
1767;276
1768;593
1767;196
1767;196
1768;313
1767;259
1768;390
1767;300
1768;230
1767;276
1768;169
1768;171
1767;250
1768;310
1769;287
1769;352
1768;250
1769;386
1768;0
1770;231
1769;250
1769;49
1768;250
1768;250
1769;158
1769;250
1768;276
1768;88
1769;273
1769;207
1768;250
1769;250
1769;294
1769;270
1768;171
1769;276
1768;433
1770;276
1769;150
1769;276
1770;298
1770;386
1770;250
1769;250
1770;527
1770;250
1769;296
1769;198
1770;276
1769;240
1770;129
1770;319
1769;276
1769;250
1770;235
1770;184
1769;196
1770;142
1769;350
1769;150
1770;273
1770;273
1770;250
1770;311
1770;352
1757;250
1762;447
1770;276
1771;308
1770;250
1770;0
1771;250
1771;250
1771;250
1770;250
1771;276
1771;276
1771;386
1770;0
1771;230
1771;250
1770;169
1770;276
1771;300
1771;352
1771;250
1771;230
1770;352
1771;352
1770;0
1771;273
1771;171
1771;196
1771;152
1772;250
1771;250
1772;250
1772;313
1772;250
1771;250
1772;250
1772;250
1771;153
1772;296
1772;334
1772;276
1772;250
1772;250
1771;352
1772;276
1771;250
1772;250
1773;276
1772;276
1772;250
1771;352
1772;551
1771;250
1772;230
1771;275
1773;228
1772;250
1772;250
1772;250
1773;260
1773;250
1773;250
1773;250
1773;250
1773;192
1773;174
1773;250
1773;250
1773;250
1773;278
1772;340
1772;30
1773;313
1773;368
1774;273
1773;250
1773;352
1773;250
1773;386
1772;343
1773;394
1773;250
1774;250
1774;54
1773;175
1774;150
1774;230
1773;250
1775;350
1774;435
1774;250
1774;250
1773;0
1774;97
1774;325
1774;250
1773;386
1774;487
1773;169
1773;171
1774;347
1774;250
1774;273
1773;305
1775;293
1775;250
1774;250
1774;551
1775;400
1775;230
1774;500
1775;380
1774;250
1774;110
1775;250
1775;230
1775;273
1775;352
1774;0
1774;369
1775;322
1774;250
1774;461
1774;250
1776;359
1775;65
1776;214
1776;403
1775;352
1775;450
1775;615
1775;352
1776;214
1776;359
1776;359
1775;420
1776;214
1776;300
1776;359
1776;359
1776;330
1777;113
1776;210
1776;214
1776;0
1776;0
1776;355
1777;370
1777;214
1777;490
1777;655
1776;356
1777;119
1778;500
1779;163
1778;430
1781;420
1780;0
1781;250
1781;210
1782;240
1781;323
1782;590
1783;329
1782;310
1782;430
1782;0
1783;225
1784;300
1784;212
1783;432
1784;359
1784;380
1785;400
1784;382
1783;262
1783;276
1783;218
1784;344
1784;359
1784;448
1784;287
1784;415
1785;177
1784;490
1785;306
1785;197
1785;520
1785;232
1785;230
1785;412
1785;489
1785;22
1785;350
1785;214
1785;225
1785;335
1786;360
1787;240
1785;393
1786;218
1786;169
1785;210
1786;437
1786;360
1785;415
1786;163
1787;382
1787;382
1786;414
1787;68
1787;108
1786;459
1787;410
1787;226
1788;284
1787;354
1789;276
1788;359
1788;450
1787;150
1787;359
1788;35
1788;240
1788;169
1788;230
1787;453
1788;109
1788;449
1787;455
1788;105
1788;427
1788;409
1788;248
1790;73
1789;121
1789;320
1789;390
1789;394
1789;408
1788;359
1789;175
1789;381
1790;310
1790;330
1789;151
1790;338
1790;270
1789;283
1790;359
1790;359
1791;377
1789;169
1790;181
1790;72
1790;80
1789;395
1790;256
1790;359
1789;237
1791;262
1790;0
1791;316
1790;210
1791;79
1790;291
1791;154
1791;83
1791;764
1791;299
1791;369
1791;80
1791;140
1791;372
1790;426
1790;396
1791;140
1791;336
1792;157
1790;58
1790;249
1792;356
1791;122
1791;279
1792;287
1791;244
1791;146
1791;0
1791;243
1792;237
1792;243
1791;0
1792;328
1792;70
1791;165
1791;381
1792;359
1791;113
1791;304
1791;359
1791;371
1792;359
1791;231
1792;380
1791;293
1792;333
1792;235
1793;359
1793;330
1793;239
1792;326
1792;248
1793;273
1792;200
1792;232
1793;156
1793;243
1792;240
1793;596
1793;300
1793;400
1792;370
1793;348
1794;416
1793;49
1794;162
1792;159
1792;56
1792;310
1793;190
1793;400
1792;412
1793;311
1793;70
1792;321
1793;374
1793;382
1792;101
1793;364
1793;154
1793;127
1793;368
1793;219
1793;227
1793;309
1793;350
1793;345
1793;432
1793;461
1793;416
1793;453
1794;413
1793;210
1793;119
1794;411
1794;0
1794;0
1794;0
1794;0
1795;420
1795;75
1794;0
1795;438
1794;0
1794;0
1794;181
1796;449
1796;52
1795;119
1795;0
1796;337
1796;404
1796;197
1797;359
1797;94
1798;342
1798;402
1797;273
1798;378
1799;276
1799;381
1800;359
1800;348
1800;412
1799;310
1799;0
1801;310
1800;359
1801;275
1802;191
1801;310
1802;275
1803;260
1802;310
1804;242
1803;389
1804;269
1804;0
1805;393
1806;277
1806;310
1806;310
1806;203
1807;267
1808;374
1787;321
1788;421
1789;49
1791;310
1791;176
1792;211
1792;162
1794;505
1796;415
1801;321
1795;467
1795;534
1795;416
1795;444
1795;420
1795;486
1795;492
1795;532
1795;387
1795;488
1795;526
1795;535
1796;538
1796;482
1795;353
1796;485
1796;281
1796;367
1796;404
1796;480
1796;444
1796;369
1796;565
1796;418
1796;531
1796;378
1796;536
1796;462
1796;308
1796;531
1796;491
1796;444
1796;486
1796;348
1796;396
1796;598
1796;506
1797;458
1797;544
1797;430
1797;540
1797;359
1797;455
1797;400
1797;428
1797;538
1797;440
1797;325
1797;505
1797;408
1797;387
1797;508
1797;433
1797;544
1797;569
1797;443
1797;428
1797;538
1797;464
1797;193
1797;526
1798;534
1798;477
1798;442
1798;271
1798;408
1798;356
1798;537
1798;371
1798;363
1798;538
1798;469
1798;353
1798;582
1798;448
1798;327
1798;516
1798;398
1798;417
1799;563
1799;460
1799;504
1799;440
1799;544
1799;471
1799;421
1799;481
1799;548
1799;492
1799;510
1799;613
1799;428
1799;537
1799;545
1799;637
1799;550
1799;474
1799;506
1800;538
1800;473
1800;393
1800;525
1800;454
1800;549
1800;594
1800;407
1800;492
1800;475
1800;427
1800;501
1800;657
1800;337
1800;412
1800;617
1800;483
1800;526
1800;547
1800;611
1800;881
1800;431
1801;525
1801;579
1801;539
1801;850
1801;521
1801;637
1801;431
1801;482
1801;721
1801;554
1801;562
1801;436
1801;510
1801;444
1801;523
1801;401
1801;565
1801;732
1801;601
1802;458
1802;544
1802;518
1802;542
1802;468
1802;500
1802;502
1802;360
1802;500
1802;445
1802;436
1802;510
1802;794
1802;523
1802;566
1802;594
1802;189
1802;633
1802;530
1802;698
1802;440
1802;451
1802;486
1802;731
1803;357
1803;823
1803;437
1803;544
1803;384
1803;511
1803;613
1803;407
1803;592
1803;522
1803;522
1803;576
1803;361
1803;874
1803;497
1803;523
1803;529
1803;505
1803;528
1803;450
1804;470
1804;219
1804;366
1804;557
1804;455
1804;520
1804;397
1804;542
1804;440
1804;752
1804;359
1804;810
1805;476
1804;525
1804;581
1804;533
1804;382
1804;400
1804;581
1804;493
1805;593
1805;372
1805;305
1805;358
1805;514
1805;487
1805;523
1805;479
1805;666
1805;461
1805;542
1805;491
1805;744
1805;352
1805;587
1805;485
1805;504
1805;622
1805;371
1805;631
1805;475
1806;511
1806;390
1806;345
1806;422
1806;547
1806;556
1806;574
1806;546
1806;528
1806;237
1806;585
1806;367
1806;305
1806;492
1806;454
1806;165
1806;259
1806;206
1806;587
1806;543
1806;316
1807;436
1807;625
1807;402
1807;358
1807;620
1807;193
1807;608
1807;475
1807;355
1807;499
1807;585
1807;555
1807;473
1807;711
1807;533
1807;451
1807;428
1807;592
1807;570
1807;490
1807;745
1807;574
1807;604
1808;689
1808;423
1808;392
1808;576
1808;525
1808;609
1808;586
1808;562
1808;200
1808;437
1808;430
1808;576
1808;400
1808;526
1808;700
1808;343
1808;51
1808;476
1808;467
1808;597
1808;649
1808;766
1808;520
1809;546
1809;521
1809;524
1809;530
1809;747
1809;466
1809;460
1809;604
1809;404
1809;514
1809;212
1809;539
1809;90
1809;451
1809;452
1809;789
1809;79
1809;521
1809;522
1809;532
1809;575
1809;465
1809;546
1809;509
1809;599
1809;588
1809;787
1809;492
1809;316
1809;574
1810;387
1810;598
1810;688
1810;457
1810;493
1810;506
1810;414
1810;557
1810;405
1810;458
1810;606
1810;401
1810;356
1810;487
1810;500
1810;540
1810;735
1810;422
1810;500
1810;262
1810;280
1810;518
1810;404
1810;630
1810;722
1810;593
1810;569
1810;560
1810;506
1810;577
1810;352
1810;495
1810;426
1810;442
1810;752
1810;448
1810;611
1810;478
1810;454
1810;277
1810;484
1810;588
1811;424
1811;457
1811;695
1811;541
1811;231
1811;549
1811;387
1811;215
1811;220
1805;135
1808;171
1808;489
1645;381
1775;567
1776;508
1778;410
1759;194
1760;219
1761;170
1762;162
1763;151
1764;216
1765;171
1766;163
1767;194
1767;200
1767;167
1768;170
1768;151
1769;192
1770;244
1770;202
1770;198
1770;143
1771;226
1771;181
1771;220
1771;185
1771;152
1772;201
1772;158
1774;2
1777;2
1761;230
1765;77
1769;220
1776;2
1783;31
1767;202
1768;176
1769;227
1775;8
1763;130
1766;137
1768;90
1770;2
1772;180
1773;201
1774;102
1765;140
1768;152
1771;114
1772;103
1773;187
1760;130
1768;116
1776;513
1778;574
1777;216
1765;26
1772;264
1775;3
1782;80
1783;31
1775;3
1777;170
1782;229
1785;226
1764;157
1765;142
1776;207
1777;218
1778;141
1779;187
1777;6
1778;6
1759;188
1760;170
1767;140
1767;130
1768;173
1770;100
1772;152
1773;174
1774;130
1769;173
1773;235
1774;221
1776;210
1772;185
1773;219
1776;207
1777;179
1778;169
1764;150
1766;155
1767;150
1775;176
1778;174
1779;218
1780;211
1781;105
1783;10
1778;5
1778;7
1781;1
1784;22
1785;18
1788;14
1761;227
1766;139
1767;172
1768;180
1770;186
1776;175
1778;184
1780;190
1781;210
1782;201
1783;257
1763;133
1772;30
1777;20
1779;22
1784;4
1788;341
1778;39
1782;11
1776;220
1777;77
1777;10
1778;10
1777;11
1778;13
1762;190
1774;109
1782;78
1773;356
1774;359
1774;359
1776;359
1777;363
1780;360
1772;269
1773;402
1776;501
1779;417
1783;501
1768;402
1770;307
1777;414
1777;282
1779;401
1782;218
1766;287
1767;383
1769;361
1770;364
1770;337
1776;491
1776;404
1774;305
1778;291
1780;263
1786;171
1763;451
1768;527
1770;531
1774;433
1773;508
1776;338
1761;513
1768;505
1777;604
1768;605
1762;550
1775;308
1778;567
1778;464
1780;374
1785;190
1767;302
1767;402
1763;650
1761;280
1772;354
1784;35
1782;403
1766;400
1770;408
1781;404
1774;432
1753;169
1852;401
1718;118
1719;130
1803;523
1690;406
1715;172
1786;354
1794;350
1797;364
1766;448
1768;448
1799;269
1801;448
1804;529
1805;529
1805;162
1760;320
1804;389
1807;389
1782;448
1798;354
1761;349
1759;320
1760;374
1786;354
1807;475
1791;354
1800;448
1767;448
1787;448
1717;374
1782;448
1760;349
1800;107
1786;354
1775;349
1793;354
1760;349
1786;354
1782;269
1782;354
1788;448
1770;448
1789;448
1779;448
1773;349
1783;354
1789;354
1761;448
1764;349
1766;448
1763;320
1805;448
1781;269
1783;296
1806;389
1767;448
1799;374
1779;354
1782;269
1782;269
1759;320
1806;448
1786;448
1782;448
1807;448
1785;448
1775;349
1772;296
1786;354
1783;171
1771;448
1771;448
1783;296
1773;448
1757;305
1762;349
1782;448
1717;374
1768;349
1784;448
1795;354
1796;354
1798;354
1766;448
1762;448
1788;364
1680;513
1681;362
1681;420
1681;376
1681;222
1683;231
1683;289
1683;347
1683;289
1683;378
1683;174
1683;216
1682;579
1684;215
1683;208
1683;230
1683;133
1684;200
1684;146
1684;168
1684;232
1685;217
1687;258
1687;235
1687;336
1687;333
1687;462
1683;289
1682;508
1683;200
1683;550
1683;118
1691;175
1695;111
1696;238
1696;251
1696;121
1696;225
1697;149
1697;122
1697;112
1697;362
1697;687
1697;226
1697;662
1698;200
1698;146
1698;106
1698;267
1698;33
1698;142
1698;141
1698;323
1698;250
1699;375
1699;375
1699;182
1699;108
1699;121
1699;148
1699;243
1699;341
1699;243
1699;247
1699;600
1699;541
1699;250
1699;486
1699;134
1700;182
1700;243
1700;121
1700;169
1700;152
1700;424
1700;187
1700;148
1700;312
1700;462
1700;127
1700;218
1700;174
1700;112
1700;82
1701;313
1701;156
1701;287
1701;417
1701;152
1701;121
1701;50
1701;84
1701;200
1701;71
1701;102
1701;160
1701;131
1701;98
1701;237
1701;237
1701;112
1701;310
1701;286
1701;277
1701;312
1701;162
1701;187
1701;237
1701;91
1701;91
1701;90
1701;310
1701;143
1701;237
1701;231
1701;59
1701;101
1701;323
1701;212
1702;52
1702;121
1702;289
1702;179
1702;175
1702;237
1702;549
1702;64
1702;149
1702;295
1702;332
1702;194
1702;100
1702;237
1702;157
1702;350
1703;121
1702;449
1702;237
1702;386
1702;386
1702;85
1702;154
1703;325
1703;237
1703;273
1703;367
1703;187
1704;160
1702;273
1704;490
1704;187
1704;281
1704;380
1705;164
1705;237
1705;380
1705;112
1705;397
1706;140
1706;237
1706;695
1706;448
1706;154
1706;394
1707;536
1708;153
1708;112
1708;440
1708;156
1698;187
1698;243
1698;130
1711;182
1711;146
1711;189
1712;134
1712;382
1712;139
1712;362
1712;146
1712;119
1712;200
1712;450
1713;200
1713;340
1713;206
1715;115
1715;92
1715;113
1715;216
1715;147
1715;130
1715;187
1715;114
1715;233
1715;104
1715;120
1715;185
1715;63
1716;112
1716;86
1716;162
1716;365
1716;110
1716;179
1716;169
1716;125
1716;273
1717;131
1717;223
1717;153
1717;90
1717;171
1717;101
1717;121
1717;338
1717;135
1717;112
1717;100
1717;151
1718;81
1718;165
1718;237
1718;117
1718;182
1718;122
1718;250
1718;161
1718;116
1718;129
1718;137
1718;118
1718;111
1718;134
1718;108
1719;75
1719;122
1719;182
1719;73
1720;133
1720;179
1720;101
1720;141
1720;35
1720;108
1720;138
1721;123
1709;120
1709;148
1710;150
1711;263
1711;239
1710;181
1711;364
1711;263
1712;237
1712;78
1713;239
1712;291
1712;286
1712;294
1712;359
1712;377
1712;323
1712;144
1712;359
1712;538
1713;192
1713;490
1713;223
1713;245
1713;203
1713;340
1714;491
1715;290
1713;100
1714;298
1714;237
1714;117
1714;187
1714;280
1714;201
1714;201
1714;324
1714;283
1714;428
1714;318
1714;381
1715;431
1719;237
1719;125
1719;132
1719;179
1719;600
1720;256
1728;449
1728;525
1729;375
1729;144
1729;0
1742;285
1744;178
1744;363
1744;195
1744;361
1688;140
1687;196
1687;175
1689;107
1687;317
1688;679
1689;289
1692;277
1693;88
1691;400
1691;67
1691;74
1700;132
1707;0
1707;374
1709;407
1708;283
1708;299
1708;142
1708;352
1708;694
1708;404
1707;0
1707;0
1707;382
1708;577
1708;250
1708;121
1708;258
1708;480
1708;480
1707;0
1708;294
1708;374
1708;208
1707;169
1708;147
1707;299
1708;317
1708;142
1708;124
1708;362
1708;371
1708;83
1708;162
1708;162
1709;241
1709;526
1708;312
1708;187
1709;315
1709;213
1707;0
1708;0
1707;0
1708;237
1708;237
1708;237
1708;237
1708;295
1695;400
1692;50
1661;35
1678;399
1679;122
1679;202
1679;75
1679;100
1680;237
1709;157
1709;163
1710;129
1710;151
1712;231
1713;85
1713;145
1713;121
1713;147
1713;392
1713;87
1713;622
1713;333
1713;339
1713;262
1680;94
1680;243
1680;100
1680;243
1680;243
1680;55
1681;237
1681;288
1681;282
1681;62
1681;139
1708;0
1709;0
1710;127
1713;110
1713;157
1714;179
1714;200
1714;181
1713;289
1713;150
1706;160
1705;106
1706;93
1706;277
1706;0
1706;172
1706;0
1706;221
1706;294
1707;568
1707;231
1707;310
1707;94
1707;202
1674;251
1675;408
1674;316
1674;316
1697;179
1708;237
1674;330
1674;316
1674;179
1675;251
1675;316
1675;316
1676;299
1676;256
1707;0
1707;0
1709;163
1709;0
1709;0
1710;273
1711;220
1713;355
1713;367
1706;273
1706;317
1706;532
1706;489
1706;294
1706;297
1706;339
1706;0
1706;335
1706;160
1706;273
1706;184
1707;328
1707;193
1707;300
1707;189
1707;215
1707;275
1708;602
1708;121
1711;144
1710;121
1713;172
1713;112
1713;281
1678;179
1679;70
1680;243
1680;251
1680;251
1681;243
1681;243
1682;243
1682;253
1682;404
1682;179
1682;243
1682;243
1682;243
1682;243
1683;243
1683;243
1683;118
1683;154
1683;304
1683;304
1683;243
1683;243
1683;381
1683;243
1683;243
1683;243
1683;243
1679;75
1680;243
1681;237
1681;243
1681;243
1681;243
1681;243
1682;437
1683;362
1683;187
1679;87
1679;375
1681;243
1681;243
1681;243
1681;243
1682;243
1682;243
1682;243
1682;243
1682;243
1682;243
1682;243
1684;316
1685;190
1685;0
1686;270
1686;120
1685;100
1688;80
1706;184
1687;200
1662;217
1663;251
1688;0
1690;404
1685;190
1686;179
1686;150
1685;179
1687;250
1695;100
1695;317
1697;317
1697;317
1697;317
1683;317
1683;243
1684;275
1684;243
1684;243
1685;243
1685;243
1685;316
1685;304
1685;317
1685;146
1685;0
1685;0
1686;243
1686;243
1687;243
1687;265
1687;102
1687;251
1687;76
1691;118
1691;243
1692;300
1692;0
1692;237
1694;92
1693;374
1694;154
1693;168
1683;243
1683;75
1683;243
1683;243
1684;424
1684;243
1685;243
1685;243
1685;243
1685;255
1685;243
1686;35
1686;30
1687;524
1691;91
1692;243
1692;243
1692;346
1692;461
1692;499
1693;243
1694;243
1694;243
1695;700
1686;191
1686;100
1688;243
1688;303
1688;243
1699;430
1683;243
1683;243
1685;243
1685;243
1685;243
1688;243
1688;243
1690;304
1694;243
1696;108
1697;243
1697;250
1698;243
1695;427
1696;243
1695;316
1696;251
1696;102
1696;263
1697;317
1697;317
1697;251
1697;179
1687;149
1686;149
1696;599
1696;243
1696;243
1703;127
1703;301
1703;159
1703;352
1703;316
1703;161
1703;247
1704;236
1704;0
1704;200
1704;200
1704;300
1704;126
1680;243
1680;404
1680;150
1704;0
1704;0
1704;200
1704;450
1705;300
1704;262
1704;305
1704;300
1704;264
1704;303
1704;100
1704;124
1704;0
1705;163
1705;197
1705;97
1705;140
1705;136
1705;300
1705;524
1705;185
1705;80
1705;239
1705;273
1705;272
1705;222
1706;0
1678;243
1678;243
1679;137
1682;0
1682;243
1682;160
1683;243
1683;62
1683;87
1684;179
1692;400
1661;209
1662;145
1662;330
1662;330
1663;164
1668;564
1676;350
1675;115
1675;112
1677;317
1677;317
1677;243
1677;243
1665;251
1666;235
1666;235
1666;235
1667;212
1698;243
1700;286
1701;71
1701;192
1701;75
1704;302
1701;230
1701;327
1702;179
1704;327
1705;361
1705;136
1705;112
1706;150
1706;370
1706;375
1708;370
1713;200
1696;243
1664;0
1665;131
1665;0
1665;300
1681;253
1664;223
1678;125
1679;147
1681;251
1683;251
1682;404
1686;251
1687;251
1690;251
1700;404
1700;0
1702;67
1703;109
1687;173
1702;238
1710;316
1691;243
1691;243
1701;250
1698;294
1698;437
1698;250
1699;119
1699;499
1699;164
1699;181
1699;125
1699;237
1699;499
1699;402
1699;346
1699;499
1699;107
1699;500
1699;412
1699;196
1700;160
1700;160
1700;237
1700;431
1700;274
1700;141
1700;175
1700;562
1700;132
1700;65
1700;474
1700;162
1700;318
1700;122
1700;208
1700;294
1700;162
1700;458
1700;91
1700;79
1701;85
1701;562
1701;176
1701;167
1701;115
1701;157
1701;146
1701;337
1701;211
1701;64
1701;499
1701;274
1701;154
1701;96
1701;395
1701;416
1701;499
1701;255
1701;287
1701;109
1701;86
1701;49
1701;275
1701;74
1701;300
1701;467
1701;122
1701;142
1702;275
1702;145
1702;175
1702;115
1702;139
1702;106
1702;125
1702;600
1702;112
1702;156
1703;202
1702;244
1702;83
1702;227
1702;383
1703;322
1703;299
1703;179
1704;239
1704;199
1704;220
1704;538
1705;167
1705;275
1705;249
1705;156
1705;234
1705;239
1705;215
1705;362
1707;159
1707;348
1703;172
1703;136
1712;301
1713;237
1707;237
1705;160
1678;246
1678;300
1678;243
1680;150
1665;341
1666;605
1664;245
1701;196
1699;50
1708;187
1685;240
1687;260
1681;427
1683;154
1709;120
1697;388
1711;0
1711;110
1695;188
1696;218
1698;494
1699;482
1699;237
1700;400
1701;80
1702;61
1702;200
1702;164
1705;148
1705;187
1705;112
1708;89
1708;149
1693;243
1700;251
1708;0
1701;200
1699;243
1697;145
1664;287
1674;100
1674;330
1699;49
1702;237
1703;273
1696;55
1711;281
1738;97
1711;92
1662;179
1712;487
1662;125
1697;587
1697;155
1697;167
1664;200
1664;135
1676;61
1676;304
1681;122
1677;122
1676;346
1658;145
1658;145
1659;145
1682;135
1683;27
1682;326
1670;563
1670;434
1672;459
1672;275
1652;0
1652;0
1659;385
1659;195
1659;557
1661;225
1661;82
1658;1601
1662;0
1661;145
1661;316
1661;0
1661;0
1661;100
1665;174
1668;330
1644;313
1645;32
1671;386
1679;380
1679;290
1703;0
1669;251
1670;251
1667;375
1667;291
1667;291
1667;291
1695;394
1737;260
1741;304
1701;103
1701;103
1713;606
1713;113
1713;117
1714;131
1714;274
1684;319
1721;272
1727;322
1701;124
1675;151
1675;151
1701;272
1694;108
1736;250
1696;0
1723;153
1690;319
1643;77
1731;230
1724;449
1717;419
1714;167
1715;227
1715;179
1715;323
1740;322
1715;269
1715;159
1716;407
1716;111
1716;95
1716;358
1717;562
1717;150
1740;154
1717;239
1717;116
1718;562
1718;44
1721;316
1722;285
1722;341
1722;179
1722;96
1723;340
1723;317
1723;187
1724;315
1724;233
1724;168
1724;407
1724;240
1724;260
1725;292
1725;242
1725;281
1725;217
1725;272
1725;144
1726;236
1726;284
1726;261
1726;246
1727;228
1727;235
1730;145
1730;224
1730;363
1730;236
1730;201
1730;145
1731;54
1731;139
1733;52
1733;240
1734;189
1743;27
1738;135
1720;272
1784;200
1786;600
1715;169
1716;10
1716;159
1719;132
1722;62
1717;190
1716;169
1682;404
1683;404
1698;452
1698;220
1698;350
1682;316
1682;316
1682;316
1697;350
1660;330
1641;299
1647;100
1655;320
1648;350
1695;244
1699;243
1699;149
1718;141
1729;250
1756;109
1692;133
1721;192
1762;138
1686;250
1687;400
1687;100
1688;375
1688;243
1690;596
1691;261
1691;339
1691;373
1692;568
1692;373
1692;624
1692;687
1692;624
1693;687
1693;208
1693;386
1693;562
1693;391
1693;734
1693;747
1693;233
1693;250
1694;562
1694;152
1694;225
1695;648
1696;613
1699;773
1699;576
1699;414
1701;526
1702;251
1702;200
1703;258
1715;247
1693;738
1694;729
1694;484
1699;494
1683;334
1688;105
1644;284
1645;100
1647;392
1646;251
1645;251
1645;244
1645;72
1645;211
1645;211
1645;244
1645;211
1645;392
1646;211
1646;251
1646;251
1646;244
1646;251
1647;211
1646;211
1646;244
1644;244
1646;211
1646;260
1646;251
1646;244
1646;211
1647;251
1647;244
1647;251
1644;330
1656;54
1656;163
1656;251
1702;185
1702;197
1702;393
1647;191
1647;251
1716;272
1723;121
1748;56
1718;492
1792;43
1700;381
1700;381
1762;95
1750;320
1756;230
1756;230
1757;82
1757;90
1757;75
1757;140
1759;230
1759;72
1759;200
1777;200
1755;135
1754;156
1754;98
1755;75
1755;299
1762;260
1753;180
1754;110
1752;117
1756;230
1755;135
1753;192
1754;125
1756;54
1759;248
1760;266
1760;229
1761;225
1761;0
1763;225
1764;225
1765;222
1765;221
1765;282
1767;63
1766;116
1767;65
1728;196
1754;250
1755;124
1755;211
1756;250
1756;140
1711;237
1710;237
1709;237
1710;104
1710;237
1711;476
1710;237
1711;237
1711;237
1711;169
1711;237
1711;237
1712;237
1712;237
1712;237
1712;237
1708;237
1708;237
1706;237
1707;148
1709;237
1709;237
1710;276
1711;272
1704;148
1704;0
1703;148
1704;148
1704;237
1705;237
1706;237
1705;237
1705;237
1705;237
1706;237
1706;237
1706;237
1706;237
1706;237
1708;237
1706;0
1703;185
1702;237
1702;237
1702;237
1703;237
1700;243
1702;237
1701;237
1701;237
1701;237
1702;237
1703;237
1703;237
1702;237
1703;148
1702;121
1702;237
1704;237
1704;187
1704;175
1704;237
1704;237
1704;517
1701;237
1701;237
1700;148
1701;121
1701;237
1702;237
1701;237
1701;121
1700;243
1701;237
1702;237
1702;237
1702;237
1702;237
1701;237
1701;237
1703;228
1701;237
1702;237
1701;237
1701;148
1702;272
1700;243
1701;237
1700;243
1701;169
1700;243
1701;237
1700;243
1700;243
1700;243
1700;243
1700;243
1700;243
1700;243
1700;243
1700;243
1700;243
1700;243
1700;148
1700;243
1700;243
1700;243
1700;243
1700;243
1700;243
1699;243
1699;246
1699;243
1699;121
1700;243
1699;243
1699;243
1700;243
1699;243
1699;243
1698;260
1698;286
1733;271
1699;256
1679;337
1700;243
1687;29
1687;185
1754;250
1754;250
1754;250
1729;146
1759;400
1717;90
1770;169
1704;237
1704;293
1705;167
1740;275
1750;250
1750;271
1749;271
1711;610
1719;121
1730;121
1722;30
1736;240
1741;271
1742;271
1757;160
1743;271
1717;252
1717;225
1719;0
1717;237
1718;237
1718;237
1719;225
1719;225
1719;225
1719;0
1719;159
1719;225
1719;225
1719;225
1698;40
1698;174
1719;118
1760;400
1760;250
1760;169
1760;200
1760;250
1760;250
1759;250
1760;196
1760;250
1760;276
1760;250
1760;250
1760;230
1760;250
1760;250
1760;171
1760;250
1760;169
1762;264
1762;250
1761;169
1761;250
1761;672
1761;169
1761;250
1762;250
1761;169
1762;36
1761;0
1762;257
1762;169
1762;62
1762;169
1761;226
1762;226
1762;250
1762;250
1762;87
1762;194
1762;288
1762;0
1762;250
1762;250
1762;386
1762;169
1761;250
1762;230
1763;185
1765;196
1763;250
1764;169
1763;0
1763;0
1763;250
1763;148
1763;0
1763;169
1764;96
1763;60
1763;0
1763;169
1764;133
1764;244
1765;331
1764;383
1764;250
1763;216
1764;169
1764;319
1764;154
1763;0
1764;149
1764;169
1764;250
1764;196
1764;204
1764;355
1764;270
1764;226
1764;169
1764;169
1765;101
1764;236
1764;0
1765;210
1765;250
1765;196
1766;42
1765;172
1766;301
1765;171
1765;250
1765;0
1766;250
1765;250
1765;0
1765;248
1766;250
1765;250
1765;338
1766;250
1766;222
1765;230
1766;111
1766;250
1765;169
1765;148
1767;310
1766;276
1766;196
1767;0
1766;226
1766;0
1767;169
1767;169
1767;367
1768;152
1767;149
1767;0
1767;120
1767;59
1767;250
1767;414
1768;143
1768;152
1767;300
1767;226
1763;31
1768;196
1770;0
1768;250
1768;386
1767;290
1768;276
1768;149
1768;386
1768;250
1769;250
1769;250
1769;0
1769;0
1769;107
1769;240
1770;203
1770;250
1770;250
1770;250
1770;250
1770;149
1770;149
1770;250
1770;276
1771;250
1771;138
1771;122
1771;250
1771;149
1771;171
1772;178
1771;250
1771;276
1771;250
1771;147
1772;352
1771;169
1772;250
1772;196
1772;149
1772;356
1773;169
1772;250
1772;224
1772;196
1772;169
1772;196
1772;250
1772;276
1773;250
1773;83
1773;149
1773;134
1773;102
1773;149
1773;388
1773;134
1773;250
1774;169
1773;0
1773;100
1774;226
1774;226
1774;226
1774;149
1774;169
1773;149
1774;273
1774;250
1774;169
1774;149
1774;250
1775;149
1774;250
1774;85
1774;83
1775;527
1774;143
1774;250
1774;250
1774;305
1775;116
1775;149
1776;310
1775;250
1775;250
1775;250
1775;386
1775;250
1775;169
1775;169
1775;169
1776;210
1775;250
1775;305
1776;169
1775;171
1776;169
1775;169
1775;169
1776;149
1775;113
1776;149
1776;359
1776;359
1776;386
1776;20
1776;349
1776;310
1776;100
1776;310
1776;56
1776;169
1777;273
1777;226
1777;169
1801;100
1777;119
1778;149
1778;0
1779;451
1777;40
1776;310
1773;144
1777;201
1769;120
1770;126
1771;59
1771;59
1771;3
1772;87
1773;34
1773;24
1774;23
1774;45
1775;75
1776;25
1776;30
1761;169
1762;237
1764;343
1763;270
1764;267
1764;94
1764;53
1764;179
1764;350
1764;169
1764;120
1764;169
1765;178
1766;282
1765;169
1766;100
1766;304
1766;221
1767;280
1768;117
1767;250
1762;90
1764;130
1764;100
1765;74
1765;203
1765;149
1767;50
1766;86
1767;0
1766;78
1768;63
1750;117
1750;174
1752;242
1752;187
1751;180
1751;48
1751;133
1751;51
1751;250
1752;442
1752;300
1752;208
1753;294
1753;134
1753;116
1753;124
1754;133
1754;164
1754;370
1755;230
1755;57
1755;83
1755;154
1754;215
1756;166
1756;181
1756;158
1754;83
1751;276
1753;234
1754;152
1752;130
1750;196
1750;350
1751;250
1750;255
1751;149
1751;83
1751;229
1751;276
1749;386
1749;120
1751;250
1751;250
1751;0
1751;273
1751;149
1751;94
1751;250
1752;169
1752;250
1752;250
1752;284
1752;170
1753;63
1752;70
1752;226
1753;174
1752;36
1752;386
1753;56
1753;65
1753;91
1752;149
1753;250
1753;250
1753;276
1754;276
1755;73
1753;250
1754;142
1755;124
1755;250
1755;174
1752;250
1755;250
1755;250
1756;69
1756;100
1756;230
1756;118
1756;83
1756;83
1757;83
1756;83
1758;100
1758;83
1758;80
1758;18
1759;50
1759;549
1777;118
1777;72
1777;0
1777;25
1777;85
1754;35
1754;87
1754;36
1754;160
1755;48
1757;60
1755;100
1756;51
1756;130
1756;70
1755;83
1757;169
1757;171
1775;500
1775;60
1775;70
1775;171
1776;230
1776;110
1776;32
1785;18
1792;63
1796;130
1719;0
1720;0
1729;149
1733;149
1732;95
1645;149
1758;120
1758;13
1759;169
1761;130
1762;242
1763;200
1763;120
1763;200
1763;136
1764;150
1764;100
1766;250
1764;65
1764;70
1766;70
1766;200
1766;111
1767;80
1767;60
1768;50
1767;80
1768;140
1768;0
1768;140
1769;100
1769;64
1769;148
1775;103
1753;43
1714;66
1714;101
1714;241
1714;11
1714;167
1714;170
1715;156
1715;118
1715;27
1717;90
1718;118
1718;132
1718;113
1719;124
1719;126
1719;120
1719;78
1719;60
1722;120
1723;142
1723;143
1724;138
1724;99
1724;131
1725;180
1725;132
1725;180
1725;172
1726;62
1726;189
1726;173
1729;298
1729;161
1730;166
1731;233
1731;150
1736;68
1736;152
1736;48
1737;134
1727;207
1715;121
1718;83
1721;142
1645;149
1651;181
1650;181
1678;53
1680;149
1681;0
1700;31
1729;93
1729;95
1730;95
1733;67
1732;164
1733;113
1737;149
1726;83
1721;131
1724;158
1718;48
1727;149
1728;149
1729;271
1731;162
1732;149
1732;0
1735;271
1736;149
1737;0
1736;149
1736;200
1740;123
1739;50
1740;82
1740;149
1741;149
1741;149
1743;20
1743;149
1743;149
1742;141
1744;95
1744;149
1749;271
1752;149
1746;149
1747;149
1748;149
1748;149
1750;149
1749;149
1749;149
1751;43
1750;149
1750;149
1750;149
1752;149
1753;149
1753;149
1757;135
1750;170
1752;260
1760;92
1760;236
1760;95
1760;149
1760;94
1761;76
1762;95
1761;149
1761;83
1762;149
1763;96
1759;155
1763;149
1763;149
1763;149
1764;149
1763;149
1765;82
1764;118
1764;149
1765;100
1764;43
1765;200
1766;149
1766;149
1767;133
1768;140
1768;220
1767;149
1770;253
1769;149
1770;265
1769;149
1771;147
1771;226
1770;149
1770;149
1770;149
1770;149
1771;149
1771;149
1772;149
1773;247
1772;149
1774;216
1772;149
1774;273
1772;149
1773;149
1773;149
1773;149
1774;149
1773;149
1773;149
1774;149
1774;149
1774;149
1774;149
1774;149
1773;29
1774;149
1785;130
1787;152
1786;41
1789;35
1791;149
1791;115
1794;130
1795;149
1796;35
1795;149
1790;149
1791;93
1790;38
1786;245
1793;130
1793;110
1794;94
1793;94
1793;50
1793;40
1763;94
1763;71
1763;93
1765;0
1765;142
1766;0
1766;120
1807;101
1804;267
1715;46
1716;52
1722;149
1723;83
1733;257
1733;71
1717;130
1750;149
1761;0
1761;95
1761;118
1761;95
1761;80
1761;149
1760;134
1760;83
1760;83
1761;83
1762;162
1761;95
1761;83
1760;95
1760;95
1761;128
1751;75
1751;123
1751;181
1760;83
1762;149
1764;99
1763;118
1764;105
1764;134
1764;185
1765;83
1765;83
1765;70
1765;59
1796;138
1792;130
1792;149
1792;94
1799;149
1717;72
1718;150
1718;131
1725;71
1754;10
1754;11
1762;112
1717;57
1719;156
1720;123
1755;45
1772;118
1766;83
1755;72
1767;80
1767;83
1765;55
1766;70
1765;83
1805;0
1805;0
1807;92
1807;38
1783;94
1783;149
1784;192
1784;110
1784;368
1785;166
1782;149
1786;150
1795;500
1791;0
1797;120
1800;80
1803;0
1800;94
1804;114
1804;286
1804;239
1804;177
1804;127
1804;543
1804;70
1804;158
1804;267
1804;99
1804;118
1804;118
1804;150
1805;53
1805;59
1805;113
1806;97
1806;100
1805;149
1805;159
1805;59
1805;215
1805;174
1805;12
1805;40
1805;108
1805;71
1805;48
1805;139
1805;227
1805;70
1805;153
1805;153
1805;126
1805;300
1805;75
1805;0
1805;298
1805;55
1806;110
1806;103
1806;153
1806;295
1806;149
1806;77
1806;125
1806;332
1806;101
1806;137
1806;123
1806;81
1806;66
1806;49
1806;87
1806;126
1806;267
1806;240
1807;240
1806;83
1806;263
1806;149
1806;149
1806;273
1807;91
1807;102
1806;72
1807;153
1807;59
1807;80
1807;250
1761;96
1807;114
1807;509
1807;153
1807;245
1807;612
1807;320
1807;465
1807;239
1807;114
1807;343
1807;86
1807;499
1807;109
1807;118
1807;152
1807;106
1808;165
1807;143
1807;187
1785;137
1793;108
1806;267
1806;59
1807;328
1807;185
1807;299
1807;332
1807;290
1807;0
1808;149
1807;101
1807;368
1808;153
1808;238
1807;153
1807;268
1807;114
1807;149
1807;106
1807;68
1807;149
1807;111
1807;106
1806;160
1806;83
1806;126
1806;267
1806;101
1806;121
1806;300
1806;146
1806;208
1807;87
1807;153
1807;149
1807;242
1807;220
1807;300
1807;439
1807;167
1807;163
1807;56
1807;267
1807;149
1805;65
1807;209
1806;293
1786;107
1794;94
1795;149
1794;119
1795;149
1796;289
1796;45
1796;149
1797;149
1807;130
1803;400
1807;149
1807;112
1807;267
1807;149
1807;120
1807;149
1807;101
1807;153
1808;159
1807;83
1807;267
1807;149
1807;101
1807;267
1807;299
1807;101
1807;224
1807;153
1807;267
1807;83
1807;101
1807;101
1807;267
1807;300
1792;250
1807;101
1803;320
1798;97
1802;149
1803;0
1802;149
1803;153
1804;268
1804;149
1796;78
1787;149
1804;149
1804;149
1804;153
1804;98
1805;149
1806;153
1787;149
1787;149
1787;94
1789;149
1790;149
1790;0
1790;151
1790;130
1791;144
1791;149
1792;149
1792;149
1792;149
1792;149
1793;149
1793;149
1797;269
1794;75
1796;74
1796;375
1797;96
1797;149
1800;149
1797;149
1753;150
1732;149
1734;110
1735;52
1730;245
1733;149
1738;100
1738;200
1737;172
1739;569
1713;395
1718;367
1737;200
1718;169
1758;149
1736;250
1753;250
1768;169
1768;276
1703;386
1698;149
1698;149
1679;337
1679;337
1733;169
1686;304
1699;303
1679;149
1671;304
1783;174
1791;118
1792;69
1793;281
1794;145
1794;45
1791;45
1792;149
1791;114
1792;47
1793;167
1793;200
1790;75
1715;156
1715;169
1720;170
1721;273
1721;273
1721;311
1734;169
1734;169
1731;240
1693;365
1693;251
1736;237
1714;169
1714;169
1714;169
1714;190
1714;148
1715;169
1712;112
1715;124
1715;136
1715;273
1715;497
1716;0
1716;60
1717;260
1717;273
1718;273
1718;396
1719;276
1721;273
1721;340
1721;273
1720;121
1720;273
1721;273
1720;0
1721;200
1723;169
1724;273
1724;377
1725;50
1725;273
1726;169
1726;273
1728;169
1727;169
1727;149
1728;148
1728;169
1728;169
1728;169
1728;149
1728;273
1728;169
1729;148
1729;169
1729;169
1729;169
1729;149
1730;169
1729;169
1729;169
1730;169
1730;220
1730;149
1732;273
1733;190
1713;212
1765;123
1769;83
1794;149
1807;89
1715;273
1719;273
1751;57
1759;25
1726;372
1730;350
1730;418
1751;250
1766;148
1797;94
1685;0
1715;307
1770;180
1772;196
1713;237
1713;237
1730;271
1730;118
1731;121
1730;273
1731;271
1731;331
1731;150
1730;273
1773;412
1731;271
1731;240
1731;180
1731;276
1731;271
1731;276
1732;273
1732;125
1732;150
1732;271
1732;169
1732;271
1732;271
1733;271
1732;271
1733;271
1733;271
1731;271
1734;9
1733;308
1733;271
1732;123
1733;271
1732;169
1733;271
1733;263
1734;123
1734;149
1734;271
1733;271
1734;271
1734;271
1735;0
1735;271
1735;121
1730;386
1734;0
1734;271
1729;271
1729;271
1729;271
1730;174
1730;429
1730;349
1729;271
1730;271
1730;363
1730;271
1730;110
1730;147
1730;271
1730;212
1730;271
1730;271
1730;271
1730;217
1730;271
1730;271
1728;226
1728;273
1728;20
1728;271
1730;271
1730;331
1729;271
1729;271
1729;273
1729;273
1737;322
1729;276
1729;271
1729;247
1730;271
1730;271
1729;273
1729;271
1729;271
1731;162
1729;271
1730;276
1726;271
1727;271
1737;381
1733;271
1735;271
1736;271
1729;148
1727;226
1727;121
1728;274
1729;271
1726;90
1726;130
1726;253
1726;190
1725;568
1724;250
1724;145
1718;118
1732;271
1734;273
1738;386
1751;65
1754;169
1759;257
1760;84
1760;187
1760;210
1761;250
1761;352
1761;226
1761;386
1764;250
1765;440
1765;110
1765;165
1769;104
1771;122
1772;111
1772;225
1772;139
1774;146
1774;311
1773;353
1773;165
1773;95
1774;40
1797;145
1797;149
1797;149
1802;149
1802;149
1804;234
1807;234
1783;183
1782;106
1727;316
1727;273
1727;0
1727;271
1728;121
1728;148
1729;234
1730;271
1729;240
1729;271
1728;271
1728;273
1728;273
1720;134
1759;250
1764;250
1765;250
1766;110
1766;250
1719;10
1753;141
1728;271
1727;234
1727;240
1727;226
1736;367
1727;271
1728;376
1728;271
1736;271
1732;160
1736;271
1728;271
1728;271
1728;271
1727;271
1727;271
1728;271
1730;271
1727;271
1727;271
1657;251
1654;314
1654;314
1738;271
1739;271
1644;90
1738;271
1739;321
1737;271
1737;271
1740;271
1737;271
1736;271
1737;271
1737;362
1737;254
1662;317
1670;330
1674;330
1656;330
1656;239
1661;330
1662;330
1668;280
1668;259
1668;316
1668;251
1668;251
1679;243
1728;271
1728;271
1728;271
1728;271
1728;271
1730;271
1668;330
1669;330
1737;271
1727;271
1728;271
1729;271
1730;271
1731;271
1732;271
1733;271
1734;271
1735;271
1737;271
1739;271
1733;271
1648;100
1648;251
1647;251
1646;0
1642;244
1642;32
1644;179
1644;179
1644;179
1644;179
1645;70
1649;325
1739;331
1739;308
1740;383
1739;271
1738;322
1739;271
1739;240
1739;252
1739;271
1760;216
1758;15
1657;330
1690;243
1655;330
1658;330
1658;145
1657;330
1658;330
1672;330
1677;243
1672;330
1725;83
1733;149
1740;195
1695;243
1698;243
1693;243
1698;243
1773;0
1768;186
1768;100
1786;107
1730;480
1743;138
1703;237
1783;173
1787;30
1755;252
1754;264
1764;169
1777;204
1778;335
1716;237
1758;94
1758;80
1763;110
1773;352
1652;347
1655;347
1716;257
1732;150
1736;150
1668;276
1648;239
1646;347
1654;145
1655;145
1655;145
1655;145
1755;267
1655;145
1655;145
1655;145
1655;145
1655;145
1655;145
1655;145
1655;145
1654;145
1654;145
1654;145
1654;170
1655;145
1654;145
1654;145
1652;145
1652;145
1654;150
1660;145
1660;0
1660;145
1659;145
1660;190
1660;145
1660;145
1673;285
1654;212
1659;145
1672;285
1659;145
1658;145
1658;145
1659;145
1700;0
1700;145
1662;347
1802;139
1774;94
1802;139
1644;253
1643;480
1645;400
1644;600
1644;260
1654;253
1739;276
1807;149
1755;250
1755;250
1755;250
1755;169
1755;169
1755;169
1755;153
1755;93
1755;250
1755;166
1755;250
1755;250
1755;250
1755;83
1757;250
1756;223
1757;61
1756;250
1757;169
1756;0
1757;250
1757;250
1756;250
1756;46
1757;75
1757;250
1756;0
1757;250
1757;0
1757;250
1758;0
1758;250
1758;250
1758;250
1758;250
1759;230
1753;58
1754;91
1754;42
1754;88
1754;90
1754;210
1754;69
1755;82
1756;54
1756;157
1756;138
1756;92
1756;81
1756;72
1756;51
1757;74
1757;100
1757;76
1758;26
1759;170
1760;42
1752;133
1750;271
1750;238
1740;271
1740;271
1738;271
1741;271
1741;234
1741;273
1741;271
1741;271
1741;271
1744;205
1743;232
1743;121
1744;274
1744;335
1745;372
1745;232
1745;203
1745;289
1745;181
1745;160
1746;426
1746;317
1746;291
1746;409
1746;230
1747;542
1747;277
1747;226
1747;303
1746;414
1746;262
1747;207
1748;457
1748;276
1748;100
1748;331
1748;273
1748;151
1748;173
1748;277
1748;273
1749;403
1747;38
1747;159
1748;101
1747;81
1748;61
1749;152
1749;109
1749;158
1749;28
1744;271
1745;235
1744;271
1744;66
1744;271
1744;315
1744;0
1746;271
1747;238
1747;370
1747;322
1747;271
1747;271
1747;271
1747;0
1747;271
1775;196
1747;271
1748;0
1749;271
1747;240
1748;271
1748;149
1748;386
1747;271
1748;271
1748;271
1748;0
1748;271
1749;294
1750;159
1749;271
1750;149
1749;271
1749;271
1749;0
1750;149
1750;271
1750;136
1750;271
1750;271
1750;172
1751;83
1753;83
1754;26
1750;11
1752;15
1751;36
1753;17
1755;27
1755;26
1765;255
1765;117
1767;113
1768;81
1769;56
1716;125
1774;149
1776;273
1776;273
1758;32
1762;32
1762;112
1763;143
1763;194
1762;178
1763;50
1763;64
1763;136
1764;61
1764;80
1764;80
1764;133
1764;74
1765;121
1765;36
1765;58
1766;80
1768;42
1756;81
1792;340
1795;340
1645;350
1723;144
1722;194
1658;288
1717;744
1731;26
1732;32
1736;14
1734;8
1762;78
1725;600
1727;195
1727;178
1727;86
1727;122
1725;94
1726;198
1793;116
1791;192
1795;130
1792;33
1791;130
1791;94
1795;130
1794;113
1794;210
1794;94
1796;149
1796;77
1795;83
1796;216
1796;166
1797;94
1796;134
1801;310
1802;101
1802;267
1802;101
1802;83
1802;352
1803;81
1804;374
1803;162
1804;101
1804;101
1804;267
1804;101
1805;83
1805;267
1805;101
1805;153
1805;267
1807;267
1727;273
1727;271
1679;149
1750;250
1763;116
1762;149
1764;194
1760;95
1759;59
1667;312
1731;271
1570;395
1572;359
1575;388
1585;359
1585;359
1565;400
1585;226
1585;359
1586;359
1586;359
1587;359
1587;359
1587;699
1587;359
1587;250
1587;472
1588;194
1588;93
1586;92
1588;300
1588;289
1588;92
1588;170
1588;60
1589;73
1589;104
1589;253
1610;371
1589;146
1589;275
1589;156
1589;140
1589;484
1589;372
1590;115
1590;99
1590;248
1590;117
1590;141
1590;130
1590;220
1591;69
1591;164
1591;359
1593;124
1593;242
1593;96
1593;134
1593;105
1593;344
1593;52
1594;5
1594;98
1594;389
1594;190
1594;56
1594;129
1594;54
1594;49
1595;32
1595;397
1595;180
1610;214
1609;128
1609;143
1609;181
1610;380
1610;143
1610;355
1611;167
1612;359
1613;359
1613;359
1617;397
1617;413
1618;481
1620;359
1620;481
1620;621
1612;371
1612;346
1612;147
1612;413
1613;330
1615;204
1614;359
1614;359
1614;359
1614;359
1615;282
1615;191
1615;142
1616;413
1616;34
1617;222
1617;156
1617;238
1617;220
1617;142
1617;254
1617;236
1617;169
1617;215
1617;212
1617;50
1618;481
1618;629
1619;659
1618;338
1618;413
1618;329
1618;335
1618;329
1619;447
1619;381
1619;346
1620;376
1620;208
1620;246
1620;640
1620;397
1620;196
1620;584
1621;420
1620;360
1620;413
1620;413
1621;363
1621;204
1621;443
1621;323
1621;430
1621;436
1621;256
1621;235
1621;481
1621;326
1621;374
1622;256
1622;452
1622;413
1622;200
1622;194
1622;413
1622;256
1622;265
1799;130
1795;51
1759;8
1724;53
1783;116
1621;420
1533;224
1586;359
1585;397
1583;185
1585;359
1794;512
1783;400
1737;352
1532;25
1586;359
1587;291
1590;242
1595;386
1595;229
1595;140
1595;312
1595;159
1595;279
1595;287
1595;196
1595;594
1595;275
1596;338
1596;152
1596;361
1596;296
1596;167
1596;510
1596;371
1596;456
1596;417
1596;498
1596;419
1596;338
1597;318
1597;289
1597;259
1597;289
1597;171
1597;207
1597;192
1597;202
1597;197
1597;267
1597;36
1597;157
1597;208
1597;434
1597;211
1597;339
1597;184
1597;201
1597;130
1597;215
1598;413
1598;233
1598;144
1598;113
1598;156
1598;420
1598;240
1598;203
1598;204
1598;206
1598;281
1598;344
1598;173
1598;241
1598;227
1598;381
1598;137
1598;182
1598;168
1599;199
1599;370
1599;225
1599;207
1599;167
1599;214
1599;244
1599;199
1599;372
1599;272
1599;228
1599;299
1599;116
1599;222
1599;240
1599;189
1599;190
1599;180
1599;259
1599;389
1599;304
1599;327
1599;188
1600;247
1600;201
1600;212
1600;248
1600;223
1600;330
1600;207
1600;191
1600;232
1600;361
1600;105
1600;151
1600;330
1600;247
1600;324
1600;203
1600;237
1600;176
1600;263
1600;302
1600;247
1601;346
1601;125
1601;239
1601;167
1601;118
1601;269
1601;227
1601;242
1601;220
1601;304
1601;177
1601;199
1601;312
1601;141
1601;198
1601;203
1601;185
1601;265
1601;171
1596;447
1597;178
1598;413
1598;113
1598;198
1598;384
1598;244
1599;287
1599;375
1599;211
1599;448
1599;293
1599;171
1599;215
1600;173
1600;146
1600;343
1600;363
1600;304
1601;357
1601;382
1601;386
1601;388
1601;413
1601;394
1601;397
1601;385
1596;413
1597;392
1600;356
1599;143
1598;152
1596;36
1597;72
1598;202
1597;448
1597;375
1598;448
1596;346
1599;404
1604;365
1605;183
1605;245
1605;341
1605;265
1605;238
1605;386
1605;342
1606;200
1607;388
1608;296
1608;287
1608;371
1608;320
1608;430
1608;317
1608;312
1608;413
1608;300
1609;413
1609;329
1609;405
1609;397
1610;376
1610;167
1610;405
1610;307
1610;356
1610;280
1610;157
1610;234
1610;380
1611;392
1611;303
1611;364
1611;375
1611;374
1611;162
1611;363
1611;304
1611;152
1611;135
1612;329
1612;348
1612;110
1612;368
1612;254
1612;213
1612;354
1613;386
1613;381
1613;374
1613;366
1613;341
1613;343
1614;361
1615;231
1616;235
1616;120
1616;345
1617;150
1617;158
1617;200
1617;170
1617;180
1618;339
1618;380
1618;371
1618;380
1618;189
1618;371
1619;352
1619;357
1619;413
1619;368
1619;349
1619;413
1619;455
1619;395
1619;350
1619;375
1619;413
1620;424
1620;368
1620;427
1620;406
1620;345
1620;443
1620;580
1621;267
1621;488
1621;278
1621;450
1619;376
1621;383
1621;171
1621;210
1621;478
1621;388
1621;316
1621;371
1622;413
1622;456
1622;248
1622;397
1624;356
1624;245
1624;371
1625;353
1625;393
1625;163
1626;230
1626;363
1627;369
1629;371
1630;382
1631;359
1631;371
1631;169
1631;371
1700;243
1633;355
1634;346
1634;371
1634;346
1634;342
1634;355
1635;378
1636;386
1638;371
1638;363
1638;363
1638;371
1639;371
1639;363
1639;387
1639;371
1640;371
1609;359
1609;191
1622;346
1622;503
1622;504
1622;413
1622;277
1622;454
1622;397
1623;155
1623;386
1624;215
1623;177
1623;378
1623;388
1623;385
1623;354
1623;254
1623;339
1624;240
1624;384
1624;121
1624;263
1624;379
1624;348
1624;364
1624;335
1624;368
1624;528
1625;365
1625;331
1625;335
1625;346
1625;372
1625;345
1625;332
1625;372
1625;358
1625;302
1626;359
1627;329
1626;369
1626;329
1626;382
1626;324
1626;371
1626;354
1626;368
1626;413
1627;371
1627;413
1627;312
1627;368
1627;106
1627;371
1627;383
1627;185
1628;341
1628;367
1628;241
1628;334
1628;360
1628;371
1628;357
1629;341
1629;380
1629;296
1629;371
1629;350
1629;329
1629;185
1630;354
1630;372
1630;371
1630;329
1630;356
1630;346
1630;330
1631;352
1631;312
1631;367
1631;329
1631;363
1631;339
1631;370
1631;377
1631;397
1632;371
1632;368
1632;354
1632;371
1632;350
1632;339
1636;367
1636;371
1636;371
1636;330
1636;362
1636;371
1636;343
1636;356
1637;346
1637;346
1637;360
1637;363
1638;364
1638;371
1638;355
1638;363
1638;371
1638;334
1639;363
1639;371
1639;371
1639;340
1640;317
1641;352
1637;371
1638;346
1618;389
1618;231
1618;355
1619;413
1619;313
1619;413
1619;268
1620;288
1619;155
1619;390
1619;504
1620;413
1620;159
1620;456
1620;481
1620;366
1623;324
1623;312
1623;304
1623;295
1623;412
1624;180
1624;208
1624;371
1625;344
1625;371
1625;233
1625;478
1625;312
1626;296
1637;371
1618;359
1624;188
1596;162
1604;359
1607;130
1609;190
1618;20
1619;98
1619;323
1619;348
1619;360
1619;419
1620;426
1619;335
1672;935
1634;375
1634;500
1634;608
1635;450
1635;350
1635;554
1602;356
1621;359
1602;380
1622;161
1602;448
1602;359
1647;325
1621;359
1603;359
1603;359
1622;214
1621;359
1609;397
1621;276
1615;359
1656;325
1615;359
1616;359
1619;359
1577;371
1564;176
1617;359
1621;310
1623;378
1605;395
1601;359
1601;359
1568;359
1559;377
1557;359
1557;359
1633;346
1595;359
1616;228
1616;359
1615;388
1616;359
1616;159
1616;269
1616;115
1620;381
1656;325
1656;325
1652;216
1653;325
1628;303
1567;87
1588;98
1588;193
1573;144
1657;680
1621;359
1619;443
1635;359
1624;191
1621;706
1623;368
1623;384
1625;52
1626;328
1631;371
1621;397
1628;330
1624;359
1628;312
1629;315
1629;359
1632;354
1631;371
1633;329
1633;329
1636;346
1636;355
1635;363
1632;354
1632;329
1632;346
1633;329
1633;337
1633;312
1633;346
1633;371
1633;346
1633;296
1636;363
1634;363
1634;366
1634;347
1634;372
1633;343
1635;134
1635;211
1635;354
1575;280
1549;168
1626;26
1620;0
1616;0
1632;359
1632;359
1632;359
1632;359
1633;359
1633;359
1633;359
1634;359
1633;359
1635;359
1635;359
1635;359
1635;359
1635;359
1634;359
1634;359
1634;359
1634;359
1637;397
1634;359
1637;460
1635;359
1635;359
1635;359
1635;359
1637;351
1635;359
1635;359
1635;359
1636;359
1636;359
1636;359
1636;359
1639;359
1636;359
1638;359
1636;359
1636;359
1636;359
1636;359
1636;359
1636;359
1636;359
1636;359
1636;359
1637;359
1637;359
1638;359
1637;359
1637;359
1639;359
1637;359
1638;359
1638;359
1637;359
1637;359
1637;359
1637;359
1637;359
1636;359
1638;359
1638;359
1638;359
1639;359
1638;359
1638;359
1638;359
1619;359
1638;359
1638;359
1638;359
1638;359
1639;359
1638;359
1639;359
1638;359
1638;359
1638;359
1638;359
1639;359
1639;359
1640;359
1653;325
1654;325
1585;403
1631;359
1631;359
1631;359
1630;359
1630;359
1630;359
1627;359
1627;359
1627;359
1627;359
1627;359
1626;359
1625;359
1626;359
1625;359
1626;359
1626;359
1626;359
1627;359
1628;359
1628;359
1628;359
1628;359
1625;359
1625;359
1625;359
1625;359
1587;208
1586;224
1587;184
1587;224
1591;224
1589;224
1589;224
1589;196
1593;196
1593;135
1593;310
1593;130
1592;224
1592;448
1592;224
1592;224
1593;107
1593;134
1594;40
1600;448
1599;359
1604;359
1605;284
1604;359
1604;224
1606;359
1606;359
1608;211
1606;359
1608;359
1608;359
1608;359
1608;359
1608;359
1608;359
1610;151
1608;359
1608;359
1608;359
1608;359
1608;359
1608;359
1609;448
1609;448
1609;359
1610;155
1609;236
1609;448
1609;448
1609;448
1609;359
1609;359
1609;359
1609;359
1609;359
1609;359
1609;359
1610;443
1609;359
1609;216
1609;359
1609;359
1610;236
1609;359
1611;380
1609;359
1610;359
1610;359
1610;359
1610;359
1610;359
1610;359
1610;359
1610;124
1609;359
1609;271
1609;359
1613;219
1610;359
1610;359
1609;87
1610;224
1610;359
1610;359
1610;359
1610;359
1611;359
1613;159
1608;359
1613;121
1615;359
1617;430
1616;265
1616;218
1621;359
1617;359
1619;359
1621;359
1621;359
1622;359
1624;359
1635;359
1637;359
1638;359
1618;359
1619;359
1624;359
1619;359
1625;359
1625;329
1620;359
1622;359
1623;359
1623;359
1625;359
1625;359
1638;359
1592;269
1622;359
1627;359
1652;325
1619;359
1619;359
1620;421
1619;359
1623;359
1625;359
1624;359
1620;359
1611;340
1619;359
1621;359
1621;359
1621;359
1622;359
1622;359
1622;359
1624;371
1623;359
1625;332
1624;359
1624;359
1627;359
1625;359
1638;288
1619;359
1620;359
1622;359
1650;325
1658;325
1618;359
1619;254
1624;236
1620;359
1620;359
1621;321
1621;359
1621;359
1621;359
1594;364
1621;359
1707;316
1709;592
1709;275
1709;300
1710;485
1710;250
1710;500
1710;390
1710;426
1710;366
1710;412
1711;291
1711;64
1711;207
1711;316
1712;465
1712;0
1712;316
1712;316
1713;300
1713;250
1713;316
1713;80
1713;316
1713;470
1713;266
1713;500
1713;418
1713;95
1714;260
1714;287
1714;413
1714;433
1713;295
1714;440
1714;294
1714;183
1714;450
1714;110
1714;270
1714;505
1714;375
1714;48
1715;386
1715;118
1715;350
1714;240
1715;200
1715;470
1715;220
1715;467
1715;341
1715;397
1715;242
1714;316
1715;105
1715;110
1715;430
1716;331
1715;256
1715;560
1715;507
1716;230
1716;152
1715;417
1716;200
1715;504
1715;164
1716;407
1716;370
1716;213
1716;153
1716;190
1716;74
1715;8
1716;463
1716;276
1716;358
1716;260
1717;134
1716;408
1717;315
1717;107
1717;362
1717;294
1717;160
1717;183
1717;523
1717;310
1717;516
1717;248
1717;232
1718;530
1717;418
1718;105
1718;165
1718;140
1718;205
1718;138
1718;309
1719;440
1718;195
1719;231
1719;215
1719;88
1719;228
1719;180
1719;214
1719;282
1719;357
1719;52
1719;239
1719;392
1719;62
1720;150
1720;126
1720;356
1720;304
1720;169
1720;142
1720;149
1720;180
1720;213
1720;418
1720;266
1720;280
1721;332
1720;402
1720;180
1720;226
1720;530
1720;137
1720;97
1721;241
1721;439
1720;183
1721;120
1721;250
1721;221
1721;412
1720;367
1721;200
1721;150
1721;432
1721;170
1721;161
1721;137
1721;326
1721;300
1722;250
1722;131
1722;259
1722;239
1722;239
1722;394
1722;299
1722;147
1722;105
1722;309
1722;202
1722;329
1722;140
1722;335
1722;280
1722;205
1722;112
1721;237
1722;405
1722;109
1722;390
1722;367
1722;386
1722;525
1723;407
1722;214
1722;420
1723;365
1722;150
1723;423
1723;278
1723;300
1726;196
1726;399
1726;295
1726;450
1727;222
1727;153
1727;203
1727;300
1727;410
1727;300
1727;172
1727;208
1727;114
1727;334
1727;492
1727;416
1727;271
1727;192
1727;394
1727;60
1728;454
1728;541
1728;89
1728;368
1728;354
1728;450
1728;215
1729;434
1728;210
1729;472
1728;325
1729;453
1729;497
1729;227
1729;200
1729;216
1729;180
1729;400
1729;172
1730;470
1730;308
1730;554
1730;280
1730;345
1730;280
1730;544
1730;129
1730;428
1730;62
1730;287
1730;480
1731;150
1730;372
1730;135
1730;176
1730;195
1730;0
1731;367
1731;350
1731;336
1731;384
1731;201
1731;620
1731;350
1731;326
1731;283
1731;369
1731;500
1732;175
1731;400
1731;203
1732;424
1731;333
1732;426
1732;373
1732;220
1732;597
1731;271
1732;430
1732;302
1732;460
1732;295
1732;128
1733;576
1732;386
1733;410
1732;367
1733;515
1733;239
1733;452
1734;313
1734;120
1734;400
1734;480
1734;367
1733;271
1734;531
1734;319
1735;380
1735;313
1735;267
1734;273
1735;304
1735;156
1735;294
1735;230
1736;382
1736;85
1736;371
1736;435
1736;265
1736;615
1736;360
1737;446
1736;360
1737;412
1737;516
1737;308
1737;206
1737;400
1737;271
1737;324
1737;480
1737;157
1737;553
1737;596
1737;216
1738;640
1738;247
1738;61
1738;500
1737;271
1738;175
1738;376
1738;360
1738;367
1738;400
1738;298
1738;95
1738;377
1738;414
1738;450
1738;298
1738;494
1738;321
1738;146
1738;115
1738;304
1738;537
1739;700
1738;539
1739;202
1739;433
1739;422
1739;451
1739;246
1739;409
1739;4
1739;268
1739;360
1739;340
1739;442
1739;141
1740;71
1739;380
1739;550
1739;322
1740;240
1740;381
1739;203
1739;177
1740;160
1739;250
1739;375
1739;76
1740;402
1740;399
1740;563
1740;666
1739;200
1740;407
1740;497
1740;105
1740;340
1740;360
1740;260
1740;385
1739;0
1740;289
1740;356
1740;313
1739;547
1740;258
1740;200
1740;418
1740;140
1740;432
1741;272
1741;220
1740;135
1740;140
1741;670
1741;400
1740;271
1740;271
1741;271
1741;199
1741;203
1741;180
1741;316
1741;190
1741;103
1741;237
1741;386
1741;152
1741;509
1740;271
1741;250
1741;382
1741;22
1741;106
1741;213
1741;337
1741;317
1741;431
1741;529
1741;216
1741;604
1740;271
1740;0
1741;193
1741;253
1741;336
1741;582
1741;266
1742;144
1741;402
1742;657
1741;320
1742;407
1741;439
1741;213
1741;160
1742;271
1742;262
1742;420
1742;231
1742;373
1742;400
1742;271
1742;273
1741;271
1742;240
1742;148
1742;440
1742;287
1742;420
1742;464
1742;325
1742;233
1742;438
1743;273
1742;440
1742;360
1743;273
1743;111
1743;284
1743;386
1742;220
1743;508
1743;426
1743;225
1743;205
1743;100
1743;329
1743;313
1743;451
1743;300
1743;525
1743;271
1743;480
1743;446
1743;214
1743;450
1743;455
1744;107
1743;362
1744;475
1743;420
1743;440
1743;70
1744;500
1744;401
1744;271
1744;250
1744;322
1743;367
1744;305
1744;355
1743;150
1744;360
1744;404
1744;271
1744;233
1744;435
1744;151
1744;460
1744;550
1745;230
1743;273
1744;386
1744;379
1744;375
1744;367
1744;500
1744;325
1745;175
1744;276
1745;386
1745;500
1745;357
1745;565
1745;606
1745;380
1744;0
1744;271
1744;0
1745;271
1746;0
1746;0
1748;386
1747;200
1749;248
1749;386
1749;271
1749;243
1749;260
1749;503
1749;332
1749;450
1749;298
1749;147
1749;192
1749;223
1749;250
1749;371
1750;39
1750;245
1750;402
1750;220
1750;91
1749;107
1749;247
1750;492
1750;512
1750;218
1750;213
1749;154
1750;221
1750;501
1750;598
1749;386
1750;360
1751;367
1750;245
1750;230
1750;458
1750;273
1751;225
1750;209
1750;445
1751;315
1751;222
1751;273
1750;417
1751;481
1750;44
1751;230
1750;226
1751;206
1750;601
1750;372
1751;340
1750;72
1751;323
1750;320
1750;196
1751;232
1750;428
1751;176
1751;250
1751;387
1751;338
1751;472
1751;349
1751;460
1751;377
1751;51
1751;188
1751;269
1751;88
1751;471
1751;120
1751;382
1751;418
1751;332
1751;279
1751;618
1751;386
1751;337
1751;151
1751;439
1752;312
1752;658
1752;525
1752;560
1752;556
1752;470
1752;155
1752;381
1752;139
1752;434
1752;271
1752;110
1752;476
1752;219
1752;700
1752;609
1752;500
1753;480
1753;380
1753;495
1753;209
1753;150
1753;450
1753;312
1753;316
1753;782
1753;656
1753;176
1753;341
1752;300
1753;413
1753;354
1754;276
1752;250
1753;512
1753;460
1753;225
1754;217
1753;144
1753;340
1753;107
1753;210
1753;211
1754;160
1753;327
1754;124
1754;387
1754;503
1754;280
1754;121
1753;309
1753;346
1754;526
1754;383
1754;351
1754;148
1754;163
1753;744
1754;480
1754;302
1754;238
1754;354
1754;161
1754;145
1754;350
1754;242
1754;12
1754;120
1754;227
1754;233
1754;450
1753;250
1753;331
1755;442
1754;377
1754;388
1754;450
1754;287
1753;0
1755;226
1754;300
1754;441
1754;406
1755;146
1755;158
1755;250
1754;106
1755;266
1755;306
1754;169
1755;492
1755;300
1755;250
1755;352
1755;291
1755;466
1755;240
1755;295
1755;183
1755;466
1755;250
1755;215
1754;500
1754;338
1755;4
1755;407
1755;609
1755;230
1756;169
1755;414
1754;250
1755;386
1755;352
1755;462
1755;142
1755;208
1755;298
1756;276
1755;338
1756;129
1756;250
1755;575
1755;242
1755;300
1756;239
1755;0
1755;166
1756;60
1756;386
1756;419
1755;386
1756;700
1755;514
1756;276
1755;386
1756;217
1756;208
1756;879
1756;210
1755;420
1756;116
1756;0
1757;367
1763;85
1763;270
1763;105
1764;419
1764;239
1764;205
1764;407
1763;326
1764;456
1764;403
1764;227
1764;176
1764;542
1764;130
1764;179
1764;288
1764;365
1764;368
1764;156
1765;455
1764;311
1764;44
1765;286
1765;270
1764;133
1764;35
1764;223
1764;160
1764;276
1765;310
1764;452
1764;250
1765;228
1765;63
1765;230
1764;500
1765;425
1765;318
1765;428
1765;186
1765;369
1765;220
1765;113
1765;44
1765;399
1765;304
1765;324
1766;110
1765;391
1765;206
1765;107
1766;500
1766;280
1765;398
1765;417
1765;25
1765;305
1765;194
1765;408
1766;176
1766;406
1765;452
1765;120
1766;398
1766;560
1766;367
1766;220
1766;292
1766;379
1766;355
1765;0
1766;487
1766;550
1766;230
1766;611
1766;396
1766;401
1766;422
1766;557
1766;522
1766;52
1766;182
1766;83
1765;13
1766;71
1765;34
1767;332
1766;77
1767;344
1767;338
1767;390
1767;462
1766;182
1767;436
1767;264
1767;565
1767;218
1767;209
1767;2
1767;383
1767;257
1767;470
1767;189
1767;386
1767;348
1767;426
1767;95
1767;513
1767;405
1767;207
1767;313
1768;101
1768;135
1768;339
1767;368
1766;276
1767;91
1768;304
1768;320
1768;285
1767;89
1768;425
1768;286
1768;480
1768;209
1768;534
1768;375
1768;536
1768;453
1768;66
1768;228
1768;222
1768;570
1768;451
1768;427
1769;528
1768;373
1768;213
1768;386
1768;17
1769;691
1769;268
1769;429
1769;473
1769;75
1769;393
1769;565
1769;122
1769;322
1769;170
1769;331
1769;238
1769;221
1770;251
1769;415
1769;177
1769;70
1769;66
1770;55
1769;93
1770;111
1770;229
1769;208
1769;445
1770;611
1770;360
1770;431
1770;301
1770;370
1770;434
1769;390
1770;312
1770;390
1770;115
1770;136
1770;528
1770;253
1770;72
1770;334
1770;350
1770;377
1770;422
1771;234
1770;468
1770;382
1771;242
1770;444
1770;520
1770;582
1770;473
1770;100
1770;241
1771;580
1771;466
1771;170
1771;360
1770;425
1771;162
1771;577
1771;241
1771;225
1771;261
1771;320
1771;700
1771;326
1772;135
1772;420
1772;362
1772;193
1772;571
1772;472
1772;250
1772;485
1772;298
1772;519
1772;386
1772;267
1772;169
1773;250
1772;412
1772;346
1772;370
1772;465
1772;83
1772;250
1773;169
1773;367
1772;172
1773;350
1772;169
1772;336
1773;664
1773;217
1773;367
1773;292
1773;259
1773;372
1773;507
1773;466
1773;112
1773;460
1773;537
1774;446
1773;276
1774;386
1774;364
1774;386
1773;367
1774;449
1774;392
1774;423
1774;456
1774;499
1774;250
1775;214
1774;171
1774;482
1774;374
1774;169
1774;462
1774;252
1774;288
1774;370
1774;352
1774;386
1774;343
1775;320
1775;101
1775;460
1775;453
1774;53
1775;421
1775;483
1774;25
1776;184
1775;386
1776;491
1775;341
1775;270
1776;334
1775;369
1775;428
1775;447
1776;542
1775;239
1776;435
1776;360
1776;417
1776;286
1776;328
1776;79
1776;287
1776;340
1777;315
1776;385
1776;169
1776;461
1776;450
1776;87
1776;293
1776;330
1775;0
1776;234
1778;388
1777;222
1776;300
1777;405
1777;73
1777;400
1776;170
1777;421
1777;112
1777;120
1776;0
1777;525
1777;270
1776;250
1777;222
1777;410
1777;303
1777;649
1777;100
1777;400
1777;517
1777;515
1778;130
1777;599
1777;367
1777;367
1777;300
1778;386
1777;508
1778;586
1778;393
1778;280
1778;326
1778;198
1778;667
1778;300
1778;319
1778;480
1777;310
1778;596
1778;333
1778;608
1778;555
1778;321
1778;310
1782;147
1784;386
1783;176
1783;127
1784;317
1783;530
1783;659
1783;577
1785;386
1784;113
1784;301
1784;495
1784;215
1784;440
1783;150
1783;714
1783;233
1784;118
1784;332
1784;127
1784;583
1784;464
1784;169
1784;374
1784;328
1784;340
1785;484
1784;369
1784;407
1784;386
1785;610
1784;264
1784;238
1783;386
1784;308
1785;487
1784;326
1784;621
1785;233
1785;319
1785;117
1785;386
1785;367
1784;553
1785;300
1785;561
1785;330
1786;106
1785;549
1786;194
1785;528
1785;445
1785;492
1785;140
1785;225
1786;489
1785;0
1786;444
1785;551
1785;0
1785;0
1786;434
1786;517
1786;15
1785;440
1785;470
1786;443
1786;462
1786;297
1785;421
1785;352
1785;407
1785;406
1786;300
1786;387
1786;419
1786;551
1786;607
1786;223
1787;352
1787;349
1787;435
1786;367
1787;367
1786;269
1787;14
1787;134
1786;80
1786;181
1786;352
1787;643
1787;863
1786;290
1786;412
1787;198
1787;285
1786;450
1787;424
1787;569
1787;14
1786;453
1787;453
1787;74
1787;316
1787;391
1787;120
1787;392
1787;341
1787;361
1787;260
1787;243
1787;240
1787;411
1787;375
1787;306
1787;237
1788;237
1787;383
1787;449
1788;258
1787;48
1787;317
1788;475
1786;386
1786;276
1788;438
1788;275
1787;247
1787;370
1787;320
1787;516
1788;320
1788;426
1788;510
1788;274
1788;219
1787;398
1788;608
1788;353
1787;437
1788;203
1788;454
1788;136
1788;29
1788;209
1788;425
1788;385
1788;351
1788;320
1788;602
1788;222
1788;445
1789;176
1788;462
1789;376
1788;534
1789;423
1789;446
1789;558
1788;382
1789;291
1788;265
1788;306
1789;396
1788;213
1789;390
1789;415
1788;40
1788;378
1789;141
1789;488
1789;377
1789;200
1789;480
1789;250
1788;386
1789;132
1789;555
1789;262
1789;375
1789;216
1789;430
1789;164
1789;149
1789;450
1789;395
1789;209
1789;216
1789;286
1790;440
1790;484
1789;315
1790;267
1789;598
1790;254
1790;546
1790;318
1790;501
1790;226
1789;326
1790;466
1789;339
1790;303
1790;220
1790;417
1789;461
1790;429
1790;408
1790;449
1790;218
1790;341
1790;305
1790;318
1789;302
1790;129
1790;200
1790;297
1790;341
1790;444
1790;139
1790;279
1790;288
1790;197
1790;274
1790;303
1790;443
1790;386
1790;103
1790;331
1790;332
1790;320
1790;198
1790;290
1790;232
1790;339
1790;386
1790;490
1790;462
1790;294
1790;435
1791;414
1790;426
1791;297
1790;302
1790;316
1791;386
1791;523
1791;37
1791;524
1791;264
1790;397
1791;509
1791;223
1791;296
1791;261
1791;317
1791;330
1791;238
1791;498
1791;402
1791;276
1791;240
1791;290
1791;233
1791;102
1791;262
1791;263
1791;638
1791;245
1790;0
1791;549
1791;382
1792;440
1791;403
1791;527
1791;225
1791;442
1791;443
1791;390
1791;321
1792;220
1792;386
1791;190
1791;300
1792;396
1792;379
1792;371
1791;249
1792;386
1791;216
1791;314
1792;218
1792;230
1791;390
1792;258
1792;271
1792;452
1792;336
1792;20
1792;418
1792;56
1792;211
1792;238
1792;187
1792;198
1792;261
1792;335
1792;406
1792;329
1792;183
1792;276
1792;200
1794;310
1793;276
1792;0
1793;364
1793;386
1793;241
1793;260
1793;386
1793;136
1793;386
1793;276
1792;0
1792;386
1793;122
1793;68
1793;0
1793;169
1794;138
1793;276
1742;276
1742;239
1750;386
1749;271
1750;273
1752;250
1765;250
1783;169
1792;226
1725;325
1725;556
1730;156
1730;596
1732;152
1734;123
1737;212
1736;315
1738;302
1738;479
1739;282
1739;71
1740;421
1740;330
1740;271
1741;271
1740;548
1740;367
1740;271
1741;196
1742;386
1742;271
1741;367
1742;271
1741;271
1741;271
1741;202
1741;271
1742;271
1743;495
1742;271
1743;45
1742;271
1743;435
1744;271
1744;312
1744;26
1744;383
1744;658
1744;314
1744;355
1743;271
1744;292
1749;80
1750;211
1748;367
1748;271
1748;271
1748;271
1750;525
1749;271
1749;273
1750;271
1749;271
1749;271
1750;226
1750;367
1749;271
1750;226
1751;207
1751;276
1750;271
1750;408
1751;196
1752;245
1752;152
1752;298
1752;386
1753;250
1752;291
1753;276
1752;430
1752;281
1752;312
1752;250
1753;250
1753;250
1754;389
1754;389
1755;226
1755;244
1754;158
1754;250
1754;281
1754;250
1755;359
1755;174
1755;248
1764;546
1764;152
1764;48
1765;214
1765;59
1764;347
1765;101
1766;128
1765;332
1766;325
1765;568
1766;167
1766;251
1767;212
1767;350
1767;257
1767;347
1767;208
1767;88
1767;431
1768;339
1769;282
1769;75
1768;247
1768;406
1768;524
1768;293
1768;171
1768;172
1768;100
1769;332
1769;189
1768;34
1769;462
1769;267
1769;470
1769;483
1769;386
1769;281
1770;300
1770;250
1770;54
1770;210
1770;131
1770;286
1770;209
1770;125
1770;292
1771;454
1771;448
1771;103
1771;418
1771;154
1772;368
1772;319
1772;386
1772;250
1772;225
1772;250
1772;411
1773;270
1773;250
1772;533
1773;418
1773;386
1773;386
1772;250
1773;463
1773;250
1774;385
1773;250
1774;37
1774;59
1774;379
1773;250
1774;250
1775;371
1774;250
1774;409
1775;386
1775;250
1774;0
1775;412
1776;169
1774;169
1775;268
1776;527
1776;169
1775;169
1775;169
1776;310
1776;386
1776;386
1776;345
1776;429
1777;386
1777;398
1776;610
1777;440
1776;310
1777;279
1777;540
1777;230
1777;169
1777;386
1777;169
1778;685
1778;445
1778;475
1778;170
1779;766
1784;190
1784;428
1786;414
1784;210
1784;132
1784;288
1784;659
1784;386
1784;648
1784;386
1785;223
1784;451
1786;960
1784;326
1784;302
1785;414
1784;588
1784;153
1784;169
1785;310
1785;608
1786;641
1785;313
1785;350
1785;246
1785;0
1786;367
1786;158
1785;169
1786;584
1785;169
1785;169
1787;410
1786;348
1787;552
1787;344
1786;222
1786;64
1785;169
1786;90
1786;97
1787;321
1787;616
1786;78
1787;356
1787;166
1787;174
1787;689
1787;678
1787;578
1789;190
1787;226
1787;440
1788;310
1787;549
1788;264
1787;374
1788;237
1788;434
1787;62
1788;446
1787;154
1787;46
1788;522
1788;342
1789;200
1789;659
1787;88
1788;674
1788;275
1788;29
1788;259
1789;230
1787;62
1788;341
1789;660
1788;104
1788;349
1788;149
1789;203
1788;211
1789;469
1789;359
1789;257
1789;474
1788;65
1789;354
1790;220
1789;0
1789;277
1790;258
1789;220
1790;533
1790;279
1790;478
1789;465
1791;521
1789;129
1789;310
1790;637
1790;378
1790;454
1790;386
1790;423
1790;372
1790;449
1790;503
1790;353
1790;289
1789;34
1790;330
1790;127
1790;216
1790;223
1789;83
1790;333
1790;253
1790;363
1790;183
1790;210
1790;510
1791;434
1791;386
1790;270
1790;352
1790;373
1790;327
1791;200
1790;563
1791;503
1791;154
1790;169
1791;402
1790;169
1790;549
1790;410
1790;938
1791;334
1790;169
1791;210
1791;352
1792;220
1791;184
1790;169
1791;550
1791;97
1790;30
1791;310
1791;0
1792;386
1791;113
1791;386
1792;285
1792;226
1791;276
1792;408
1791;310
1791;0
1791;310
1792;310
1791;250
1791;310
1792;91
1792;189
1792;386
1792;310
1792;0
1793;122
1792;386
1793;415
1792;310
1792;310
1793;51
1792;310
1793;0
1793;273
1710;0
1714;708
1714;180
1715;326
1769;390
1771;226
1717;35
1713;316
1715;262
1716;270
1719;211
1723;386
1722;237
1729;191
1735;96
1739;217
1750;139
1750;437
1751;160
1751;111
1754;196
1753;250
1764;98
1763;340
1764;109
1764;323
1764;204
1767;127
1766;306
1765;335
1766;300
1766;710
1766;0
1767;384
1769;297
1769;352
1772;386
1773;250
1775;103
1776;348
1776;0
1778;441
1778;360
1783;0
1784;406
1784;110
1785;386
1785;169
1790;300
1714;136
1715;120
1719;161
1716;270
1716;411
1716;260
1717;200
1718;257
1718;260
1743;271
1750;386
1755;347
1763;383
1763;174
1764;400
1764;400
1765;383
1764;333
1765;400
1765;480
1766;353
1766;434
1767;277
1767;514
1766;0
1767;398
1767;440
1768;434
1767;412
1767;422
1767;210
1768;272
1768;400
1768;420
1769;322
1770;333
1770;148
1769;320
1770;310
1770;247
1770;372
1773;64
1772;169
1773;158
1775;101
1775;252
1775;276
1775;77
1776;200
1776;220
1776;220
1777;148
1777;123
1777;310
1777;281
1778;261
1784;499
1783;310
1783;310
1785;226
1783;310
1785;323
1785;425
1786;226
1785;276
1785;309
1786;308
1785;430
1786;115
1786;302
1785;169
1786;461
1787;377
1786;276
1787;137
1787;462
1787;212
1787;424
1787;229
1788;85
1787;310
1788;293
1787;380
1788;164
1788;446
1788;524
1788;154
1789;284
1788;617
1789;99
1789;400
1789;37
1789;277
1789;118
1789;143
1789;198
1790;350
1790;298
1790;130
1790;202
1790;128
1790;62
1790;121
1790;432
1791;44
1790;226
1790;310
1791;83
1792;435
1791;141
1791;310
1792;337
1791;386
1793;230
1791;310
1792;207
1792;332
1791;310
1791;310
1791;310
1792;82
1793;310
1792;0
1792;310
1793;276
1792;310
1792;310
1793;0
1782;386
1787;174
1790;333
1791;333
1710;160
1711;524
1711;242
1711;314
1714;400
1714;296
1714;100
1714;185
1716;300
1716;273
1716;487
1716;164
1717;61
1718;535
1718;129
1718;464
1719;170
1719;163
1721;323
1720;307
1720;383
1721;285
1721;273
1722;237
1722;386
1722;237
1727;184
1728;424
1729;316
1729;592
1728;0
1729;273
1730;357
1730;367
1729;271
1730;130
1731;257
1732;367
1732;386
1732;271
1733;230
1733;400
1733;420
1733;300
1733;271
1733;271
1733;271
1735;370
1735;273
1734;0
1735;271
1735;271
1735;271
1735;271
1735;271
1735;271
1736;402
1736;271
1736;271
1736;367
1736;271
1736;367
1737;196
1738;359
1738;351
1738;352
1738;192
1738;426
1739;295
1737;271
1737;273
1738;196
1739;271
1739;271
1739;271
1739;523
1739;333
1739;482
1739;367
1738;271
1739;273
1739;320
1739;304
1739;375
1740;367
1739;271
1740;455
1740;196
1740;260
1740;201
1739;271
1740;231
1740;367
1739;367
1740;273
1740;271
1740;271
1741;271
1740;273
1741;271
1741;271
1741;196
1741;196
1740;271
1740;271
1741;271
1741;212
1740;271
1740;271
1741;315
1740;196
1741;273
1741;191
1740;271
1741;307
1740;271
1741;273
1741;355
1741;172
1741;0
1741;271
1741;271
1741;271
1742;386
1742;271
1742;341
1742;196
1741;196
1741;271
1741;271
1741;271
1741;271
1742;386
1742;415
1741;196
1742;271
1742;273
1742;386
1742;271
1742;271
1743;196
1744;271
1742;271
1744;271
1743;500
1744;273
1743;271
1743;220
1743;276
1743;386
1743;375
1744;472
1743;271
1744;171
1744;273
1744;273
1744;271
1744;273
1743;0
1744;271
1747;271
1748;386
1749;395
1749;150
1748;271
1748;271
1749;273
1749;437
1749;273
1749;273
1750;386
1749;273
1749;271
1749;271
1749;271
1749;276
1749;271
1751;367
1749;271
1749;271
1750;367
1750;280
1750;367
1751;250
1750;196
1750;271
1750;271
1750;0
1750;576
1751;525
1752;250
1752;367
1753;367
1752;250
1752;250
1752;250
1753;412
1753;367
1753;250
1754;367
1753;367
1755;318
1755;367
1755;250
1755;562
1755;250
1755;203
1755;290
1754;250
1755;277
1756;469
1755;250
1756;318
1756;276
1755;367
1756;540
1764;318
1765;100
1766;360
1766;296
1766;85
1766;322
1766;295
1766;555
1767;270
1767;214
1767;243
1767;196
1767;348
1769;274
1769;233
1769;340
1769;353
1770;402
1769;468
1769;169
1770;131
1770;489
1771;552
1771;331
1771;368
1771;363
1772;348
1772;495
1772;495
1772;60
1773;41
1772;0
1771;250
1771;0
1772;367
1772;473
1773;534
1773;379
1773;596
1773;424
1773;516
1774;320
1773;250
1774;408
1775;393
1775;419
1774;556
1774;250
1775;423
1775;386
1775;276
1775;334
1775;444
1775;367
1775;469
1775;500
1776;367
1776;493
1776;310
1776;378
1776;599
1776;540
1776;385
1776;367
1776;367
1776;367
1777;367
1777;273
1777;440
1776;694
1777;330
1777;367
1777;367
1777;569
1777;807
1777;387
1777;618
1778;488
1778;487
1778;347
1778;507
1778;329
1778;556
1778;631
1779;446
1777;310
1778;268
1778;412
1779;618
1781;44
1782;169
1783;736
1783;225
1784;420
1784;470
1784;624
1784;392
1784;76
1783;386
1784;376
1784;469
1784;577
1784;203
1784;624
1784;414
1784;548
1784;386
1784;736
1785;522
1785;386
1785;310
1785;966
1785;130
1785;600
1785;593
1785;523
1785;500
1785;549
1785;386
1785;351
1786;188
1785;0
1786;375
1786;304
1786;399
1786;506
1786;710
1786;153
1786;376
1786;376
1786;280
1786;838
1786;166
1786;459
1786;304
1786;835
1787;469
1786;411
1786;78
1787;336
1787;270
1786;400
1787;275
1787;516
1787;365
1787;332
1787;286
1787;353
1787;789
1787;118
1787;470
1787;635
1788;347
1788;276
1787;227
1787;469
1787;359
1788;414
1788;424
1787;75
1787;334
1788;342
1788;779
1788;542
1788;541
1788;533
1788;180
1789;165
1788;514
1788;495
1788;454
1788;540
1789;270
1789;672
1789;496
1789;504
1789;700
1790;181
1790;399
1790;476
1790;411
1790;310
1790;438
1790;237
1790;528
1790;316
1791;226
1790;583
1790;546
1790;169
1791;420
1790;386
1791;367
1791;352
1790;386
1791;545
1790;41
1791;386
1791;310
1792;386
1791;310
1792;367
1792;417
1792;310
1792;310
1793;367
1714;305
1714;197
1715;521
1716;462
1715;375
1716;200
1716;302
1716;100
1717;91
1717;424
1718;367
1719;180
1718;250
1719;122
1719;105
1719;120
1719;112
1720;130
1720;62
1720;220
1721;56
1721;300
1721;200
1721;250
1722;89
1722;290
1723;80
1723;100
1724;40
1727;493
1728;516
1729;226
1729;261
1733;416
1733;144
1735;169
1737;290
1740;423
1742;386
1743;514
1744;70
1744;386
1744;198
1744;0
1749;22
1749;386
1749;227
1751;386
1751;386
1751;250
1752;47
1752;273
1753;386
1753;386
1753;386
1752;386
1753;386
1754;374
1754;250
1754;258
1755;250
1755;386
1754;226
1755;386
1754;386
1755;226
1756;386
1755;386
1756;421
1764;309
1764;598
1764;386
1764;555
1764;250
1764;386
1764;276
1765;627
1765;386
1766;296
1765;381
1765;398
1766;571
1765;366
1766;595
1766;496
1765;541
1766;178
1766;630
1766;379
1767;399
1767;618
1767;335
1767;359
1767;345
1768;347
1768;478
1768;129
1768;481
1768;424
1768;291
1768;244
1769;445
1767;0
1768;316
1769;387
1768;420
1769;485
1769;291
1769;259
1770;358
1770;511
1770;385
1770;399
1770;165
1770;490
1770;357
1771;309
1771;470
1771;355
1771;636
1772;495
1772;623
1772;73
1772;571
1772;420
1772;336
1772;386
1772;510
1773;579
1774;386
1774;451
1774;621
1774;367
1774;739
1774;364
1774;250
1774;470
1774;386
1774;598
1774;42
1774;204
1773;0
1774;381
1773;386
1775;206
1775;114
1774;423
1774;376
1775;482
1775;473
1775;211
1775;15
1776;229
1776;230
1775;360
1775;189
1774;0
1774;0
1775;265
1775;169
1776;455
1776;221
1776;155
1776;474
1776;168
1776;380
1776;62
1776;330
1776;371
1776;293
1776;169
1776;522
1776;401
1777;376
1776;495
1776;196
1777;169
1777;359
1777;347
1777;288
1777;169
1777;169
1776;169
1777;60
1778;250
1778;560
1778;480
1778;414
1778;126
1778;418
1778;570
1778;169
1778;484
1778;630
1777;386
1777;0
1778;838
1778;198
1778;405
1779;57
1779;475
1778;310
1778;141
1778;0
1778;302
1783;310
1782;386
1782;386
1784;367
1784;196
1784;418
1784;81
1783;169
1784;455
1784;640
1784;536
1784;666
1784;220
1784;286
1784;246
1784;367
1784;111
1784;133
1785;190
1785;184
1785;330
1785;463
1785;376
1785;545
1785;330
1784;386
1785;220
1785;273
1784;169
1785;340
1785;210
1785;440
1784;0
1785;466
1786;440
1785;564
1785;0
1786;457
1786;415
1785;169
1785;0
1786;290
1786;568
1786;198
1786;386
1786;391
1786;686
1786;357
1787;557
1786;310
1786;587
1786;371
1786;464
1786;113
1786;124
1786;451
1786;196
1786;258
1787;478
1787;422
1786;210
1787;421
1787;109
1786;253
1787;495
1787;735
1787;372
1787;523
1787;144
1787;470
1787;248
1786;0
1787;304
1787;221
1787;368
1787;116
1787;0
1788;581
1788;435
1788;440
1788;607
1788;419
1788;451
1788;451
1787;490
1788;455
1787;276
1788;259
1788;299
1789;186
1788;193
1788;607
1787;0
1788;133
1788;436
1788;231
1789;302
1789;446
1788;114
1789;390
1788;400
1789;613
1788;417
1789;300
1788;570
1789;472
1789;298
1788;267
1788;310
1789;222
1789;454
1789;411
1789;202
1789;355
1789;303
1789;216
1789;462
1789;167
1789;394
1789;430
1789;323
1789;362
1789;405
1789;538
1789;421
1790;549
1790;59
1789;573
1789;214
1790;287
1790;220
1790;613
1789;374
1790;420
1790;440
1790;163
1790;490
1790;0
1790;236
1790;451
1791;397
1790;251
1790;269
1790;120
1790;70
1790;467
1790;88
1790;0
1791;356
1791;484
1792;233
1790;399
1791;173
1791;550
1790;147
1791;205
1791;526
1791;206
1791;62
1791;324
1791;519
1791;174
1792;428
1791;78
1791;421
1791;310
1791;310
1792;498
1792;386
1792;260
1791;169
1792;77
1791;0
1791;310
1792;171
1792;143
1791;310
1792;108
1793;310
1792;276
1792;169
1792;0
1792;169
1792;179
1793;386
1792;386
1792;386
1793;310
1714;425
1714;319
1721;391
1721;417
1721;340
1721;200
1722;350
1723;346
1723;227
1723;234
1723;105
1724;274
1724;522
1724;403
1724;371
1724;411
1725;337
1724;351
1724;625
1724;300
1725;238
1724;292
1725;292
1725;138
1725;210
1725;300
1725;100
1724;367
1725;501
1725;540
1725;220
1725;110
1725;525
1725;482
1726;350
1726;491
1726;358
1726;43
1726;363
1725;148
1726;399
1726;235
1726;314
1726;278
1726;120
1726;643
1726;372
1726;268
1726;372
1727;333
1727;776
1727;300
1727;356
1728;516
1728;348
1728;400
1728;400
1729;371
1729;300
1729;450
1729;400
1730;361
1730;200
1730;224
1731;356
1730;0
1732;131
1731;334
1731;150
1732;372
1732;523
1732;200
1733;408
1733;431
1734;402
1734;404
1734;324
1735;400
1735;300
1735;393
1735;277
1736;479
1736;372
1736;405
1737;543
1737;304
1737;434
1737;501
1738;400
1738;245
1738;435
1738;442
1739;500
1739;500
1739;525
1739;600
1739;552
1740;372
1740;550
1741;372
1740;454
1740;300
1741;392
1741;200
1741;372
1741;500
1741;355
1742;700
1742;400
1742;410
1742;500
1742;551
1743;284
1743;372
1743;507
1744;372
1744;560
1750;367
1763;250
1764;80
1769;500
1773;333
1777;476
1783;616
1783;310
1784;518
1785;386
1787;310
1787;200
1787;0
1788;820
1789;148
1790;318
1790;434
1792;310
1715;418
1729;754
1729;478
1735;477
1737;513
1737;86
1737;303
1737;60
1741;271
1755;333
1765;375
1766;489
1766;304
1766;196
1767;25
1767;0
1769;350
1772;169
1772;226
1773;367
1776;429
1775;250
1777;452
1777;386
1782;169
1785;152
1784;371
1785;315
1787;171
1787;250
1786;369
1785;169
1785;0
1785;386
1785;195
1785;310
1786;386
1787;359
1787;321
1787;157
1787;245
1787;127
1790;250
1789;229
1789;310
1789;339
1788;414
1789;155
1789;409
1788;128
1790;334
1790;403
1790;386
1790;262
1790;337
1791;434
1790;134
1791;386
1790;796
1790;299
1790;579
1790;273
1793;741
1790;310
1790;45
1791;310
1792;550
1792;360
1791;386
1721;69
1728;219
1778;156
1755;189
1784;491
1715;470
1715;389
1771;552
1772;324
1785;175
1784;386
1786;91
1787;52
1787;367
1787;309
1788;116
1787;35
1789;118
1790;330
1791;58
1790;93
1790;81
1791;275
1792;276
1793;183
1787;362
1714;230
1717;260
1719;201
1719;250
1718;237
1719;226
1720;215
1720;190
1721;214
1721;158
1720;260
1721;250
1721;257
1721;100
1721;208
1722;241
1722;343
1722;325
1722;175
1724;342
1724;392
1724;360
1726;278
1727;400
1728;31
1726;386
1728;114
1727;123
1728;315
1728;538
1728;386
1729;107
1729;31
1729;307
1730;348
1730;360
1730;355
1731;166
1732;275
1731;287
1731;367
1732;211
1739;425
1741;402
1742;432
1742;185
1743;490
1743;271
1743;484
1743;271
1744;547
1744;131
1744;600
1743;271
1745;180
1744;425
1747;271
1748;386
1749;559
1749;110
1749;543
1749;282
1750;271
1750;600
1750;271
1750;345
1751;500
1751;304
1751;169
1752;275
1752;386
1752;232
1752;386
1752;302
1752;115
1752;113
1752;621
1752;543
1752;81
1753;471
1753;250
1754;232
1753;386
1754;386
1754;131
1754;386
1754;386
1754;250
1754;219
1755;386
1754;58
1755;386
1755;212
1754;273
1756;386
1756;603
1764;612
1764;373
1764;337
1764;190
1764;286
1765;444
1764;652
1764;673
1765;196
1765;334
1765;466
1765;192
1765;356
1766;243
1766;373
1766;262
1766;703
1766;220
1766;319
1767;451
1768;348
1767;297
1767;616
1767;189
1768;485
1768;183
1768;514
1768;238
1768;220
1768;152
1768;179
1768;323
1768;344
1769;418
1769;448
1769;283
1769;222
1769;160
1770;320
1770;451
1770;411
1770;172
1770;486
1770;305
1770;288
1770;351
1770;285
1771;568
1771;404
1771;273
1771;51
1771;325
1771;397
1772;606
1772;482
1772;291
1773;250
1773;550
1773;330
1773;292
1773;500
1773;250
1774;380
1775;405
1775;833
1775;397
1775;501
1775;299
1776;500
1776;79
1778;553
1776;346
1777;386
1777;879
1777;553
1777;519
1778;242
1778;386
1777;169
1777;310
1778;130
1778;481
1778;657
1779;396
1782;800
1783;840
1784;427
1785;386
1786;592
1786;533
1787;500
1788;450
1788;310
1788;133
1788;520
1789;517
1790;600
1790;374
1790;463
1790;230
1790;190
1790;190
1791;600
1792;107
1792;386
1792;310
1792;310
1793;103
1786;166
1732;256
1733;510
1733;271
1735;271
1737;271
1739;271
1743;393
1751;90
1751;256
1751;123
1753;152
1755;255
1764;306
1714;393
1754;403
1743;271
1743;484
1729;271
1701;655
1705;316
1703;500
1703;162
1704;112
1703;275
1705;209
1705;563
1707;446
1708;28
1708;550
1708;476
1709;357
1710;292
1710;75
1712;202
1712;272
1712;316
1703;40
1755;250
1820;244
1754;250
1793;970
1708;450
1701;600
1679;120
1817;179
1706;58
1753;24
1755;280
1774;169
1774;169
1784;511
1783;386
1784;386
1786;386
1786;646
1787;88
1786;386
1788;310
1696;332
1788;177
1789;310
1791;112
1803;325
1803;400
1803;760
1803;453
1803;47
1803;349
1802;547
1803;412
1803;401
1803;223
1803;401
1803;401
1803;293
1804;514
1817;150
1817;179
1818;179
1819;395
1783;226
1689;316
1697;174
1698;518
1698;248
1698;135
1699;480
1699;250
1699;301
1693;524
1695;150
1666;316
1693;316
1695;316
1688;316
1688;316
1688;316
1688;316
1685;316
1710;393
1682;316
1684;309
1683;316
1683;316
1683;316
1673;316
1709;45
1709;152
1672;316
1678;316
1709;450
1571;60
1803;760
1803;437
1803;138
1709;0
1705;316
1682;316
1644;179
1644;330
1708;338
1781;332
1789;260
1791;346
1793;0
1788;19
1797;61
1802;179
1802;179
1803;310
1802;179
1803;234
1802;272
1802;179
1783;226
1781;310
1787;100
1790;0
1791;310
1791;310
1803;223
1803;352
1685;144
1677;250
1677;105
1679;316
1681;316
1680;36
1680;37
1679;316
1679;316
1679;316
1679;316
1679;316
1679;316
1681;316
1684;380
1687;316
1685;316
1687;316
1686;316
1686;105
1686;83
1687;316
1688;303
1689;180
1693;641
1694;328
1698;308
1700;223
1700;750
1700;869
1701;142
1701;131
1701;655
1707;361
1689;262
1690;655
1691;197
1735;386
1682;207
1706;448
1705;400
1703;400
1703;382
1703;400
1703;400
1703;102
1671;58
1671;367
1672;316
1671;76
1679;316
1686;734
1685;316
1688;316
1687;316
1677;313
1686;316
1681;316
1698;316
1677;316
1681;316
1675;316
1675;316
1671;316
1667;316
1705;700
1704;150
1705;560
1705;557
1704;0
1703;624
1784;389
1664;316
1789;233
1793;142
1792;248
1704;359
1786;190
1792;169
1659;316
1703;292
1706;316
1699;292
1699;292
1685;316
1707;200
1711;316
1712;172
1711;420
1705;350
1705;316
1704;316
1698;316
1711;316
1712;316
1708;316
1708;316
1703;313
1710;288
1683;250
1684;316
1702;316
1702;316
1682;316
1678;316
1707;316
1702;316
1704;316
1691;316
1704;316
1705;316
1709;316
1684;316
1699;316
1817;183
1819;114
1772;33
1783;465
1783;581
1783;151
1648;313
1683;313
1784;560
1783;0
1764;430
1766;35
1769;347
1815;0
1815;565
1815;331
1814;253
1814;339
1815;234
1816;319
1815;22
1815;234
1815;231
1815;179
1815;234
1815;319
1815;179
1815;401
1816;250
1816;0
1817;164
1816;500
1817;234
1816;246
1817;183
1817;234
1817;273
1817;272
1817;234
1817;179
1817;234
1817;18
1817;234
1820;167
1818;106
1818;234
1818;234
1818;273
1818;318
1818;319
1818;318
1818;253
1818;217
1818;325
1819;318
1818;183
1819;234
1818;179
1818;103
1818;150
1818;167
1818;253
1818;179
1819;150
1820;253
1819;253
1819;12
1819;255
1819;183
1819;215
1819;234
1819;234
1819;234
1820;273
1820;200
1820;319
1820;171
1819;255
1819;234
1819;255
1820;255
1820;105
1819;150
1819;234
1820;106
1820;100
1819;67
1819;130
1819;9
1820;255
1819;253
1819;25
1820;135
1819;255
1819;167
1819;234
1819;253
1820;209
1820;380
1819;170
1821;233
1821;50
1820;26
1820;167
1820;210
1820;209
1820;253
1820;240
1820;0
1820;72
1821;200
1820;350
1820;253
1820;253
1821;325
1820;253
1820;100
1820;100
1820;209
1820;253
1820;253
1820;200
1820;100
1820;167
1820;255
1820;300
1821;183
1820;209
1820;255
1820;255
1820;255
1821;255
1820;14
1820;12
1821;253
1820;167
1821;253
1820;253
1820;150
1820;253
1820;234
1820;253
1820;255
1820;253
1820;253
1820;369
1821;255
1820;150
1820;234
1821;253
1820;253
1820;318
1820;300
1820;447
1821;318
1821;253
1821;78
1820;170
1821;167
1822;255
1821;164
1821;253
1822;202
1821;253
1821;319
1821;291
1822;320
1822;250
1821;266
1821;253
1821;255
1821;255
1821;220
1821;250
1821;0
1822;301
1821;250
1821;318
1821;253
1822;314
1821;255
1821;253
1821;167
1822;218
1821;253
1822;319
1821;250
1821;101
1822;253
1822;255
1822;167
1821;376
1821;12
1821;209
1819;135
1822;419
1821;253
1821;234
1821;84
1821;150
1822;270
1821;255
1822;350
1821;104
1821;376
1821;318
1821;548
1821;179
1821;296
1821;547
1821;273
1821;253
1821;253
1821;234
1822;234
1822;278
1822;253
1822;245
1822;255
1822;352
1822;253
1822;209
1822;209
1822;253
1822;234
1822;272
1822;234
1822;150
1822;253
1822;253
1822;253
1822;12
1822;84
1822;10
1823;255
1822;253
1822;255
1823;253
1822;253
1822;246
1822;245
1822;255
1822;500
1822;234
1822;34
1822;255
1824;122
1822;253
1822;278
1822;376
1822;234
1822;255
1822;318
1820;253
1822;467
1822;234
1823;255
1822;234
1822;234
1822;3
1823;200
1823;150
1823;255
1823;167
1823;253
1823;234
1823;234
1823;112
1824;318
1823;255
1823;255
1823;318
1823;183
1823;0
1823;234
1823;209
1823;234
1823;49
1823;110
1823;505
1823;253
1823;234
1825;164
1824;209
1824;255
1824;318
1825;278
1824;255
1824;255
1824;255
1824;150
1825;0
1825;255
1824;376
1824;318
1824;255
1824;319
1825;140
1824;255
1824;255
1825;255
1824;237
1824;255
1824;255
1824;500
1824;120
1825;100
1824;255
1824;255
1824;278
1824;183
1824;255
1824;234
1824;255
1825;255
1825;167
1824;416
1825;222
1825;255
1824;234
1824;255
1825;76
1825;255
1825;255
1825;255
1826;491
1825;167
1825;255
1825;255
1826;491
1825;255
1825;167
1826;0
1826;255
1825;167
1825;255
1825;400
1825;250
1825;85
1825;255
1825;255
1825;255
1826;255
1825;250
1825;209
1826;255
1826;281
1826;491
1825;167
1825;255
1826;280
1825;234
1825;255
1825;278
1825;253
1826;442
1825;253
1825;123
1825;167
1825;167
1825;234
1825;167
1825;150
1825;167
1826;255
1825;203
1826;342
1826;311
1826;255
1826;535
1826;174
1826;255
1826;255
1825;420
1826;255
1826;255
1826;255
1826;2
1826;0
1826;255
1826;255
1827;400
1826;242
1826;255
1827;255
1826;255
1826;255
1826;535
1827;140
1827;311
1826;442
1827;491
1827;0
1827;255
1827;281
1828;50
1827;535
1828;490
1827;255
1827;255
1827;311
1827;281
1828;127
1828;27
1827;311
1828;0
1827;0
1827;311
1827;84
1827;0
1828;491
1828;491
1828;248
1828;442
1828;100
1828;128
1828;0
1829;240
1828;535
1828;535
1828;535
1829;283
1829;84
1829;248
1830;491
1829;375
1829;491
1829;491
1829;147
1829;491
1829;491
1829;255
1829;255
1829;139
1829;0
1829;311
1830;168
1829;119
1830;307
1830;280
1830;51
1830;255
1830;255
1830;89
1830;84
1830;255
1831;331
1830;491
1831;255
1830;255
1830;350
1830;0
1830;0
1832;50
1831;535
1833;456
1837;489
1840;150
1843;311
1845;535
1847;388
1848;0
1849;535
1849;535
1848;491
1849;307
1849;491
1643;330
1831;311
1820;370
1831;307
1822;155
1822;310
1820;136
1820;259
1821;341
1823;259
1825;0
1819;255
1781;204
1782;8
1783;330
1785;562
1784;406
1784;244
1784;539
1670;314
1817;519
1815;167
1815;253
1819;124
1821;143
1821;84
1821;318
1821;150
1823;253
1826;280
1827;491
1829;311
1830;300
1766;374
1782;4
1780;0
1766;305
1823;352
1803;40
1803;305
1802;128
1803;150
1803;100
1803;181
1803;0
1802;124
1803;183
1802;55
1802;103
1802;128
1803;84
1803;84
1803;343
1803;180
1803;0
1803;214
1803;167
1802;20
1803;53
1802;207
1803;347
1803;352
1803;300
1803;406
1803;400
1803;189
1803;40
1803;150
1802;90
1804;84
1804;167
1803;0
1803;0
1803;133
1803;84
1778;304
1779;421
1779;472
1779;429
1779;592
1780;475
1781;469
1781;540
1781;450
1781;457
1781;592
1782;533
1782;215
1782;483
1782;298
1782;302
1783;511
1784;331
1782;300
1783;410
1784;250
1783;310
1785;197
1784;314
1785;213
1784;211
1784;385
1784;407
1785;260
1784;352
1784;286
1784;425
1784;245
1786;196
1785;290
1785;413
1785;237
1785;312
1785;310
1785;350
1786;425
1786;452
1787;121
1787;462
1787;410
1788;363
1788;270
1789;413
1789;301
1705;826
1698;506
1699;521
1700;542
1704;349
1702;350
1702;102
1703;126
1707;447
1708;103
1708;260
1709;370
1709;56
1710;245
1711;626
1712;270
1712;219
1714;265
1714;277
1714;171
1715;145
1718;216
1722;206
1724;415
1727;283
1727;238
1728;47
1729;126
1731;55
1732;120
1733;443
1734;224
1736;150
1738;11
1738;212
1739;42
1740;45
1742;53
1744;100
1746;160
1747;250
1747;290
1748;300
1749;334
1749;300
1749;284
1750;212
1750;87
1751;279
1751;150
1752;203
1752;307
1753;312
1753;275
1687;95
1688;250
1688;363
1690;136
1692;624
1696;807
1696;615
1698;431
1701;182
1698;733
1710;382
1714;363
1715;142
1715;363
1715;290
1715;300
1718;49
1719;468
1724;250
1725;460
1725;464
1726;162
1726;474
1727;22
1746;93
1752;338
1710;373
1710;433
1709;112
1754;168
1755;125
1754;323
1747;0
1757;289
1762;344
1764;243
1755;87
1758;136
1759;220
1759;339
1760;228
1760;375
1761;332
1767;245
1768;171
1768;265
1769;323
1772;267
1775;332
1772;166
1775;221
1776;145
1774;218
1785;205
1790;310
1791;0
1793;322
1802;137
1801;384
1794;311
1795;311
1796;343
1799;303
1800;303
1794;100
1795;100
1795;158
1795;100
1795;148
1795;87
1798;264
1796;158
1796;81
1796;158
1796;158
1796;71
1796;61
1796;111
1797;158
1797;100
1797;59
1798;63
1797;158
1797;100
1798;112
1798;342
1797;63
1799;39
1798;158
1798;100
1798;158
1798;100
1799;66
1799;100
1800;100
1799;158
1799;158
1800;158
1799;100
1799;158
1799;100
1800;103
1800;96
1781;160
1799;100
1799;158
1799;158
1799;158
1799;158
1800;95
1800;100
1800;158
1800;100
1801;139
1800;100
1800;100
1800;158
1800;158
1800;158
1800;102
1799;100
1800;100
1800;100
1800;155
1800;100
1800;158
1800;158
1800;158
1801;148
1800;100
1801;158
1802;158
1801;61
1802;266
1801;158
1802;221
1801;100
1801;100
1803;409
1804;100
1802;100
1802;100
1802;163
1802;91
1802;100
1802;27
1802;100
1803;186
1802;100
1802;100
1802;100
1802;86
1700;700
1803;70
1803;53
1803;100
1803;158
1804;78
1803;100
1803;158
1805;134
1804;140
1804;158
1804;158
1805;100
1805;158
1805;158
1805;158
1806;158
1805;158
1805;158
1806;158
1806;158
1806;158
1806;158
1802;316
1756;73
1756;224
1756;248
1756;62
1757;140
1756;341
1757;252
1757;273
1758;273
1759;293
1760;257
1761;342
1762;484
1764;186
1765;196
1765;283
1770;244
1770;164
1771;262
1771;235
1772;369
1773;196
1773;255
1773;207
1774;111
1783;197
1712;376
1761;281
1762;335
1762;298
1768;201
1795;94
1796;118
1797;149
1778;310
1782;310
1782;310
1784;253
1789;310
1789;310
1789;310
1796;180
1795;285
1797;191
1802;60
1797;273
1802;162
1802;295
1806;273
1647;392
1647;251
1696;373
1696;243
1714;140
1717;150
1725;81
1725;151
1725;140
1727;149
1727;120
1729;151
1729;149
1730;96
1732;120
1731;149
1732;149
1733;149
1733;149
1733;149
1732;149
1733;149
1733;149
1734;149
1734;45
1733;83
1734;149
1734;14
1734;149
1733;172
1735;149
1735;149
1735;149
1735;118
1736;149
1735;96
1736;149
1736;149
1736;149
1736;142
1735;149
1737;90
1737;149
1737;149
1737;149
1737;149
1736;149
1736;149
1736;149
1737;149
1737;149
1736;83
1736;95
1736;149
1737;149
1737;149
1738;76
1738;149
1738;103
1737;149
1738;149
1738;149
1737;149
1737;83
1738;149
1738;149
1739;149
1738;149
1739;85
1739;149
1740;50
1739;149
1739;146
1738;0
1739;64
1739;55
1739;149
1740;134
1740;149
1739;149
1739;83
1740;149
1740;149
1740;149
1740;149
1739;83
1740;149
1740;149
1740;149
1741;149
1740;149
1741;149
1741;149
1741;149
1741;149
1742;149
1741;149
1742;149
1742;149
1742;149
1742;149
1742;134
1743;149
1743;149
1743;149
1744;151
1744;149
1744;149
1744;149
1744;149
1744;149
1744;149
1745;149
1746;165
1745;149
1747;120
1746;83
1746;149
1748;149
1747;149
1747;149
1748;149
1749;149
1749;149
1750;134
1749;149
1750;98
1750;83
1749;149
1749;169
1749;149
1749;118
1750;149
1751;112
1751;154
1751;55
1751;149
1751;123
1751;149
1751;149
1751;149
1752;149
1751;149
1752;170
1752;65
1752;64
1751;149
1752;149
1752;149
1753;149
1751;149
1753;35
1753;131
1753;0
1752;149
1752;71
1753;150
1753;152
1753;61
1752;149
1754;70
1752;129
1753;100
1754;123
1753;149
1754;139
1753;149
1755;0
1754;68
1754;83
1753;149
1755;145
1755;92
1755;72
1755;120
1755;76
1755;80
1755;66
1754;149
1755;120
1755;66
1755;57
1755;80
1755;200
1757;80
1756;80
1756;126
1755;149
1755;89
1756;57
1757;127
1757;130
1756;84
1756;103
1757;140
1757;80
1757;80
1757;70
1757;70
1757;10
1756;95
1756;101
1756;83
1757;205
1757;113
1757;121
1757;155
1757;55
1757;86
1757;122
1757;66
1758;150
1758;140
1758;170
1757;286
1757;83
1757;100
1757;58
1758;110
1759;150
1758;60
1758;140
1758;54
1758;95
1759;145
1759;150
1759;40
1759;50
1759;39
1759;150
1760;135
1760;117
1760;78
1759;0
1760;125
1761;107
1761;100
1761;79
1761;94
1761;40
1761;100
1761;130
1762;73
1762;60
1762;145
1762;79
1762;191
1763;150
1762;75
1762;72
1761;43
1761;95
1761;50
1762;175
1761;95
1762;70
1762;70
1762;75
1763;70
1763;182
1763;149
1763;106
1763;90
1762;83
1763;83
1763;149
1763;149
1763;67
1762;83
1762;60
1763;60
1763;78
1763;120
1764;70
1763;83
1764;113
1763;90
1764;120
1764;180
1764;275
1764;160
1764;160
1764;120
1763;83
1763;72
1764;90
1763;200
1764;95
1765;100
1765;83
1765;66
1764;56
1765;55
1766;69
1765;53
1764;118
1765;142
1764;95
1765;95
1764;83
1765;83
1764;83
1764;149
1766;44
1765;200
1765;200
1764;149
1764;140
1766;181
1764;83
1765;172
1765;34
1764;140
1765;100
1766;34
1766;95
1765;83
1766;52
1765;83
1766;158
1766;48
1766;155
1766;77
1765;83
1767;158
1765;95
1767;96
1765;187
1765;149
1765;149
1767;100
1767;83
1767;130
1767;120
1767;126
1767;79
1766;83
1766;95
1767;45
1767;120
1766;118
1767;60
1767;97
1766;83
1766;120
1767;180
1767;115
1767;100
1767;105
1768;150
1767;83
1767;83
1768;190
1767;118
1768;120
1767;83
1769;130
1767;83
1767;95
1767;95
1768;130
1768;165
1768;230
1768;83
1769;154
1769;56
1769;82
1769;50
1769;85
1769;100
1769;165
1769;182
1770;140
1768;120
1768;120
1769;126
1768;95
1769;155
1768;90
1769;51
1769;29
1770;120
1770;130
1770;134
1770;72
1770;172
1769;83
1770;57
1769;120
1770;104
1769;83
1770;80
1769;120
1771;103
1770;169
1770;120
1769;182
1769;112
1770;20
1770;96
1771;90
1771;129
1771;101
1771;83
1770;118
1771;144
1771;108
1771;117
1771;82
1770;118
1771;134
1771;71
1771;101
1771;35
1770;149
1770;149
1772;66
1772;141
1772;105
1773;205
1771;120
1772;60
1771;149
1771;149
1771;102
1771;177
1772;159
1772;257
1772;149
1771;149
1772;149
1773;140
1772;142
1772;149
1773;120
1773;231
1773;236
1772;83
1772;149
1773;83
1773;149
1773;151
1772;149
1772;149
1772;149
1774;135
1773;151
1772;149
1773;120
1772;149
1773;67
1773;118
1772;149
1773;73
1772;95
1773;94
1773;108
1773;149
1773;182
1772;149
1774;120
1774;183
1774;110
1774;101
1774;106
1773;149
1774;101
1773;83
1774;112
1774;60
1774;41
1774;118
1774;87
1773;151
1773;43
1773;151
1773;149
1773;83
1774;118
1774;43
1774;125
1774;191
1774;95
1774;134
1774;120
1775;348
1774;118
1775;110
1774;118
1775;95
1775;80
1775;200
1774;83
1776;70
1774;181
1775;150
1775;103
1774;118
1774;149
1775;200
1775;150
1774;149
1775;149
1775;122
1775;100
1785;130
1785;88
1785;186
1784;130
1785;112
1785;192
1786;130
1786;83
1786;150
1786;118
1785;133
1785;130
1786;55
1786;121
1786;66
1786;66
1786;116
1787;81
1786;66
1786;88
1786;149
1787;136
1787;55
1787;90
1787;66
1787;80
1787;130
1787;121
1787;66
1788;114
1788;66
1789;114
1789;202
1789;157
1788;94
1788;114
1788;130
1789;114
1789;114
1789;64
1790;55
1789;99
1789;99
1789;66
1790;87
1789;114
1789;147
1791;122
1791;97
1790;110
1790;114
1790;46
1791;110
1790;58
1792;135
1792;84
1792;81
1793;276
1792;120
1792;127
1791;53
1792;221
1792;110
1793;71
1792;114
1793;128
1793;127
1793;156
1793;84
1792;110
1793;40
1793;83
1793;120
1793;177
1792;162
1793;271
1793;138
1794;221
1794;99
1794;162
1794;128
1794;110
1794;99
1793;64
1793;121
1793;112
1794;113
1794;127
1794;100
1794;114
1793;69
1794;114
1794;52
1794;64
1794;147
1795;153
1795;74
1794;89
1794;114
1795;99
1795;114
1795;167
1796;167
1796;110
1796;136
1796;127
1798;283
1796;47
1795;110
1795;40
1795;52
1796;137
1795;121
1796;104
1796;133
1796;78
1796;229
1796;255
1796;48
1796;67
1796;45
1796;89
1795;114
1795;112
1795;83
1795;162
1796;114
1795;100
1796;80
1795;156
1795;14
1797;83
1795;83
1797;64
1796;70
1796;74
1796;136
1797;117
1797;94
1796;91
1797;151
1797;79
1796;81
1796;119
1797;138
1797;125
1796;83
1797;103
1797;75
1796;147
1797;263
1796;114
1797;120
1797;74
1797;83
1798;51
1797;76
1797;127
1798;83
1798;45
1797;76
1797;64
1798;272
1797;78
1798;83
1798;47
1798;76
1798;76
1799;120
1798;97
1799;112
1798;114
1799;114
1799;64
1798;73
1798;192
1799;61
1800;83
1799;47
1799;64
1799;120
1799;35
1799;110
1799;83
1799;46
1800;66
1799;46
1799;41
1800;73
1799;58
1800;127
1800;39
1800;76
1799;112
1800;84
1800;76
1800;74
1800;136
1800;206
1799;114
1799;130
1800;93
1800;114
1799;83
1799;114
1800;121
1799;52
1800;94
1800;61
1799;79
1799;150
1799;91
1799;78
1800;105
1800;81
1801;107
1800;147
1800;76
1800;122
1800;61
1800;57
1800;46
1800;41
1800;101
1800;138
1801;98
1800;105
1800;52
1800;74
1800;162
1800;111
1800;64
1800;74
1801;75
1801;95
1802;76
1802;98
1802;118
1801;74
1801;114
1801;97
1802;100
1802;75
1803;143
1802;95
1803;194
1802;89
1802;83
1803;162
1802;114
1802;114
1802;120
1802;84
1803;129
1803;114
1803;132
1802;129
1802;90
1803;150
1803;102
1803;141
1803;129
1804;110
1803;109
1803;330
1803;132
1804;205
1803;37
1804;64
1804;129
1804;312
1804;75
1804;161
1804;114
1805;162
1805;67
1805;140
1805;161
1805;131
1804;51
1804;114
1804;112
1805;113
1804;22
1805;285
1805;62
1805;129
1805;64
1805;117
1805;101
1804;149
1805;286
1805;115
1805;86
1805;104
1806;172
1805;146
1805;103
1805;84
1805;170
1806;246
1806;150
1806;110
1806;162
1805;95
1806;122
1806;83
1806;107
1806;148
1806;84
1806;109
1806;131
1805;101
1806;212
1806;120
1806;64
1805;90
1806;151
1806;96
1806;80
1806;59
1806;99
1806;151
1806;156
1806;204
1806;98
1806;161
1806;129
1805;179
1805;189
1805;80
1806;136
1805;77
1805;96
1806;95
1806;178
1806;117
1805;340
1805;114
1805;90
1806;138
1806;129
1806;95
1806;141
1807;188
1807;178
1807;246
1806;89
1807;95
1807;94
1807;156
1807;86
1807;229
1807;212
1807;217
1807;168
1807;71
1807;103
1807;233
1806;77
1806;80
1806;182
1807;186
1806;108
1807;129
1807;163
1807;90
1807;77
1807;125
1807;60
1807;93
1807;174
1807;118
1807;90
1807;36
1807;112
1807;90
1807;176
1807;228
1807;131
1807;66
1807;106
1807;96
1807;82
1807;147
1807;136
1807;181
1806;168
1807;103
1807;109
1807;202
1807;271
1807;75
1807;141
1807;81
1807;112
1807;233
1807;370
1807;78
1808;47
1807;94
1807;54
1807;57
1807;188
1807;109
1808;71
1807;60
1807;90
1808;72
1807;117
1807;153
1807;153
1808;86
1807;199
1808;114
1729;168
1744;69
1753;83
1754;163
1755;156
1764;150
1764;186
1766;62
1770;24
1774;130
1805;153
1806;156
1807;73
1807;86
1756;0
1758;126
1761;110
1764;83
1792;75
1806;202
1736;149
1740;129
1765;83
1772;149
1796;50
1751;150
1729;122
1752;34
1737;149
1748;123
1804;118
1860;110
1802;71
1800;146
1738;149
1792;258
1761;95
1696;143
1694;34
1697;123
1698;83
1861;517
1783;126
1784;91
1785;193
1785;74
1801;70
1732;149
1802;45
1693;181
1695;181
1697;181
1698;63
1698;181
1743;134
1748;83
1751;83
1752;83
1751;181
1757;31
1762;118
1770;118
1773;99
1773;83
1774;125
1773;83
1792;310
1808;101
1790;70
1789;83
1793;85
1795;130
1801;368
1804;210
1807;184
1804;149
1806;19
1750;118
1752;118
1753;118
1754;118
1754;134
1755;95
1755;118
1765;83
1757;83
1758;118
1758;134
1744;181
1760;83
1761;83
1761;83
1761;95
1761;95
1761;95
1761;83
1761;95
1763;83
1765;83
1762;83
1765;83
1766;149
1766;149
1766;149
1774;149
1774;149
1775;149
1772;83
1792;130
1795;94
1796;130
1797;130
1804;101
1802;390
1805;149
1806;153
1807;153
1807;267
1807;267
1807;46
1796;121
1807;153
1807;101
1804;74
1804;110
1805;147
1803;390
1802;390
1807;50
1783;130
1785;94
1785;97
1808;180
1808;248
1806;500
1807;267
1805;0
1807;155
1806;153
1806;149
1807;101
1791;13
1808;101
1805;101
1807;167
1806;83
1806;267
1797;200
1804;101
1787;130
1806;153
1807;191
1806;65
1805;163
1805;172
1810;162
1806;83
1806;103
1807;152
1807;150
1795;94
1807;153
1787;149
1801;0
1810;237
1803;234
1796;216
1806;101
1806;267
1796;119
1807;183
1805;83
1799;119
1805;0
1804;101
1810;143
1807;101
1810;46
1806;267
1805;267
1804;273
1810;397
1807;101
1807;153
1804;101
1806;101
1804;101
1804;153
1807;268
1788;149
1794;94
1792;149
1807;261
1792;84
1805;101
1791;83
1805;153
1806;101
1785;310
1789;149
1789;130
1789;149
1791;149
1793;149
1793;98
1796;63
1801;310
1801;35
1802;140
1802;149
1804;103
1805;83
1805;153
1806;101
1806;101
1808;153
1807;153
1719;62
1733;149
1804;159
1804;159
1751;95
1751;60
1752;40
1804;153
1804;153
1805;267
1805;101
1805;101
1805;153
1805;110
1805;153
1805;159
1806;267
1806;101
1806;90
1806;109
1807;153
1807;101
1807;153
1808;101
1754;0
1756;149
1756;149
1803;153
1795;94
1807;153
1798;149
1801;101
1804;101
1797;0
1792;93
1807;0
1802;149
1794;149
1794;130
1705;30
1710;66
1711;66
1712;96
1738;83
1739;118
1739;83
1751;83
1750;181
1750;118
1751;83
1758;95
1767;118
1768;118
1769;250
1805;76
1805;211
1804;201
1805;124
1773;167
1807;80
1807;80
1805;80
1732;149
1770;149
1770;149
1772;165
1802;0
1763;95
1764;82
1809;104
1818;246
1754;151
1804;23
1768;151
1802;151
1798;105
1802;69
1803;153
1772;151
1825;348
1861;517
1860;540
1800;99
1808;68
1797;120
1797;123
1797;96
1797;72
1798;96
1800;128
1803;98
1804;112
1804;77
1812;123
1813;5
1812;140
1812;509
1814;133
1814;90
1814;107
1812;129
1814;418
1812;250
1812;230
1812;344
1791;105
1812;649
1812;344
1813;91
1805;43
1805;20
1790;95
1792;85
1806;140
1805;0
1857;0
1698;204
1686;140
1759;94
1684;55
1772;151
1802;83
1820;153
1803;109
1802;66
1774;150
1766;246
1768;518
1766;492
1767;372
1767;372
1768;372
1768;372
1769;372
1769;372
1815;307
1816;287
1816;475
1817;307
1816;144
1817;220
1818;401
1817;288
1818;314
1818;317
1820;201
1822;475
1824;288
1824;288
1826;284
1825;220
1826;240
1827;277
1827;411
1827;284
1827;284
1826;284
1826;284
1828;690
1832;411
1835;411
1838;278
1839;411
1839;0
1848;845
1853;536
1829;284
1829;284
1850;189
1843;264
1830;411
1829;284
1835;411
1822;154
1822;130
1830;284
1829;284
1829;284
1843;241
1827;284
1838;560
1601;448
1601;448
1601;448
1595;380
1595;397
1595;371
1595;498
1595;413
1595;456
1595;413
1595;498
1595;456
1595;413
1595;456
1595;346
1595;456
1679;216
1681;216
1663;531
1681;216
1679;216
1681;216
1681;216
1679;216
1666;216
1681;216
1801;514
1838;490
1818;237
1818;237
1683;200
1805;70
1804;0
1742;151
1737;151
1700;0
1798;519
1798;534
1798;384
1798;502
1799;524
1799;663
1799;404
1800;612
1800;495
1800;393
1801;496
1801;467
1801;502
1801;707
1802;537
1802;603
1802;492
1802;600
1802;385
1802;377
1802;626
1802;571
1802;623
1802;512
1802;530
1802;390
1803;499
1802;713
1802;395
1803;531
1803;460
1802;462
1803;841
1803;578
1803;464
1803;491
1803;818
1803;438
1803;400
1804;286
1803;403
1803;623
1804;372
1803;550
1804;406
1804;488
1804;417
1804;720
1804;451
1804;412
1804;390
1804;239
1804;746
1804;583
1804;370
1805;442
1804;585
1804;451
1805;465
1804;673
1804;117
1805;490
1805;653
1805;393
1805;377
1805;443
1805;510
1806;589
1806;410
1805;506
1805;583
1805;389
1806;625
1804;592
1805;554
1806;321
1805;591
1805;239
1806;316
1806;390
1806;390
1806;175
1806;555
1806;535
1806;396
1806;507
1819;255
1778;547
1779;224
1781;363
1781;190
1806;310
1793;353
1726;118
1725;212
1726;340
1729;492
1762;297
1728;406
1788;336
1791;274
1750;406
1728;492
1734;406
1755;329
1757;316
1744;465
1762;290
1706;260
1706;260
1706;260
1707;260
1707;357
1710;118
1711;260
1715;260
1720;118
1721;118
1721;129
1721;492
1721;292
1721;118
1722;118
1726;406
1727;492
1728;260
1728;492
1728;129
1728;118
1728;260
1727;406
1728;492
1728;492
1729;492
1726;406
1730;600
1734;273
1729;212
1724;368
1724;118
1756;352
1703;260
1836;490
1846;490
1805;475
1845;572
1846;572
1836;307
1729;212
1727;406
1729;492
1723;118
1725;118
1725;301
1725;118
1725;260
1740;465
1744;465
1748;431
1749;492
1752;297
1757;316
1758;253
1758;297
1757;253
1776;230
1776;152
1776;353
1776;363
1776;34
1777;373
1777;413
1711;260
1751;253
1784;331
1777;322
1780;353
1777;299
1777;248
1780;426
1777;398
1780;402
1780;491
1780;230
1782;421
1789;31
1796;179
1792;232
1790;143
1782;177
1782;354
1793;323
1790;66
1792;461
1792;316
1789;353
1790;17
1791;380
1792;87
1793;79
1792;135
1793;351
1793;338
1794;526
1793;324
1781;569
1793;504
1794;392
1793;100
1793;282
1794;549
1793;400
1794;45
1790;409
1790;408
1794;396
1794;96
1794;113
1791;437
1794;342
1796;361
1796;526
1795;348
1794;28
1794;440
1795;442
1795;362
1795;360
1795;372
1796;393
1795;440
1796;456
1795;130
1795;200
1796;227
1797;67
1795;307
1793;55
1797;99
1797;70
1796;250
1796;537
1797;405
1797;220
1767;329
1817;273
1819;183
1778;353
1795;353
1762;200
1790;353
1790;331
1799;113
1798;107
1794;162
1778;618
1798;1086
1798;186
1798;73
1724;388
1799;455
1799;462
1799;117
1799;97
1791;444
1791;379
1792;421
1820;259
1820;50
1820;499
1820;276
1821;439
1821;531
1821;98
1821;676
1821;334
1821;475
1821;331
1821;255
1821;289
1821;76
1821;187
1821;149
1821;143
1821;234
1822;442
1822;566
1822;149
1822;239
1822;124
1823;423
1823;127
1823;33
1823;292
1823;326
1823;544
1823;233
1823;171
1823;254
1823;265
1823;319
1823;425
1824;488
1824;250
1824;109
1824;273
1825;582
1825;513
1825;88
1825;516
1825;167
1825;333
1825;337
1826;521
1826;140
1814;211
1814;390
1815;239
1815;183
1815;183
1815;390
1815;390
1815;239
1815;183
1815;183
1815;390
1815;310
1815;390
1815;390
1815;390
1815;239
1815;390
1815;183
1815;345
1815;239
1816;390
1816;239
1816;183
1816;239
1816;390
1816;390
1816;183
1816;390
1819;680
1821;439
1831;25
1622;359
1622;359
1623;359
1624;596
1625;359
1623;359
1621;359
1620;359
1625;359
1619;359
1621;359
1621;359
1622;359
1622;359
1650;325
1624;359
1623;359
1638;359
1618;359
1621;359
1625;359
1619;359
1623;359
1624;359
1618;359
1620;359
1619;359
1602;400
1617;359
1602;304
1602;224
1621;395
1638;359
1603;359
1603;359
1619;359
1622;359
1621;359
1619;359
1619;359
1621;359
1621;224
1638;359
1604;359
1604;359
1613;338
1614;359
1615;359
1639;359
1619;359
1622;359
1654;325
1794;67
1794;160
1798;97
1805;73
1795;115
1798;71
1799;119
1799;162
1799;132
1799;63
1799;42
1811;287
1805;94
1805;87
1805;56
1806;118
1806;77
1806;76
1809;153
1794;154
1811;297
1811;39
1811;183
1811;175
1811;129
1811;208
1811;48
1799;105
1799;72
1799;95
1800;52
1800;109
1800;91
1800;69
1800;197
1801;307
1800;81
1801;113
1801;175
1801;98
1810;84
1801;91
1719;118
1831;691
1716;406
1753;316
1793;363
1797;363
1810;492
1812;492
1816;390
1816;390
1816;119
1816;390
1818;333
1819;390
1833;345
1840;490
1841;490
1574;56
1575;332
1792;474
1791;354
1793;129
1793;353
1793;258
1793;359
1793;113
1794;353
1794;0
1698;406
1793;209
1794;271
1795;386
1795;386
1795;386
1795;386
1795;353
1795;258
1795;353
1796;363
1796;353
1796;353
1797;310
1797;258
1797;271
1799;364
1797;359
1798;70
1789;460
1799;113
1799;271
1800;271
1783;271
1783;331
1783;39
1783;353
1800;363
1816;273
1820;390
1801;273
1766;316
1765;5
1679;388
1694;388
1703;357
1708;742
1718;83
1718;388
1718;59
1718;92
1719;86
1719;143
1719;79
1719;388
1719;138
1719;94
1720;388
1720;51
1720;388
1720;388
1720;73
1720;156
1720;80
1720;388
1720;388
1720;388
1720;388
1721;73
1721;388
1721;388
1721;388
1721;388
1721;85
1722;388
1721;388
1722;388
1721;388
1722;388
1722;388
1722;388
1722;206
1722;388
1722;388
1722;212
1722;388
1722;86
1723;388
1723;388
1723;388
1723;388
1723;388
1723;388
1723;388
1723;388
1723;465
1724;388
1724;388
1724;388
1724;388
1724;388
1724;388
1725;388
1725;388
1725;388
1725;388
1725;388
1725;388
1725;388
1725;388
1725;388
1725;388
1725;388
1725;289
1725;388
1725;388
1725;301
1725;388
1725;388
1726;465
1726;388
1726;388
1726;388
1726;250
1726;388
1726;388
1726;250
1726;240
1726;388
1726;388
1726;301
1726;388
1726;388
1727;388
1727;171
1727;388
1727;388
1727;75
1727;388
1727;388
1727;388
1727;388
1727;388
1727;388
1727;388
1727;388
1727;388
1727;388
1727;388
1727;51
1727;166
1727;301
1728;465
1728;388
1728;388
1728;388
1728;99
1728;68
1728;388
1728;388
1728;121
1729;388
1729;388
1729;388
1729;388
1729;388
1729;388
1729;388
1729;388
1729;388
1729;388
1729;388
1729;388
1729;388
1730;388
1730;113
1730;388
1730;388
1730;388
1730;388
1730;388
1730;388
1730;388
1731;388
1731;388
1731;388
1731;31
1732;388
1732;388
1732;388
1732;388
1733;388
1733;388
1733;492
1733;388
1733;388
1733;388
1733;388
1733;260
1733;388
1733;388
1733;388
1734;260
1734;388
1734;388
1734;388
1734;388
1734;388
1735;196
1734;388
1734;388
1734;388
1735;388
1735;388
1735;388
1735;388
1735;388
1735;388
1735;388
1735;388
1736;388
1736;388
1736;80
1736;388
1736;388
1736;388
1737;388
1737;388
1737;388
1738;388
1738;388
1740;388
1740;388
1740;388
1740;388
1741;388
1741;388
1742;388
1742;388
1742;388
1743;388
1744;388
1744;212
1745;388
1745;212
1745;212
1745;212
1746;212
1746;212
1746;212
1746;212
1746;212
1747;388
1747;388
1747;212
1747;388
1747;388
1748;388
1748;388
1748;388
1748;388
1748;388
1748;388
1749;388
1749;388
1749;388
1750;388
1750;212
1750;388
1751;388
1752;388
1752;253
1752;388
1752;388
1753;253
1753;388
1753;388
1753;388
1754;388
1754;388
1754;253
1754;388
1754;253
1755;388
1755;253
1755;253
1755;253
1755;388
1755;388
1756;316
1756;388
1756;388
1756;388
1756;388
1756;297
1756;253
1757;388
1757;297
1757;297
1757;253
1758;253
1758;388
1758;253
1758;253
1758;253
1719;43
1724;235
1763;297
1769;297
1782;331
1781;258
1760;253
1768;316
1771;297
1789;304
1779;258
1780;258
1776;200
1765;297
1783;271
1797;258
1778;353
1779;304
1779;175
1779;281
1779;85
1780;355
1780;171
1737;254
1738;125
1739;169
1741;212
1742;169
1743;2
1744;129
1745;465
1762;212
1781;124
1738;118
1739;211
1741;169
1758;212
1759;212
1753;297
1755;316
1755;169
1757;297
1786;363
1787;363
1786;353
1781;206
1781;363
1736;301
1751;169
1752;316
1608;359
1752;250
1752;211
1762;386
1784;169
1747;169
1749;169
1754;316
1646;325
1646;325
1781;320
1782;120
1781;72
1783;39
1783;200
1783;151
1788;63
1789;134
1788;372
1783;364
1787;353
1784;363
1783;363
1643;325
1644;179
1651;650
1651;700
1651;330
1652;325
1656;216
1662;700
1677;270
1677;290
1681;118
1695;116
1696;179
1701;120
1703;200
1708;102
1715;100
1729;39
1737;17
1740;465
1740;77
1741;100
1741;0
1743;101
1752;169
1754;386
1755;316
1661;179
1649;179
1644;179
1693;159
1652;179
1752;316
1752;169
1749;465
1743;169
1733;28
1698;19
1725;182
1752;153
1647;292
1735;8
1788;250
1826;449
1824;390
1821;183
1820;183
1818;530
1816;390
1816;239
1815;530
1815;120
1815;390
1815;530
1797;310
1802;530
1801;530
1802;307
1802;307
1803;273
1805;180
1806;390
1807;105
1813;530
1814;390
1815;390
1815;390
1815;239
1815;239
1813;239
1813;183
1814;113
1814;390
1810;183
1810;390
1810;183
1813;179
1812;390
1813;390
1814;390
1814;390
1812;530
1811;390
1812;390
1825;382
1829;498
1771;297
1768;253
1766;253
1765;175
1763;297
1763;297
1763;297
1762;297
1761;253
1756;253
1756;297
1756;253
1756;329
1756;253
1756;297
1821;472
1803;390
1803;316
1802;342
1793;363
1818;172
1818;358
1818;334
1818;238
1818;464
1818;491
1818;280
1818;445
1818;405
1818;150
1818;458
1818;319
1818;407
1819;187
1819;107
1819;228
1819;313
1819;185
1819;303
1819;626
1819;157
1819;401
1819;179
1819;240
1819;259
1819;447
1819;219
1819;267
1819;274
1819;442
1819;195
1819;336
1819;507
1819;87
1819;251
1819;293
1819;231
1819;170
1819;403
1819;307
1819;297
1819;413
1819;399
1819;363
1819;415
1819;447
1819;318
1819;327
1820;394
1820;376
1820;243
1819;293
1820;276
1820;424
1820;380
1685;400
1678;400
1659;325
1677;400
1656;325
1656;325
1656;325
1654;325
1654;325
1654;325
1654;325
1652;325
1679;400
1679;400
1681;400
1680;400
1681;292
1681;400
1681;400
1690;400
1733;284
1735;170
1698;242
1826;307
1667;244
1633;266
1699;248
1700;321
1717;241
1814;804
1814;157
1712;193
1704;455
1792;303
1801;103
1825;288
1825;288
1825;220
1826;284
1826;414
1826;0
1826;64
1827;411
1827;411
1827;284
1827;284
1827;284
1827;284
1827;284
1829;411
1830;411
1829;283
1829;561
1829;284
1830;284
1830;284
1830;284
1831;284
1831;284
1831;284
1818;314
1815;530
1811;109
1803;319
1811;295
1812;295
1811;295
1811;167
1811;167
1811;167
1811;183
1811;295
1811;295
1672;244
1723;386
1724;260
1724;260
1724;367
1727;331
1701;237
1701;237
1610;217
1610;381
1611;85
1612;448
1612;120
1615;359
1616;350
1641;292
1647;179
1652;179
1661;179
1744;465
1544;200
1545;320
1545;346
1545;381
1545;384
1545;327
1545;50
1545;360
1545;367
1545;296
1545;363
1545;329
1545;325
1545;304
1545;355
1546;363
1546;464
1546;50
1546;312
1546;352
1546;434
1546;44
1547;346
1547;328
1547;365
1547;324
1547;359
1547;371
1548;410
1548;413
1548;371
1548;30
1548;371
1548;357
1549;314
1549;380
1549;363
1549;403
1549;353
1549;371
1549;387
1549;435
1549;329
1549;376
1549;358
1549;413
1549;354
1549;224
1549;448
1549;224
1550;410
1550;525
1550;363
1549;28
1549;439
1550;379
1550;388
1550;387
1550;413
1550;437
1550;397
1550;446
1550;401
1550;360
1550;429
1579;334
1579;334
1579;359
1579;334
1579;334
1579;334
1579;403
1579;403
1579;349
1579;263
1579;91
1579;334
1579;336
1579;334
1579;403
1579;334
1579;336
1579;334
1579;334
1579;334
1579;334
1579;334
1579;334
1579;334
1579;334
1579;334
1579;334
1579;334
1579;334
1579;334
1579;334
1579;359
1579;334
1580;334
1580;334
1580;334
1581;334
1581;334
1581;334
1581;334
1581;334
1581;334
1581;334
1581;334
1581;334
1581;334
1581;334
1581;334
1581;334
1581;334
1581;334
1581;334
1581;334
1581;334
1581;334
1581;334
1581;334
1581;334
1581;334
1581;334
1581;334
1582;332
1582;334
1582;334
1582;334
1582;334
1582;334
1582;334
1582;334
1582;334
1582;334
1582;334
1582;334
1582;334
1583;334
1583;334
1583;334
1583;334
1583;334
1583;334
1583;334
1583;334
1583;334
1583;334
1583;224
1583;334
1583;334
1585;220
1583;334
1583;334
1584;334
1584;334
1584;334
1585;334
1585;334
1792;30
1795;239
1822;183
1820;239
1854;108
1854;166
1797;201
1840;514
1797;332
1818;273
1755;169
1779;190
1812;530
1793;26
1782;294
1814;239
1814;390
1759;403
1826;307
1823;460
1698;118
1716;260
1822;390
1831;490
1810;239
1808;514
1809;530
1812;390
1809;475
1809;475
1809;390
1810;160
1810;492
1812;390
1812;9
1812;390
1813;530
1814;401
1814;214
1814;530
1814;390
1815;183
1816;390
1816;183
1816;239
1817;183
1817;239
1817;239
1817;390
1817;183
1817;390
1818;183
1819;299
1819;239
1818;183
1818;183
1818;530
1818;390
1818;183
1818;390
1828;373
1788;274
1790;236
1837;490
1828;381
1828;373
1837;490
1685;406
1815;312
1814;338
1814;398
1786;354
1787;355
1795;225
1830;284
1836;257
1836;307
1836;257
1836;118
1836;257
1837;118
1837;257
1837;118
1837;118
1837;118
1838;118
1838;490
1838;118
1838;257
1838;118
1838;307
1839;83
1835;118
1835;257
1840;118
1840;118
1840;257
1837;376
1817;95
1809;390
1754;250
1818;183
1845;490
1833;303
1839;733
1817;144
1817;124
1817;269
1817;76
1820;331
1699;406
1699;244
1818;0
1831;307
1658;500
1821;250
1592;359
1640;44
1621;363
1621;362
1622;398
1622;379
1639;337
1640;44
1630;334
1606;433
1623;328
1626;346
1624;378
1622;543
1619;390
1616;356
1608;359
1607;346
1603;364
1600;350
1595;359
1585;359
1584;359
1627;359
1612;279
1613;370
1614;330
1619;346
1607;35
1609;46
1609;325
1587;224
1592;359
1586;300
1566;142
1640;359
1639;359
1615;359
1637;359
1617;430
1638;359
1615;359
1638;359
1637;359
1637;359
1637;359
1636;359
1635;359
1627;359
1625;359
1598;224
1595;391
1564;82
1565;101
1569;250
1569;251
1573;359
1574;224
1576;224
1575;336
1574;141
1574;203
1630;359
1620;402
1609;52
1621;348
1613;345
1621;364
1623;402
1622;134
1626;120
1697;188
1697;163
1697;170
1698;89
1699;122
1700;159
1700;26
1701;61
1812;533
1813;238
1637;404
1813;255
1809;103
1811;129
1810;335
1813;255
1817;167
1813;167
1816;255
1816;502
1809;167
1816;91
1814;167
1817;167
1819;290
1815;167
1816;255
1816;101
1814;167
1817;391
1820;599
1809;146
1813;561
1813;209
1811;322
1817;167
1817;223
1811;40
1814;243
1817;161
1815;48
1811;102
1817;199
1814;278
1817;300
1809;255
1815;117
1812;167
1809;68
1812;255
1817;306
1817;286
1812;167
1816;167
1817;137
1812;98
1812;292
1817;158
1811;340
1817;130
1809;167
1817;466
1816;167
1816;152
1814;103
1817;167
1817;167
1816;167
1811;205
1814;167
1817;287
1815;167
1816;167
1816;167
1811;291
1815;296
1813;0
1816;255
1817;167
1814;215
1815;167
1817;110
1815;253
1813;150
1810;167
1813;116
1814;160
1810;186
1813;167
1817;187
1816;167
1817;167
1816;300
1815;304
1817;106
1817;167
1817;186
1811;58
1817;194
1809;167
1810;255
1815;666
1816;167
1817;120
1817;288
1816;219
1815;157
1817;162
1810;174
1810;170
1814;228
1816;430
1809;83
1816;207
1808;74
1817;84
1812;268
1814;167
1815;167
1814;167
1815;138
1815;167
1811;167
1817;167
1817;167
1817;167
1816;167
1817;167
1816;155
1809;255
1816;155
1813;217
1811;85
1817;114
1816;505
1817;453
1809;124
1816;167
1814;167
1815;303
1817;245
1817;302
1818;207
1815;250
1812;311
1813;194
1812;349
1813;167
1817;167
1817;334
1816;97
1554;359
1554;359
1554;359
1554;359
1554;359
1554;359
1811;40
1814;228
1813;284
1817;194
1816;282
1814;167
1810;0
1812;167
1818;198
1818;169
1815;167
1814;139
1809;146
1813;1
1812;51
1816;0
1817;234
1817;19
1816;465
1817;182
1815;167
1812;0
1817;106
1805;80
1804;17
1803;71
1803;64
1802;168
1802;137
1796;191
1818;149
1818;154
1818;169
1818;235
1818;244
1810;255
1818;322
1818;228
1813;167
1816;152
1814;260
1816;167
1816;167
1812;98
1817;167
1818;210
1812;136
1811;62
1814;400
1819;247
1822;240
1823;139
1822;255
1821;144
1821;223
1821;246
1821;291
1820;323
1820;328
1820;260
1820;261
1820;498
1820;172
1820;339
1816;0
1817;121
1817;167
1820;249
1819;350
1820;481
1820;225
1820;342
1820;464
1820;167
1820;209
1820;287
1820;145
1819;93
1819;127
1819;283
1819;197
1819;293
1819;359
1818;133
1818;231
1818;172
1818;329
1818;347
1818;255
1818;279
1811;176
1814;361
1816;295
1817;475
1819;377
1819;206
1819;486
1819;48
1819;218
1820;296
1819;217
1818;140
1822;351
1796;0
1797;52
1798;151
1797;0
1818;95
1820;433
1820;323
1820;361
1820;335
1820;393
1820;509
1820;144
1820;435
1820;452
1820;353
1820;191
1820;415
1820;245
1820;739
1820;377
1820;307
1820;446
1820;313
1820;405
1820;306
1819;406
1820;119
1820;352
1820;300
1820;182
1820;355
1820;325
1820;422
1820;455
1820;426
1820;449
1820;330
1820;506
1820;573
1820;253
1820;633
1820;194
1820;436
1819;82
1819;259
1819;410
1818;186
1818;166
1818;149
1818;409
1818;363
1818;384
1817;200
1817;274
1816;387
1817;422
1817;171
1817;253
1817;285
1817;287
1818;217
1818;374
1817;180
1817;138
1817;118
1817;330
1816;292
1816;48
1816;137
1816;55
1816;152
1817;168
1817;98
1817;223
1817;246
1818;96
1817;243
1814;167
1812;92
1813;244
1811;104
1807;284
1811;197
1807;132
1808;251
1810;89
1807;93
1807;238
1817;143
1816;314
1817;514
1820;323
1817;591
1818;451
1818;320
1818;135
1818;99
1817;375
1818;140
1818;95
1817;68
1818;62
1814;202
1818;343
1816;287
1819;167
1519;27
1555;359
1555;359
1555;155
1556;359
1557;359
1559;359
1587;359
1601;283
1561;224
1593;168
1598;448
1600;359
1594;359
1595;18
1591;359
1601;103
1600;347
1583;188
1574;328
1598;365
1597;448
1586;360
1586;359
1597;448
1579;372
1602;142
1579;456
1571;430
1565;224
1554;224
1590;359
1582;359
1579;224
1577;363
1546;448
1601;351
1602;245
1571;537
1573;397
1593;371
1602;288
1601;217
1601;110
1576;457
1570;224
1598;329
1592;93
1588;359
1599;448
1586;359
1591;224
1579;331
1563;224
1580;224
1591;359
1585;73
1598;448
1597;448
1596;458
1595;448
1633;359
1600;338
1589;359
1632;359
1577;348
1573;224
1546;10
1600;384
1596;339
1601;390
1599;448
1594;224
1601;270
1599;375
1595;202
1593;359
1590;359
1588;224
1596;224
1579;35
1578;24
1591;359
1601;251
1600;329
1600;371
1596;371
1632;359
1597;448
1596;413
1599;448
1599;448
1561;224
1574;321
1582;89
1576;224
1549;359
1591;359
1598;363
1598;448
1588;359
1575;389
1599;448
1586;448
1600;405
1594;359
1602;218
1593;359
1551;359
1591;359
1584;224
1589;448
1598;448
1595;447
1590;448
1593;359
1590;359
1589;261
1591;359
1582;359
1598;371
1526;224
1599;375
1551;359
1546;296
1560;359
1574;359
1581;359
1577;347
1602;304
1586;359
1598;380
1598;388
1577;439
1600;346
1596;430
1593;359
1586;359
1587;359
1575;287
1591;359
1577;416
1595;359
1583;359
1552;359
1594;359
1552;359
1600;384
1583;359
1640;359
1586;359
1552;359
1593;359
1591;359
1591;140
1593;359
1591;359
1587;224
1576;366
1601;224
1594;359
1599;448
1551;359
1591;359
1587;359
1588;359
1530;224
1600;371
1599;346
1593;359
1574;359
1601;338
1587;359
1562;224
1601;400
1598;448
1600;347
1599;448
1596;413
1596;388
1598;448
1601;222
1599;346
1551;359
1552;359
1594;359
1594;359
1598;448
1600;397
1560;359
1572;224
1600;366
1598;449
1598;448
1587;224
1587;131
1593;359
1591;359
1582;224
1577;421
1576;224
1578;224
1588;359
1596;180
1578;392
1577;287
1601;342
1595;359
1597;448
1593;359
1592;359
1572;459
1588;359
1591;359
1595;447
1582;359
1588;359
1609;177
1597;346
1575;600
1599;448
1593;359
1547;224
1602;302
1600;448
1570;349
1598;448
1564;224
1551;359
1595;447
1599;448
1554;134
1600;361
1554;224
1574;329
1591;359
1583;359
1583;359
1585;321
1587;359
1602;343
1599;375
1583;359
1589;359
1593;359
1584;359
1591;224
1585;224
1605;189
1598;448
1586;359
1597;388
1595;413
1600;371
1595;359
1597;448
1598;371
1597;448
1599;338
1593;359
1549;329
1599;448
1559;359
1572;474
1598;432
1593;359
1551;359
1580;224
1596;329
1600;413
1558;359
1564;224
1588;359
1582;359
1569;359
1557;359
1561;359
1577;38
1558;359
1586;359
1586;359
1640;120
1629;50
1634;335
1621;450
1618;224
1614;328
1614;325
1614;327
1614;335
1614;352
1614;366
1614;355
1614;355
1614;359
1613;346
1613;217
1613;374
1613;341
1612;350
1612;283
1611;127
1612;359
1611;372
1610;248
1610;224
1610;359
1607;388
1607;23
1607;321
1607;356
1607;34
1607;359
1607;448
1607;368
1606;367
1606;91
1606;716
1606;329
1606;375
1566;359
1564;224
1564;224
1564;224
1565;359
1564;224
1565;359
1567;359
1569;60
1606;170
1606;397
1569;224
1564;224
1564;224
1569;224
1569;224
1569;224
1570;576
1571;575
1572;396
1574;470
1575;344
1576;598
1579;334
1581;448
1583;359
1583;372
1583;448
1583;359
1564;224
1564;236
1563;224
1563;224
1563;359
1562;224
1562;224
1562;224
1562;224
1562;224
1562;224
1562;224
1562;224
1562;224
1562;224
1560;359
1559;359
1559;359
1559;359
1559;359
1583;384
1585;337
1585;44
1585;387
1587;67
1588;224
1589;352
1817;331
1819;296
1820;217
1820;389
1820;307
1820;389
1823;214
1590;91
1590;448
1590;448
1593;380
1596;370
1596;19
1598;346
1598;346
1600;234
1601;356
1601;406
1601;350
1601;364
1601;333
1601;374
1601;346
1601;347
1601;345
1601;20
1602;352
1602;359
1602;49
1602;397
1602;397
1602;359
1603;309
1603;326
1603;333
1603;333
1603;48
1603;333
1603;342
1603;395
1604;353
1604;428
1604;374
1604;334
1605;324
1604;105
1605;392
1605;378
1605;310
1605;390
1605;122
1549;359
1551;359
1597;397
1542;222
1598;448
1622;359
1605;402
1605;190
1600;156
1590;359
1588;188
1583;359
1581;60
1575;44
1603;344
1603;384
1604;340
1604;369
1603;388
1596;359
1596;359
1596;359
1596;359
1562;208
1520;73
1653;0
1689;441
1689;159
1678;1100
1813;312
1552;107
1541;160
1817;6
1519;10
1588;92
1516;1
1752;290
1516;2
1519;6
1516;8
1519;13
1518;3
1518;10
1519;4
1519;6
1519;18
1519;83
1519;14
1519;10
1650;900
1797;80
1614;335
1805;122
1650;150
1804;448
1759;350
1761;433
1849;5
1799;663
1606;90
1594;224
1601;448
1653;381
1656;104
1656;251
1656;94
1657;160
1669;328
1669;0
1669;328
1671;278
1671;328
1674;330
1674;150
1677;524
1677;200
1750;323
1768;323
1768;96
1780;303
1784;171
1650;338
1653;273
1668;273
1668;243
1668;273
1669;455
1669;273
1668;328
1669;338
1669;549
1669;338
1669;455
1669;429
1669;266
1669;173
1655;253
1669;338
1669;0
1670;338
1670;455
1669;338
1670;328
1670;328
1655;328
1670;338
1670;338
1669;455
1673;500
1670;273
1671;72
1670;337
1671;455
1671;455
1672;455
1671;227
1671;71
1654;338
1654;328
1654;259
1656;141
1671;337
1671;273
1671;338
1670;338
1671;455
1670;328
1670;273
1670;338
1671;455
1671;229
1671;273
1671;338
1671;550
1671;338
1671;455
1670;455
1671;337
1672;470
1672;337
1671;233
1671;338
1671;337
1672;455
1671;338
1672;0
1672;455
1672;314
1672;338
1672;338
1657;338
1673;820
1673;474
1673;487
1674;439
1673;473
1673;338
1674;467
1674;467
1675;468
1675;125
1657;273
1658;262
1658;346
1658;450
1652;338
1652;346
1652;273
1657;259
1657;259
1658;272
1657;80
1657;0
1658;273
1658;140
1659;259
1652;170
1658;117
1659;328
1659;273
1659;273
1659;328
1660;218
1660;259
1661;259
1660;338
1660;338
1660;259
1666;338
1661;273
1661;259
1661;346
1661;338
1661;347
1663;455
1662;47
1662;273
1663;300
1663;338
1663;338
1662;36
1663;273
1662;347
1662;273
1662;328
1663;273
1663;338
1663;338
1664;471
1664;455
1664;328
1664;338
1664;347
1664;309
1664;337
1666;328
1665;455
1665;273
1665;338
1665;0
1665;455
1667;455
1666;0
1666;0
1666;316
1652;328
1653;334
1667;455
1667;338
1668;273
1666;338
1668;131
1667;253
1669;194
1668;338
1668;328
1669;422
1670;328
1653;273
1669;548
1669;131
1668;148
1668;189
1668;328
1669;273
1669;273
1655;325
1656;600
1764;355
1810;30
1532;224
1820;31
1612;48
1613;43
1631;359
1631;359
1631;359
1612;98
1620;375
1623;359
1623;359
1631;359
1632;325
1633;50
1636;359
1640;330
1641;193
1655;86
1612;291
1619;362
1631;359
1633;359
1638;359
1639;359
1810;214
1670;234
1689;308
1649;351
1703;178
1611;323
1621;188
1623;394
1605;323
1607;202
1811;197
1818;215
1806;13
1784;626
1710;272
1538;3
1819;238
1854;0
1853;0
1839;17
1844;844
1842;0
1840;0
1845;0
1837;490
1837;490
1837;490
1836;118
1836;490
1836;490
1836;307
1836;490
1836;307
1836;490
1836;490
1836;490
1836;490
1835;490
1835;490
1835;490
1834;401
1835;490
1835;490
1835;490
1835;490
1834;401
1833;490
1832;0
1832;307
1845;490
1845;490
1846;490
1719;367
1719;367
1811;530
1811;475
1812;390
1830;449
1810;390
1809;357
1804;475
1806;183
1803;287
1802;492
1803;179
1802;310
1802;530
1803;179
1801;390
1799;203
1799;205
1796;139
1796;296
1795;57
1798;353
1799;353
1799;363
1799;400
1799;205
1798;271
1799;204
1806;390
1807;390
1796;117
1804;390
1807;390
1808;390
1809;390
1804;390
1804;390
1806;390
1801;390
1796;215
1795;363
1796;231
1801;390
1806;390
1799;271
1802;492
1804;492
1801;390
1806;530
1807;530
1792;217
1805;390
1809;390
1800;271
1806;390
1791;281
1802;346
1804;492
1801;148
1801;239
1799;268
1803;500
1801;310
1805;174
1807;6
1799;204
1813;390
1810;239
1812;239
1803;492
1809;114
1805;530
1807;530
1807;530
1808;530
1804;273
1804;390
1806;390
1807;390
1810;390
1809;390
1807;390
1810;530
1811;530
1812;530
1813;492
1810;390
1811;530
1809;530
1810;530
1810;530
1811;530
1810;390
1805;492
1807;530
1809;530
1811;492
1811;390
1813;321
1813;239
1814;239
1808;390
1813;390
1812;390
1808;530
1809;218
1808;187
1814;530
1814;179
1813;530
1815;310
1814;530
1789;258
1812;239
1811;390
1814;390
1814;390
1812;390
1814;183
1664;301
1783;271
1793;440
1820;239
1783;136
1730;367
1730;406
1795;233
1783;331
1783;331
1719;367
1782;363
1781;331
1781;331
1780;353
1788;353
1788;258
1692;260
1691;292
1691;118
1691;260
1787;353
1787;171
1787;42
1778;331
1777;308
1776;113
1773;361
1772;329
1772;211
1820;251
1820;284
1820;381
1820;216
1820;76
1839;514
1753;119
1830;514
1832;514
1789;386
1808;514
1817;273
1822;390
1830;514
1817;475
1802;0
1840;490
1820;273
1840;490
1830;514
1830;514
1819;140
1819;365
1819;680
1820;450
1753;119
1650;330
1649;500
1649;325
1527;300
1534;359
1535;201
1532;231
1533;260
1534;250
1720;492
1596;183
1712;244
1712;244
1712;244
1712;244
1712;244
1845;411
1713;386
1713;386
1820;474
1820;231
1820;275
1820;193
1820;237
1853;300
1853;401
1863;1147
1863;723
1861;691
1861;612
1858;561
1858;553
1854;91
1854;756
1854;655
1854;500
1853;561
1853;666
1853;445
1853;334
1853;141
1853;330
1853;667
1853;626
1853;640
1852;735
1852;536
1852;701
1851;536
1851;345
1851;536
1851;773
1851;856
1851;868
1844;411
1844;0
1844;284
1842;205
1841;459
1839;284
1838;475
1838;129
1836;282
1836;411
1835;690
1835;690
1832;284
1832;719
1831;284
1830;411
1723;244
1721;406
1717;406
1857;594
1857;32
1857;89
1849;979
1842;170
1864;601
1864;488
1851;447
1851;120
1854;723
1860;0
1814;220
1858;561
1858;350
1853;540
1840;501
1819;288
1823;284
1840;411
1843;411
1843;411
1842;411
1841;411
1812;310
1841;501
1841;485
1842;411
1836;1265
1839;284
1839;411
1838;1265
1717;406
1718;406
1712;406
1712;386
1712;406
1712;406
1773;259
1712;118
1722;465
1721;340
1721;244
1718;244
1752;253
1751;329
1750;465
1750;301
1748;406
1787;353
1806;390
1778;353
1742;492
1733;406
1732;196
1731;118
1728;500
1723;160
1722;212
1724;371
1724;120
1724;153
1724;388
1724;182
1724;272
1724;529
1724;461
1725;388
1724;247
1702;118
1806;390
1817;390
1820;333
1818;183
1818;183
1818;390
1715;260
1787;331
1762;159
1761;316
1785;208
1715;173
1714;386
1714;386
1713;386
1712;80
1820;239
1818;183
1819;183
1770;349
1770;297
1770;297
1808;390
1808;389
1813;390
1820;273
1813;390
1811;530
1821;273
1819;206
1815;119
1820;390
1816;162
1807;148
1807;390
1807;369
1784;258
1840;515
1839;490
1735;0
1848;0
1847;0
1847;0
1845;0
1842;0
1842;0
1842;0
1841;0
1815;390
1840;0
1841;0
1817;273
1817;119
1816;299
1817;239
1819;390
1820;390
1820;239
1821;273
1821;239
1822;273
1822;390
1823;143
1820;183
1812;390
1822;273
1821;390
1817;211
1696;0
1816;390
1817;530
1816;183
1815;183
1815;292
1819;284
1822;424
1792;56
1791;255
1793;211
1792;93
1790;260
1807;280
1808;338
1815;390
1825;183
1825;273
1825;239
1825;183
1826;307
1824;530
1825;273
1826;307
1825;376
1826;490
1826;257
1818;183
1812;390
1813;390
1818;273
1813;390
1814;183
1814;481
1821;530
1821;273
1818;390
1819;390
1819;273
1820;183
1820;273
1820;183
1820;390
1819;239
1819;640
1818;183
1819;183
1819;273
1819;183
1821;273
1821;530
1821;183
1820;273
1820;273
1818;183
1818;183
1819;183
1820;183
1823;530
1818;273
1819;183
1819;183
1819;239
1820;390
1819;273
1820;183
1819;239
1820;183
1819;239
1819;530
1820;390
1819;390
1820;390
1819;355
1818;183
1819;183
1820;183
1824;211
1824;163
1824;376
1824;273
1827;274
1828;578
1827;153
1826;357
1827;314
1822;183
1821;273
1821;183
1821;239
1821;183
1821;390
1796;258
1719;492
1812;273
1816;390
1817;239
1817;273
1819;446
1817;273
1818;390
1819;253
1812;240
1819;390
1829;535
1828;535
1829;535
1831;215
1859;544
1840;690
1827;535
1815;167
1816;0
1816;0
1816;0
1816;156
1817;399
1817;0
1817;390
1819;390
1811;252
1812;0
1810;0
1812;162
1810;0
1810;0
1810;0
1826;376
1826;307
1826;257
1826;490
1826;257
1826;308
1827;376
1827;376
1827;490
1827;308
1827;308
1827;376
1827;307
1827;118
1827;376
1827;307
1827;118
1827;307
1827;307
1827;257
1827;307
1827;307
1827;307
1827;307
1827;307
1827;490
1827;307
1827;307
1828;490
1828;490
1828;307
1828;307
1828;376
1828;578
1828;307
1828;449
1828;308
1828;307
1828;307
1828;307
1828;490
1827;449
1828;119
1826;308
1827;257
1827;307
1828;376
1828;307
1827;307
1827;578
1827;307
1828;307
1827;307
1826;307
1827;307
1826;578
1826;307
1822;287
1827;449
1827;617
1826;538
1825;183
1825;183
1825;273
1826;307
1826;43
1826;307
1826;111
1826;119
1826;490
1826;413
1825;168
1825;137
1826;578
1825;390
1826;107
1826;556
1827;122
1826;424
1822;368
1823;239
1814;239
1822;104
1827;449
1828;449
1829;490
1827;376
1815;390
1815;390
1819;273
1821;390
1821;530
1821;239
1821;390
1822;390
1822;239
1822;152
1822;185
1823;218
1822;352
1823;111
1822;195
1822;390
1822;300
1822;35
1823;244
1819;183
1814;390
1814;530
1814;390
1814;390
1814;183
1814;390
1814;390
1814;390
1814;390
1814;390
1814;390
1814;390
1814;390
1816;390
1815;239
1815;390
1816;183
1816;390
1816;390
1818;390
1820;273
1819;183
1821;273
1819;390
1820;183
1821;390
1819;273
1822;390
1820;661
1820;670
1820;390
1818;239
1820;390
1820;321
1820;385
1820;124
1820;287
1818;390
1819;390
1820;232
1818;183
1818;390
1816;530
1818;310
1818;273
1819;300
1818;273
1817;390
1817;239
1817;390
1818;390
1817;239
1818;390
1818;390
1817;390
1818;530
1818;390
1817;475
1817;390
1817;183
1818;183
1818;390
1818;390
1817;239
1813;390
1813;390
1814;390
1814;239
1814;390
1814;390
1814;390
1814;390
1814;475
1813;390
1814;390
1814;183
1813;240
1814;183
1814;227
1814;390
1814;390
1814;390
1813;390
1814;390
1813;239
1817;475
1813;390
1809;521
1799;433
1811;390
1812;390
1811;390
1812;390
1813;390
1812;183
1813;390
1812;239
1811;390
1811;239
1766;297
1777;353
1811;530
1805;390
1812;390
1815;390
1816;273
1815;390
1815;239
1813;183
1814;239
1812;390
1813;183
1812;530
1811;390
1810;530
1812;390
1813;390
1813;390
1787;421
1809;183
1817;390
1816;390
1797;402
1816;390
1812;390
1790;201
1816;239
1810;239
1809;390
1816;390
1813;390
1814;390
1817;239
1813;390
1811;390
1813;390
1810;390
1815;390
1815;183
1813;239
1783;53
1783;246
1783;75
1783;41
1782;307
1816;390
1729;212
1728;212
1728;331
1728;119
1727;260
1726;129
1725;212
1787;359
1792;197
1787;393
1790;80
1784;300
1797;246
1797;229
1789;60
1790;61
1795;126
1789;135
1782;267
1816;390
1795;112
1797;235
1788;63
1788;79
1788;264
1788;503
1816;390
1795;239
1789;182
1790;287
1791;149
1792;315
1786;302
1786;136
1776;211
1788;406
1788;415
1788;331
1789;617
1789;535
1790;441
1790;484
1791;52
1789;600
1791;590
1792;320
1840;572
1836;490
1836;490
1837;490
1840;257
1837;118
1829;241
1794;400
1845;257
1836;257
1828;424
1812;162
1814;131
1814;162
1814;390
1814;390
1812;390
1815;530
1817;390
1813;390
1813;390
1813;530
1813;475
1797;353
1797;363
1814;530
1823;390
1844;0
1841;0
1846;190
1811;390
1811;141
1811;390
1811;390
1811;390
1817;239
1817;390
1809;390
1817;390
1823;530
1770;212
1770;175
1785;2
1775;4
1775;1
1825;390
1822;492
1818;273
1815;390
1808;390
1806;529
1811;307
1811;307
1801;273
1802;475
1810;321
1810;222
1810;433
1810;512
1845;490
1847;118
1846;572
1840;118
1839;490
1838;490
1698;260
1698;388
1613;359
1821;183
1821;13
1818;183
1828;449
1641;116
1698;260
1700;244
1816;239
1802;475
1700;244
1791;109
1816;465
1789;25
1820;239
1822;156
1801;390
1793;164
1794;202
1792;130
1792;347
1791;258
1756;316
1734;260
1723;367
1722;388
1722;388
1697;179
1697;118
1697;260
1694;260
1694;406
1694;260
1694;118
1694;118
1694;179
1691;260
1686;118
1681;292
1680;260
1692;406
1737;393
1697;179
1755;518
1715;388
1724;406
1753;329
1727;367
1720;367
1726;0
1692;406
1755;297
1755;182
1720;386
1738;350
1693;260
1726;301
1820;390
1817;183
1817;207
1818;390
1817;390
1722;96
1752;290
1792;160
1793;205
1794;142
1723;292
1738;469
1685;406
1692;406
1733;465
1754;698
1741;465
1823;183
1724;292
1755;573
1753;211
1741;212
1737;266
1736;498
1733;196
1720;367
1720;367
1790;363
1790;271
1790;353
1790;203
1789;124
1721;112
1715;116
1715;60
1701;118
1701;617
1701;244
1701;244
1701;118
1701;118
1794;242
1794;134
1781;331
1780;353
1688;244
1689;260
1690;406
1690;406
1806;204
1806;478
1808;233
1806;366
1807;618
1806;337
1807;616
1807;464
1807;44
1807;90
1809;95
1810;572
1810;151
1810;209
1810;226
1770;297
1783;450
1724;33
1778;370
1779;412
1818;530
1828;561
1699;182
1732;300
1806;215
1808;239
1809;530
1754;329
1797;310
1799;210
1691;260
1690;260
1701;118
1699;148
1699;118
1700;234
1698;260
1699;244
1700;244
1698;244
1699;118
1699;357
1700;244
1700;118
1702;118
1706;118
1706;260
1701;244
1701;129
1707;260
1720;465
1720;244
1722;244
1723;244
1726;406
1726;212
1726;465
1728;492
1729;260
1729;118
1731;18
1730;118
1731;118
1732;118
1733;268
1738;386
1738;406
1740;406
1740;465
1747;406
1747;406
1748;406
1748;301
1748;260
1749;406
1750;406
1750;406
1750;406
1750;406
1750;406
1750;406
1753;329
1751;329
1751;329
1752;352
1753;329
1753;329
1753;329
1753;367
1753;329
1753;352
1757;253
1756;184
1757;253
1756;316
1759;253
1763;434
1763;448
1764;215
1764;343
1765;289
1765;297
1765;202
1766;44
1767;279
1767;308
1769;287
1770;299
1770;252
1770;111
1771;350
1767;297
1766;297
1766;253
1766;230
1766;297
1610;244
1698;385
1698;609
1698;435
1699;534
1766;253
1767;253
1768;253
1767;253
1767;297
1768;297
1768;253
1768;297
1769;297
1769;297
1769;297
1769;349
1769;448
1691;260
1691;260
1796;300
1805;590
1769;297
1771;212
1771;297
1771;297
1771;297
1771;253
1773;297
1771;311
1772;297
1772;354
1772;293
1772;297
1772;297
1772;521
1772;386
1773;297
1774;349
1782;353
1784;353
1783;354
1775;492
1809;475
1818;530
1774;297
1774;297
1779;364
1779;448
1779;354
1776;363
1778;353
1780;354
1783;258
1783;353
1783;364
1784;258
1784;353
1784;353
1784;353
1785;359
1785;271
1785;353
1785;353
1785;271
1785;353
1786;354
1787;250
1787;359
1787;331
1787;269
1787;287
1788;17
1788;416
1788;353
1788;353
1788;43
1788;43
1788;354
1790;220
1791;59
1790;100
1791;95
1789;244
1793;224
1789;80
1810;273
1801;530
1801;475
1803;390
1803;327
1805;402
1801;183
1798;271
1786;353
1785;353
1784;353
1783;353
1782;353
1781;113
1781;353
1782;92
1714;118
1712;118
1826;449
1819;390
1814;390
1710;244
1827;452
1820;550
1709;260
1707;118
1812;390
1706;260
1812;390
1817;239
1818;530
1704;260
1817;390
1816;390
1823;390
1812;390
1822;390
1819;310
1701;260
1810;390
1813;390
1699;406
1699;406
1817;530
1819;390
1810;390
1818;273
1816;273
1814;530
1825;390
1824;390
1821;530
1736;406
1736;388
1736;386
1736;386
1736;388
1736;231
1736;118
1737;465
1737;301
1737;465
1737;386
1737;118
1737;301
1737;465
1740;452
1737;574
1739;345
1739;409
1738;211
1738;406
1738;301
1739;379
1738;465
1738;465
1739;284
1739;465
1743;465
1743;393
1739;301
1739;386
1739;388
1739;388
1741;386
1742;301
1742;301
1743;312
1742;301
1742;465
1743;389
1742;301
1743;465
1743;465
1743;465
1743;465
1743;301
1743;301
1743;465
1744;16
1743;407
1744;465
1744;301
1744;386
1744;388
1744;388
1744;301
1744;301
1744;465
1744;118
1744;301
1744;465
1744;301
1744;386
1745;301
1745;386
1745;465
1745;465
1745;465
1745;386
1745;388
1745;388
1745;260
1746;388
1747;491
1746;121
1746;388
1746;465
1746;388
1746;471
1746;301
1746;118
1746;386
1746;301
1746;465
1746;386
1746;386
1748;260
1747;406
1748;301
1747;386
1747;386
1749;301
1750;333
1747;406
1749;465
1749;118
1750;301
1748;465
1750;507
1750;118
1750;301
1750;386
1750;388
1751;11
1750;330
1751;297
1750;301
1750;465
1750;406
1750;465
1750;260
1750;301
1750;212
1750;465
1750;465
1750;388
1750;388
1752;395
1751;316
1751;316
1751;297
1751;316
1751;297
1751;386
1751;253
1751;297
1751;316
1751;316
1751;386
1751;386
1752;297
1752;253
1752;297
1752;484
1752;316
1752;297
1752;316
1753;277
1752;253
1752;253
1752;297
1752;297
1752;316
1753;264
1752;316
1752;316
1752;316
1754;422
1753;329
1753;297
1753;297
1753;388
1753;297
1753;297
1753;212
1753;187
1753;316
1753;118
1753;316
1753;297
1753;316
1754;264
1753;316
1753;316
1753;316
1753;316
1754;297
1754;297
1754;297
1756;233
1754;386
1754;316
1754;316
1754;297
1754;297
1754;388
1754;316
1754;386
1756;326
1755;316
1755;316
1755;316
1755;316
1755;297
1755;341
1755;316
1755;297
1755;316
1755;297
1756;316
1756;388
1756;297
1757;228
1756;316
1756;297
1756;297
1756;297
1757;202
1756;388
1756;316
1757;317
1756;297
1757;253
1757;297
1757;253
1757;316
1757;297
1757;297
1757;316
1758;297
1758;316
1757;297
1757;297
1758;349
1757;297
1759;297
1759;325
1759;338
1759;297
1759;349
1759;297
1759;349
1759;297
1759;297
1759;297
1759;297
1760;236
1759;242
1759;320
1759;253
1759;316
1759;298
1759;357
1759;253
1760;297
1760;253
1760;297
1760;253
1760;252
1760;297
1760;253
1760;316
1760;297
1760;349
1760;297
1760;118
1760;278
1760;316
1760;448
1761;352
1761;452
1761;269
1761;253
1761;389
1761;297
1761;322
1762;297
1762;297
1764;296
1764;297
1765;448
1766;296
1767;386
1767;386
1766;297
1766;296
1767;253
1767;297
1767;297
1767;349
1767;316
1768;293
1768;386
1768;386
1768;253
1768;297
1768;350
1768;297
1768;297
1768;253
1768;404
1768;297
1769;297
1770;297
1770;352
1770;297
1770;253
1770;253
1770;297
1770;297
1770;404
1770;253
1770;297
1775;461
1774;297
1774;297
1774;297
1774;297
1774;439
1774;297
1774;407
1782;254
1781;353
1781;353
1782;486
1782;353
1781;324
1782;351
1781;353
1782;100
1781;256
1781;305
1781;622
1782;363
1782;353
1782;353
1782;258
1782;353
1782;258
1782;354
1782;353
1782;271
1782;258
1782;258
1782;353
1782;501
1783;271
1783;403
1783;353
1783;258
1783;353
1783;353
1783;353
1783;258
1783;403
1783;101
1783;482
1783;450
1783;130
1783;354
1783;353
1783;353
1783;353
1784;269
1784;353
1784;363
1784;354
1784;353
1784;353
1784;353
1785;656
1784;353
1784;354
1784;258
1784;353
1784;354
1784;258
1784;258
1784;353
1785;353
1785;354
1785;258
1785;353
1785;364
1785;269
1785;167
1785;353
1786;710
1786;152
1786;353
1786;27
1787;353
1787;354
1787;363
1787;353
1787;363
1787;353
1787;258
1787;353
1788;376
1787;353
1787;388
1788;409
1788;258
1788;258
1789;418
1788;271
1789;418
1788;353
1788;353
1788;363
1788;353
1788;508
1788;373
1789;364
1790;357
1789;353
1789;353
1789;354
1789;456
1789;353
1789;271
1789;269
1789;684
1789;271
1789;269
1790;353
1790;354
1790;353
1791;514
1790;353
1790;354
1790;353
1790;353
1791;364
1791;353
1791;353
1791;373
1791;353
1792;533
1791;353
1791;390
1791;271
1791;271
1792;430
1793;520
1792;258
1792;353
1792;399
1792;271
1792;354
1792;353
1793;353
1793;447
1793;363
1794;377
1793;473
1793;353
1793;353
1793;432
1794;363
1794;470
1795;271
1795;353
1796;503
1795;479
1795;723
1795;353
1795;267
1795;258
1795;354
1795;353
1796;353
1796;364
1796;363
1795;353
1796;363
1798;742
1797;271
1797;258
1797;278
1797;353
1797;363
1799;624
1798;363
1800;230
1800;679
1800;271
1800;271
1799;364
1801;390
1801;622
1802;390
1802;530
1803;156
1804;390
1805;529
1802;239
1804;390
1805;390
1806;572
1806;389
1807;390
1807;239
1806;238
1807;390
1807;390
1807;401
1807;530
1807;390
1807;390
1808;529
1806;491
1808;390
1807;390
1808;475
1808;390
1809;390
1809;390
1809;239
1810;239
1809;390
1809;390
1810;390
1810;390
1810;475
1810;475
1810;475
1810;390
1810;390
1811;390
1811;390
1811;390
1812;530
1812;481
1811;475
1812;239
1812;475
1812;390
1812;390
1812;390
1812;390
1812;390
1811;390
1813;390
1813;530
1813;390
1812;390
1814;390
1813;239
1813;390
1812;390
1813;390
1812;390
1813;390
1812;390
1814;390
1813;390
1814;530
1815;530
1814;390
1814;390
1814;390
1814;390
1815;390
1816;239
1815;390
1815;390
1815;390
1814;390
1815;390
1815;390
1815;390
1816;390
1816;390
1816;390
1815;390
1816;390
1816;530
1816;390
1827;490
1839;490
1770;320
1795;353
1840;118
1805;530
1834;372
1839;572
1840;307
1840;449
1839;490
1818;530
1818;239
1818;400
1818;313
1818;183
1818;390
1818;298
1818;390
1819;390
1818;390
1823;227
1827;304
1827;537
1753;329
1753;297
1754;352
1755;253
1755;253
1756;253
1759;262
1756;251
1758;297
1760;316
1763;297
1750;406
1752;329
1755;329
1818;390
1818;372
1818;432
1818;359
1818;239
1818;390
1818;54
1818;575
1818;239
1818;320
1818;255
1818;239
1818;112
1818;229
1827;397
1827;485
1827;163
1827;490
1828;244
1829;345
1830;118
1830;430
1830;283
1830;490
1830;307
1831;307
1831;490
1831;307
1831;307
1832;490
1832;307
1832;118
1832;490
1832;490
1831;490
1831;490
1831;9
1831;307
1831;490
1831;9
1830;26
1829;517
1829;345
1791;426
1791;353
1792;353
1792;353
1792;353
1849;623
1792;353
1816;239
1792;353
1793;500
1793;320
1793;353
1793;471
1793;353
1793;258
1793;353
1793;353
1793;353
1793;258
1793;353
1794;421
1793;363
1793;353
1793;353
1794;353
1794;363
1816;239
1816;239
1792;353
1816;390
1816;390
1816;390
1794;353
1816;390
1816;239
1794;353
1820;321
1821;299
1823;310
1824;390
1825;390
1820;390
1818;273
1817;390
1820;385
1821;404
1818;390
1817;390
1817;239
1818;239
1823;64
1797;622
1816;390
1817;530
1817;555
1817;530
1817;183
1817;530
1817;390
1817;390
1817;390
1817;234
1818;390
1818;390
1818;390
1818;390
1818;390
1827;449
1828;578
1828;118
1828;603
1829;490
1828;345
1829;449
1830;118
1841;392
1819;390
1819;183
1819;180
1819;239
1819;495
1819;239
1819;557
1819;239
1819;390
1819;348
1818;422
1818;299
1818;390
1818;299
1818;183
1818;169
1818;239
1818;357
1818;343
1819;390
1819;390
1819;390
1819;162
1820;211
1819;183
1819;561
1819;445
1819;390
1819;302
1819;390
1819;390
1819;390
1819;390
1820;390
1819;273
1820;430
1819;331
1820;530
1820;390
1820;390
1820;621
1820;475
1820;273
1820;425
1820;390
1820;502
1820;501
1820;421
1821;214
1820;239
1820;530
1820;429
1821;566
1821;417
1821;242
1821;416
1821;642
1821;475
1821;405
1821;449
1821;490
1827;475
1713;260
1713;118
1827;315
1827;607
1827;578
1825;406
1825;265
1825;475
1826;474
1825;492
1825;265
1825;306
1826;304
1825;475
1825;475
1824;309
1823;239
1841;118
1823;214
1818;530
1819;530
1824;475
1824;275
1824;306
1822;393
1822;390
1822;390
1821;242
1822;280
1822;472
1822;390
1822;390
1799;0
1681;97
1696;200
1773;301
1798;169
1806;690
1796;363
1712;260
1841;431
1842;392
1856;400
1611;118
1664;406
1665;406
1671;292
1671;244
1671;357
1671;244
1676;292
1677;244
1677;244
1679;357
1682;357
1685;260
1685;260
1685;260
1686;357
1687;260
1756;316
1757;37
1760;158
1777;353
1800;359
1801;121
1830;490
1830;490
1831;490
1696;260
1697;118
1697;260
1697;260
1698;260
1698;260
1697;260
1697;118
1697;118
1698;118
1697;292
1697;118
1697;260
1698;118
1698;118
1710;260
1725;244
1727;118
1727;465
1729;386
1727;331
1728;465
1728;465
1728;465
1747;331
1760;297
1760;297
1760;316
1760;316
1760;253
1691;260
1692;406
1692;244
1692;260
1692;118
1692;260
1692;244
1692;260
1692;118
1693;244
1724;244
1724;386
1724;386
1696;260
1817;231
1817;239
1817;452
1820;390
1820;183
1820;310
1820;500
1820;426
1820;510
1820;390
1820;390
1820;390
1820;530
1820;475
1820;530
1820;434
1820;422
1820;425
1820;390
1820;390
1820;390
1820;390
1820;390
1820;390
1820;390
1820;390
1820;530
1820;390
1820;401
1820;475
1820;183
1820;390
1820;530
1820;390
1820;390
1820;390
1820;239
1820;390
1820;183
1820;390
1820;468
1820;450
1820;530
1820;183
1820;390
1820;530
1820;390
1820;432
1820;390
1820;530
1820;514
1820;530
1820;390
1818;401
1825;489
1827;556
1828;246
1811;110
1811;212
1811;516
1812;390
1812;462
1812;289
1812;47
1812;397
1812;247
1812;390
1812;238
1812;305
1812;390
1813;475
1813;390
1813;475
1813;390
1814;390
1814;183
1814;530
1814;539
1814;475
1814;390
1814;390
1814;319
1814;541
1814;767
1814;475
1814;319
1815;390
1816;401
1816;475
1817;183
1817;390
1817;390
1818;390
1818;530
1818;401
1818;390
1818;405
1819;390
1819;390
1821;509
1821;448
1823;402
1823;408
1823;476
1823;335
1825;565
1825;455
1826;750
1826;418
1826;514
1826;398
1826;587
1826;730
1826;401
1826;229
1826;483
1826;722
1826;445
1827;550
1828;372
1828;239
1828;397
1828;449
1828;451
1828;496
1828;279
1828;390
1829;292
1829;591
1829;150
1775;352
1776;488
1775;423
1775;386
1775;371
1775;282
1775;405
1775;425
1775;351
1775;316
1775;433
1775;276
1775;276
1775;379
1775;357
1775;509
1775;346
1775;382
1776;249
1775;406
1775;353
1775;301
1775;446
1775;371
1775;405
1775;465
1775;230
1775;160
1775;523
1775;402
1775;339
1781;353
1781;353
1783;331
1783;363
1804;188
1803;454
1805;599
1806;390
1806;390
1736;129
1736;102
1736;212
1736;129
1802;475
1796;271
1798;470
1802;239
1801;390
1819;239
1819;390
1819;206
1819;162
1819;390
1819;530
1819;390
1818;390
1819;390
1834;449
1842;490
1817;442
1671;292
1688;260
1688;260
1689;260
1689;292
1690;292
1690;260
1690;118
1690;118
1691;292
1691;260
1816;386
1816;239
1811;202
1811;226
1811;254
1817;491
1817;259
1817;390
1817;392
1759;380
1713;572
1714;260
1781;353
1782;353
1720;292
1711;244
1711;260
1795;353
1794;353
1794;353
1795;353
1795;353
1795;258
1795;353
1795;353
1796;408
1795;258
1798;353
1797;353
1697;118
1697;260
1697;260
1697;388
1698;406
1698;244
1698;260
1698;388
1698;357
1698;320
1698;118
1698;428
1698;118
1698;357
1698;406
1698;388
1698;118
1698;260
1698;118
1699;406
1699;388
1699;118
1699;140
1699;400
1699;118
1699;118
1699;388
1699;381
1699;118
1699;118
1699;118
1700;118
1700;234
1700;244
1700;118
1701;118
1700;400
1700;484
1700;357
1700;415
1700;100
1700;260
1700;118
1701;118
1701;617
1704;386
1704;292
1704;118
1709;388
1714;406
1714;292
1714;464
1714;406
1715;406
1715;388
1715;500
1716;386
1716;444
1716;260
1716;700
1716;388
1716;465
1717;406
1717;465
1717;500
1718;465
1718;520
1719;465
1719;388
1719;406
1719;406
1719;386
1719;406
1720;406
1720;386
1720;292
1721;465
1721;244
1721;465
1721;118
1721;386
1721;244
1722;406
1722;465
1722;406
1722;118
1722;386
1802;530
1797;353
1805;390
1806;530
1806;530
1806;287
1824;530
1813;569
1817;390
1826;490
1841;257
1847;490
1847;490
1841;490
1812;239
1811;44
1811;130
1811;247
1811;130
1811;163
1721;388
1729;120
1733;169
1805;32
1806;213
1807;78
1807;111
1807;14
1808;239
1808;208
1808;176
1824;390
1782;258
1781;113
1782;354
1782;263
1782;353
1782;262
1782;113
1782;113
1800;207
1804;183
1804;183
1806;77
1782;353
1782;258
1782;353
1782;353
1782;353
1783;353
1783;353
1783;353
1784;258
1784;353
1784;353
1784;258
1801;345
1803;345
1819;390
1785;258
1784;353
1784;258
1784;258
1784;353
1785;258
1785;353
1786;353
1786;258
1786;353
1805;334
1724;273
1808;354
1808;553
1810;475
1813;390
1818;390
1818;530
1818;390
1816;239
1818;475
1821;390
1820;235
1801;310
1722;244
1723;443
1739;368
1739;486
1737;497
1736;475
1736;345
1737;392
1737;494
1737;375
1737;464
1737;586
1737;60
1724;137
1724;404
1724;359
1750;346
1724;612
1725;465
1751;329
1751;363
1751;197
1751;352
1742;113
1746;27
1747;331
1735;108
1735;752
1735;499
1736;1029
1736;309
1736;293
1736;351
1736;510
1736;819
1736;120
1736;432
1736;525
1736;343
1735;40
1735;587
1735;456
1725;6
1724;699
1514;224
1516;400
1535;359
1582;166
1652;0
1678;251
1678;251
1678;260
1678;244
1730;212
1730;118
1730;331
1730;212
1730;331
1730;465
1729;579
1729;499
1729;800
1729;12
1729;492
1729;636
1729;941
1730;504
1730;178
1730;118
1732;312
1731;114
1760;292
1760;311
1761;283
1773;493
1773;423
1773;395
1773;401
1773;491
1773;452
1774;484
1774;427
1774;351
1774;442
1774;399
1774;339
1774;333
1775;317
1775;354
1775;480
1775;270
1775;241
1776;409
1776;338
1776;442
1776;261
1776;335
1776;330
1776;498
1776;541
1776;543
1776;501
1776;428
1731;352
1778;425
1778;292
1778;493
1778;449
1778;318
1750;582
1751;457
1751;538
1752;329
1752;671
1751;148
1750;406
1750;358
1752;803
1752;120
1753;491
1754;507
1753;392
1755;318
1755;251
1754;329
1754;756
1754;217
1756;516
1767;416
1766;322
1765;212
1766;293
1753;329
1756;242
1752;276
1757;242
1781;331
1780;338
1779;352
1779;386
1779;402
1779;275
1779;472
1779;439
1779;378
1781;386
1781;427
1780;454
1780;352
1780;390
1781;355
1780;371
1779;474
1779;260
1780;270
1780;249
1779;319
1779;398
1779;407
1780;427
1780;390
1778;52
1777;353
1777;353
1777;353
1777;211
1778;212
1785;258
1785;353
1786;363
1729;278
1724;784
1810;530
1777;210
1780;503
1780;414
1780;255
1778;353
1780;358
1780;594
1780;441
1781;359
1781;678
1781;406
1781;382
1767;303
1768;275
1766;216
1761;289
1760;311
1760;21
1760;261
1760;312
1744;255
1743;487
1737;102
1737;212
1737;129
1733;349
1734;326
1732;446
1732;749
1735;441
1735;292
1732;215
1732;331
1733;688
1733;735
1733;442
1735;311
1733;536
1734;580
1733;393
1733;42
1732;335
1724;367
1724;367
1724;367
1724;118
1725;465
1726;106
1728;118
1731;92
1761;225
1756;462
1756;172
1756;378
1755;394
1754;71
1752;345
1753;581
1768;295
1768;537
1768;483
1774;355
1765;316
1766;279
1768;350
1768;253
1769;30
1770;212
1772;350
1774;500
1753;190
1753;50
1750;11
1779;310
1779;492
1819;273
1818;530
1846;490
1830;372
1845;490
1833;401
1822;390
1815;273
1818;273
1747;406
1732;266
1746;386
1811;390
1811;390
1811;390
1812;390
1811;183
1811;389
1811;390
1811;239
1812;390
1806;300
1805;381
1806;267
1676;408
1806;470
1806;514
1806;260
1806;390
1808;400
1806;316
1809;210
1810;373
1810;400
1812;533
1812;270
1812;242
1814;272
1815;450
1815;364
1815;270
1816;215
1816;430
1817;488
1819;495
1819;236
1820;216
1820;370
1816;57
1825;530
1826;307
1805;221
1823;390
1823;267
1823;390
1800;65
1707;406
1714;244
1718;386
1725;333
1725;212
1725;579
1726;331
1731;250
1731;129
1731;288
1731;595
1731;11
1732;184
1732;516
1732;474
1732;423
1732;118
1732;74
1732;167
1733;463
1733;402
1733;118
1734;675
1734;802
1735;444
1735;430
1738;892
1744;578
1686;244
1686;260
1697;118
1747;406
1747;406
1747;406
1747;406
1747;201
1747;406
1747;406
1749;554
1780;402
1780;356
1779;357
1775;253
1775;492
1749;572
1749;406
1749;406
1749;200
1750;376
1750;569
1751;85
1751;28
1752;329
1752;329
1752;525
1787;363
1750;406
1753;120
1753;329
1754;9
1754;329
1761;426
1786;258
1785;364
1780;363
1795;363
1772;297
1773;452
1784;353
1787;353
1786;353
1772;282
1840;490
1807;448
1840;490
1846;118
1826;257
1819;530
1819;530
1820;530
1793;492
1807;310
1821;530
1822;629
1794;271
1808;339
1845;490
1834;307
1809;390
1810;390
1810;184
1811;65
1811;390
1810;239
1810;82
1810;530
1810;475
1812;475
1815;464
1698;388
1793;340
1794;269
1787;156
1789;173
1791;120
1792;257
1794;286
1817;530
1818;485
1821;273
1787;245
1790;67
1792;217
1650;406
1650;244
1650;244
1650;244
1650;244
1650;244
1651;244
1652;244
1652;351
1653;406
1703;260
1716;367
1718;244
1786;353
1791;42
1792;191
1813;390
1819;239
1810;183
1817;239
1678;406
1678;406
1679;260
1680;406
1680;406
1683;118
1688;292
1804;464
1804;336
1805;177
1805;578
1793;273
1793;209
1817;530
1819;530
1816;390
1818;390
1816;530
1823;390
1809;530
1817;530
1817;530
1802;390
1816;530
1817;530
1812;530
1810;475
1811;475
1827;307
1824;390
1820;232
1823;390
1817;530
1822;299
1826;578
1823;390
1822;183
1818;390
1816;530
1818;530
1811;390
1821;390
1810;390
1825;530
1680;406
1680;244
1684;492
1684;244
1684;292
1684;260
1685;260
1686;292
1685;118
1685;118
1686;118
1687;118
1687;118
1687;260
1687;260
1687;260
1688;260
1688;260
1689;260
1689;260
1689;260
1689;260
1690;260
1691;260
1690;260
1690;118
1690;492
1691;118
1691;118
1691;260
1691;492
1691;492
1692;260
1692;118
1693;118
1693;118
1693;260
1693;260
1693;260
1693;118
1694;118
1694;118
1694;260
1694;118
1695;406
1695;260
1695;260
1695;260
1695;244
1695;260
1695;118
1695;118
1695;260
1695;260
1695;260
1695;406
1695;118
1695;292
1695;260
1696;118
1696;118
1696;260
1696;118
1696;260
1696;260
1696;118
1696;118
1696;260
1696;260
1696;118
1696;260
1696;260
1696;492
1696;118
1696;118
1696;260
1696;260
1696;260
1697;260
1697;118
1697;260
1697;406
1698;126
1697;260
1698;260
1697;260
1697;260
1697;118
1697;260
1697;260
1697;118
1697;118
1697;118
1697;260
1697;260
1697;260
1697;118
1698;406
1698;406
1698;406
1698;406
1698;118
1698;260
1698;118
1698;260
1698;260
1698;260
1698;492
1698;260
1699;260
1698;118
1698;260
1698;118
1698;118
1698;118
1698;118
1698;260
1698;118
1698;118
1698;260
1698;406
1699;260
1699;118
1699;260
1699;118
1699;260
1699;260
1699;118
1699;260
1699;260
1699;118
1699;260
1699;260
1699;118
1699;260
1699;260
1699;118
1699;260
1699;260
1699;118
1699;118
1700;118
1700;260
1700;260
1700;260
1700;260
1700;260
1700;118
1700;260
1700;260
1700;260
1700;357
1700;118
1700;118
1700;260
1700;260
1700;260
1700;260
1700;118
1700;118
1700;260
1700;260
1700;260
1700;260
1700;260
1700;118
1701;260
1701;260
1701;260
1701;260
1701;260
1701;118
1701;118
1701;118
1701;260
1701;260
1701;118
1701;260
1701;260
1701;260
1701;118
1701;118
1701;357
1701;260
1701;260
1701;260
1701;260
1702;260
1702;118
1702;260
1702;292
1702;260
1702;260
1702;260
1702;118
1702;118
1702;129
1702;260
1702;260
1702;492
1702;260
1702;260
1702;292
1702;260
1702;260
1702;260
1702;260
1702;260
1702;357
1703;244
1703;260
1703;260
1703;260
1703;260
1703;260
1703;260
1703;118
1703;492
1703;118
1703;260
1703;118
1703;260
1703;260
1703;118
1703;301
1703;260
1703;260
1703;406
1703;118
1703;260
1704;260
1704;118
1704;406
1704;292
1704;260
1704;118
1704;260
1704;260
1704;260
1704;260
1704;260
1704;260
1704;4
1704;260
1704;260
1704;301
1704;260
1704;260
1705;260
1705;260
1705;260
1705;118
1705;260
1706;118
1705;260
1705;492
1705;260
1705;260
1705;260
1705;260
1705;260
1706;260
1706;260
1705;244
1706;118
1705;118
1705;118
1706;118
1705;260
1705;357
1706;260
1706;260
1706;357
1706;301
1706;260
1706;118
1706;118
1706;118
1706;260
1707;118
1706;118
1707;118
1706;357
1707;118
1707;260
1707;260
1707;260
1707;260
1707;118
1707;260
1707;260
1707;118
1707;492
1707;129
1707;260
1707;260
1707;118
1708;260
1707;260
1707;118
1707;301
1707;260
1707;260
1707;118
1707;260
1707;260
1707;118
1707;260
1707;118
1707;118
1707;260
1707;118
1707;118
1708;118
1708;260
1708;118
1708;118
1708;260
1708;119
1708;119
1708;260
1708;118
1708;129
1708;260
1708;260
1708;357
1708;118
1708;260
1708;118
1708;260
1709;92
1708;260
1709;0
1709;260
1709;118
1709;260
1709;119
1709;119
1709;260
1709;260
1709;260
1709;260
1709;118
1709;292
1709;118
1709;118
1709;129
1709;118
1709;260
1709;129
1709;260
1709;118
1709;260
1709;292
1709;260
1709;260
1709;260
1710;260
1710;118
1710;260
1710;118
1710;260
1710;260
1710;260
1710;118
1710;260
1710;118
1710;260
1710;260
1710;260
1710;118
1710;260
1711;0
1710;260
1711;492
1710;260
1710;260
1710;118
1710;260
1711;260
1711;118
1711;260
1711;118
1711;260
1711;260
1711;260
1711;260
1711;260
1711;260
1711;492
1711;260
1711;119
1712;260
1711;118
1711;260
1711;118
1711;260
1711;118
1712;492
1711;260
1711;260
1711;260
1712;118
1712;260
1712;260
1712;260
1712;260
1712;260
1712;260
1712;301
1712;118
1712;118
1712;118
1712;292
1712;118
1712;118
1712;118
1712;260
1712;260
1712;260
1712;260
1712;260
1712;260
1712;260
1712;118
1713;260
1712;260
1713;118
1713;260
1712;260
1712;260
1712;118
1713;118
1713;118
1713;260
1713;118
1713;118
1713;492
1713;260
1713;260
1713;118
1713;118
1713;260
1713;260
1713;406
1713;260
1713;260
1713;260
1713;492
1713;260
1714;118
1713;260
1713;118
1713;212
1714;43
1713;118
1713;118
1713;260
1713;118
1713;212
1714;119
1714;37
1714;118
1714;118
1714;260
1714;118
1715;5
1714;260
1714;260
1714;44
1714;260
1714;260
1714;260
1715;0
1714;118
1714;118
1714;465
1714;301
1714;260
1715;119
1714;260
1715;357
1715;0
1714;118
1715;0
1714;118
1715;118
1715;0
1726;118
1726;465
1726;212
1727;465
1727;492
1725;492
1726;212
1726;406
1726;118
1726;212
1727;492
1727;118
1727;301
1727;465
1728;118
1728;450
1727;118
1727;465
1728;465
1728;118
1727;102
1727;102
1728;492
1727;406
1729;212
1728;465
1728;465
1728;118
1729;212
1729;492
1729;465
1729;102
1728;212
1729;118
1728;212
1729;465
1731;226
1729;212
1730;450
1729;212
1729;118
1731;111
1731;547
1730;465
1731;247
1730;465
1730;440
1730;547
1731;237
1730;314
1731;282
1731;75
1731;485
1731;236
1730;431
1731;492
1731;253
1731;406
1731;303
1732;351
1731;144
1732;649
1731;378
1731;453
1730;459
1730;102
1731;385
1730;465
1731;439
1731;331
1731;705
1731;118
1732;378
1732;451
1731;406
1731;331
1732;280
1732;429
1733;494
1732;25
1731;386
1733;347
1733;493
1733;549
1733;416
1734;439
1734;455
1733;579
1735;6
1734;962
1733;107
1734;535
1734;476
1734;47
1734;172
1733;118
1734;269
1735;276
1735;332
1734;373
1734;529
1734;79
1733;301
1735;477
1733;129
1735;345
1734;118
1735;511
1739;260
1740;465
1741;349
1740;465
1740;301
1742;334
1742;208
1741;297
1742;257
1740;465
1740;406
1740;465
1742;265
1742;279
1742;376
1742;379
1742;325
1741;465
1742;163
1742;171
1742;278
1742;565
1742;465
1742;465
1742;492
1742;465
1742;465
1743;263
1742;301
1743;301
1742;301
1742;118
1744;490
1742;465
1744;567
1743;452
1744;351
1744;636
1744;439
1744;547
1744;503
1744;504
1744;511
1744;430
1744;379
1744;683
1744;609
1744;288
1744;465
1745;532
1743;465
1743;211
1745;380
1745;565
1746;512
1746;364
1746;557
1745;484
1744;102
1746;391
1746;449
1746;507
1746;563
1746;312
1745;212
1747;325
1746;570
1747;549
1747;504
1746;212
1746;12
1747;351
1747;712
1747;465
1748;625
1747;443
1747;657
1748;615
1748;512
1748;827
1748;301
1747;211
1748;390
1748;481
1748;233
1748;166
1749;213
1748;210
1749;476
1749;467
1749;564
1748;540
1749;133
1749;354
1749;573
1749;634
1749;563
1748;212
1750;660
1750;463
1750;649
1750;714
1751;425
1749;212
1750;370
1749;465
1751;164
1751;115
1750;465
1751;526
1751;417
1750;102
1751;267
1751;426
1751;304
1751;172
1752;506
1750;465
1752;928
1752;533
1751;403
1753;439
1752;297
1753;627
1752;316
1753;554
1753;453
1753;524
1753;352
1752;316
1753;118
1753;492
1755;497
1755;581
1755;581
1755;540
1756;442
1755;288
1754;316
1755;352
1755;222
1755;316
1756;492
1756;299
1757;429
1756;316
1757;429
1756;232
1757;211
1757;330
1757;297
1757;316
1756;253
1757;297
1757;316
1756;211
1757;253
1757;492
1757;253
1758;253
1758;297
1758;253
1758;297
1758;297
1758;297
1758;253
1757;253
1757;297
1758;253
1758;253
1757;297
1758;297
1758;297
1759;380
1758;297
1759;216
1758;211
1758;253
1758;253
1760;225
1760;142
1758;253
1759;421
1759;286
1760;364
1759;159
1759;219
1758;253
1758;253
1760;281
1759;267
1760;349
1760;350
1759;297
1760;335
1759;253
1759;212
1761;458
1761;508
1760;366
1761;512
1760;268
1760;107
1759;297
1760;297
1761;448
1761;305
1760;253
1762;380
1760;253
1760;253
1761;420
1762;401
1762;300
1760;253
1761;335
1760;297
1761;297
1762;328
1761;219
1762;166
1761;297
1762;263
1762;282
1761;297
1761;253
1762;367
1762;300
1761;297
1762;253
1762;340
1763;409
1763;333
1763;258
1763;195
1763;169
1762;297
1763;308
1763;339
1763;407
1762;297
1764;218
1763;240
1764;344
1765;396
1764;341
1764;424
1763;253
1764;376
1763;253
1763;297
1764;289
1765;453
1764;502
1765;472
1765;352
1765;498
1765;375
1765;360
1766;350
1764;297
1765;253
1765;200
1766;306
1765;253
1765;294
1765;227
1766;242
1765;201
1766;286
1765;253
1766;311
1766;157
1766;110
1766;288
1766;406
1767;202
1766;289
1765;297
1766;253
1766;261
1767;362
1766;297
1767;253
1766;297
1767;297
1767;492
1767;342
1767;285
1766;297
1767;297
1768;335
1766;253
1768;348
1768;287
1766;297
1768;381
1769;363
1768;349
1768;231
1768;442
1767;329
1769;410
1769;297
1769;299
1768;297
1769;297
1769;297
1768;297
1769;383
1769;222
1769;253
1769;297
1769;297
1769;297
1770;418
1769;281
1769;297
1769;297
1769;297
1770;297
1770;297
1771;399
1770;297
1771;297
1770;253
1770;253
1770;297
1771;484
1770;253
1771;253
1771;211
1772;222
1771;287
1772;297
1772;162
1772;317
1773;229
1772;389
1772;292
1772;3
1772;303
1772;358
1772;234
1773;267
1773;334
1774;340
1771;297
1773;297
1772;297
1773;256
1773;241
1774;379
1774;327
1773;274
1774;255
1774;347
1775;416
1774;366
1774;4
1772;297
1774;381
1774;404
1774;451
1774;199
1775;298
1775;303
1775;302
1775;307
1775;360
1776;436
1775;358
1775;425
1775;91
1776;230
1775;297
1776;384
1776;374
1776;341
1776;19
1775;211
1777;117
1776;353
1776;258
1777;99
1776;258
1778;202
1778;355
1778;250
1777;353
1780;455
1778;243
1778;177
1777;353
1779;341
1778;271
1779;296
1779;260
1778;258
1779;212
1780;45
1778;258
1780;555
1778;353
1778;271
1778;353
1778;258
1778;353
1778;258
1780;287
1780;334
1780;193
1779;353
1780;575
1780;366
1780;428
1781;172
1780;0
1780;318
1780;258
1781;316
1780;353
1780;353
1781;377
1781;370
1781;171
1780;258
1781;310
1780;353
1780;258
1781;533
1780;353
1781;218
1782;620
1781;341
1781;353
1781;87
1781;353
1781;211
1781;335
1781;353
1781;220
1781;353
1781;385
1782;258
1781;353
1781;258
1781;353
1781;353
1784;353
1782;353
1781;356
1782;353
1782;353
1782;353
1782;353
1782;353
1782;353
1782;353
1782;353
1782;353
1782;271
1782;271
1783;353
1782;271
1783;300
1782;258
1783;353
1783;353
1783;353
1784;353
1783;258
1784;353
1783;353
1784;353
1784;353
1784;353
1784;353
1784;353
1785;258
1784;353
1785;353
1784;353
1785;353
1785;258
1784;258
1785;353
1785;353
1785;271
1785;353
1785;353
1785;258
1786;353
1786;353
1785;258
1786;353
1786;258
1786;353
1786;258
1786;258
1786;353
1786;353
1786;353
1786;353
1786;353
1787;353
1786;258
1786;353
1786;271
1786;353
1787;353
1788;217
1787;353
1788;353
1790;201
1790;158
1789;271
1790;420
1790;141
1789;353
1791;226
1791;182
1791;386
1791;210
1791;451
1790;353
1791;363
1791;353
1792;302
1792;384
1792;137
1792;293
1792;282
1792;226
1792;325
1792;140
1792;234
1792;258
1793;557
1793;509
1793;281
1792;165
1793;268
1792;353
1792;353
1793;346
1793;118
1793;353
1793;156
1794;254
1793;349
1794;241
1794;423
1794;303
1794;542
1794;649
1794;48
1794;272
1794;157
1794;444
1793;258
1794;353
1795;207
1795;610
1794;353
1795;195
1794;353
1795;238
1795;400
1794;0
1796;473
1794;220
1795;166
1794;353
1795;349
1795;121
1794;7
1795;652
1795;297
1795;363
1794;363
1794;258
1795;663
1794;363
1795;380
1795;271
1795;545
1796;365
1795;258
1796;133
1795;353
1796;162
1795;363
1796;244
1796;296
1796;400
1796;371
1797;380
1796;174
1797;288
1797;102
1796;353
1797;241
1797;344
1797;216
1796;363
1797;199
1797;337
1799;271
1800;185
1799;258
1799;271
1799;271
1800;214
1799;271
1799;353
1800;398
1797;182
1797;447
1798;421
1797;271
1797;147
1797;101
1798;122
1798;334
1797;271
1797;0
1797;354
1797;271
1797;271
1797;363
1797;417
1797;258
1798;218
1798;224
1798;387
1798;232
1798;400
1798;414
1798;276
1797;271
1798;123
1798;438
1799;268
1799;174
1798;271
1798;353
1798;320
1799;270
1798;129
1799;157
1799;345
1798;271
1798;271
1799;255
1799;399
1798;353
1798;271
1799;193
1799;466
1799;456
1799;271
1799;271
1799;271
1799;413
1799;271
1799;353
1800;271
1800;271
1800;271
1800;210
1800;271
1800;271
1800;210
1800;271
1800;353
1800;113
1800;271
1800;353
1800;271
1801;75
1800;271
1801;134
1800;271
1800;353
1801;359
1800;271
1800;271
1801;377
1800;271
1800;271
1800;271
1800;271
1800;210
1800;271
1800;210
1800;353
1800;271
1801;349
1801;273
1801;390
1801;183
1801;390
1801;390
1802;142
1801;273
1801;273
1802;273
1803;392
1801;390
1802;390
1801;390
1802;273
1803;125
1803;218
1803;315
1803;204
1802;271
1803;551
1803;223
1803;90
1803;326
1803;181
1803;302
1803;187
1802;390
1803;390
1805;306
1803;371
1803;155
1803;140
1803;162
1803;291
1803;147
1803;411
1804;243
1804;307
1804;390
1804;246
1804;283
1804;390
1804;390
1804;241
1805;474
1804;396
1804;390
1804;121
1804;179
1804;274
1804;321
1804;105
1804;532
1805;177
1804;248
1804;333
1804;390
1805;408
1805;155
1806;126
1805;152
1805;201
1804;390
1806;380
1805;292
1804;390
1805;234
1806;175
1805;173
1804;390
1804;390
1805;137
1805;305
1807;133
1805;424
1805;390
1805;273
1806;202
1805;308
1806;422
1805;390
1806;316
1805;202
1806;210
1805;390
1806;124
1806;102
1806;129
1806;630
1806;270
1805;390
1806;229
1805;239
1806;113
1806;195
1807;68
1807;155
1807;248
1806;275
1806;295
1806;273
1806;298
1807;295
1806;165
1806;252
1806;218
1806;141
1806;293
1806;390
1807;458
1806;390
1806;331
1806;390
1806;390
1807;95
1807;300
1807;313
1807;261
1807;209
1807;423
1807;257
1806;273
1807;281
1807;149
1808;239
1808;221
1807;346
1807;142
1807;333
1807;296
1807;311
1808;210
1808;169
1808;265
1808;314
1807;390
1808;307
1808;336
1808;312
1807;390
1807;390
1807;390
1808;227
1807;390
1807;390
1808;121
1808;578
1808;172
1808;335
1808;174
1808;390
1809;412
1809;295
1809;266
1809;410
1809;144
1809;181
1809;225
1809;303
1809;390
1809;343
1809;537
1808;273
1809;211
1809;735
1809;390
1809;187
1809;523
1809;202
1809;407
1809;576
1809;425
1810;311
1810;225
1810;466
1810;523
1809;470
1809;216
1810;351
1809;390
1810;252
1809;172
1810;377
1810;451
1810;319
1810;228
1810;254
1810;232
1810;390
1810;286
1810;390
1810;390
1810;480
1810;390
1810;169
1810;390
1810;65
1810;317
1810;273
1810;409
1810;270
1811;430
1810;390
1810;390
1810;273
1810;390
1810;183
1811;211
1810;390
1810;310
1811;9
1810;390
1810;183
1810;390
1715;118
1715;260
1715;260
1715;118
1715;260
1715;260
1715;118
1715;118
1715;406
1716;260
1716;71
1715;465
1716;260
1715;260
1715;118
1715;260
1715;118
1716;301
1716;118
1716;465
1716;260
1716;118
1716;260
1716;260
1716;292
1716;129
1716;260
1707;118
1708;260
1711;260
1708;260
1735;465
1710;260
1712;119
1709;129
1712;357
1721;118
1720;212
1720;118
1720;129
1712;260
1713;292
1720;118
1720;260
1713;260
1713;260
1720;260
1714;154
1713;260
1713;357
1713;492
1720;301
1713;465
1721;118
1714;465
1714;260
1714;465
1714;118
1715;260
1715;280
1715;0
1715;260
1715;260
1715;357
1715;118
1715;260
1716;260
1716;118
1720;492
1716;118
1716;492
1716;492
1716;406
1716;260
1716;492
1716;465
1716;260
1717;118
1716;118
1716;492
1716;492
1717;118
1717;406
1718;118
1718;406
1717;260
1717;260
1717;492
1717;260
1717;118
1717;465
1717;260
1717;492
1717;129
1717;118
1717;260
1717;260
1717;118
1717;212
1717;260
1717;212
1717;118
1717;118
1717;465
1793;57
1795;214
1796;271
1796;840
1796;90
1796;281
1797;119
1797;281
1794;350
1801;273
1802;52
1803;75
1803;500
1803;390
1717;260
1717;492
1718;492
1716;118
1718;260
1717;118
1718;492
1718;492
1718;406
1718;465
1718;191
1718;301
1718;260
1718;406
1718;465
1718;406
1719;112
1718;492
1718;118
1719;218
1718;357
1718;492
1718;118
1719;465
1719;406
1719;118
1719;492
1719;292
1719;129
1719;465
1719;492
1719;118
1719;118
1719;219
1720;665
1719;212
1719;118
1719;129
1719;260
1720;260
1720;260
1719;118
1720;465
1719;212
1720;260
1720;118
1721;118
1721;260
1721;118
1721;465
1722;292
1720;260
1721;0
1722;129
1721;572
1721;465
1721;118
1721;0
1721;0
1721;0
1721;129
1721;465
1723;260
1722;118
1721;212
1721;118
1721;260
1721;118
1721;118
1722;260
1724;131
1723;102
1723;465
1722;118
1722;118
1722;118
1723;212
1722;118
1722;260
1722;260
1722;301
1722;212
1723;118
1684;406
1729;571
1729;663
1745;463
1745;383
1745;336
1745;394
1746;313
1746;377
1746;449
1720;118
1807;144
1819;273
1820;390
1831;490
1832;490
1835;490
1836;490
1723;260
1724;628
1722;492
1722;492
1722;492
1723;384
1723;162
1723;397
1724;320
1723;321
1724;269
1723;406
1724;260
1723;260
1723;446
1724;609
1724;415
1724;384
1724;625
1724;624
1724;374
1724;599
1723;260
1724;113
1723;260
1723;301
1724;749
1724;212
1724;1037
1724;418
1725;129
1724;118
1724;298
1724;212
1724;118
1726;212
1724;118
1725;118
1725;341
1724;118
1724;212
1725;162
1724;301
1725;342
1724;118
1725;118
1725;492
1725;212
1725;52
1725;118
1726;118
1725;118
1725;212
1725;129
1725;118
1725;465
1725;118
1726;260
1726;118
1726;118
1726;492
1726;118
1726;260
1726;465
1726;102
1727;406
1727;212
1728;465
1726;118
1726;212
1727;118
1726;465
1727;492
1727;360
1727;400
1727;212
1727;118
1728;465
1728;118
1736;118
1735;478
1736;618
1735;72
1735;492
1738;433
1739;483
1739;467
1738;212
1738;699
1739;401
1739;37
1739;696
1738;465
1739;211
1739;412
1739;717
1738;465
1738;465
1738;425
1737;301
1740;211
1738;329
1737;212
1738;651
1738;490
1738;104
1738;465
1739;364
1737;18
1737;474
1737;160
1736;357
1737;453
1737;401
1736;301
1737;133
1737;652
1736;537
1736;416
1735;212
1737;450
1735;492
1735;465
1737;459
1736;465
1737;526
1737;159
1738;465
1738;301
1738;492
1739;301
1739;465
1739;465
1740;465
1740;212
1740;118
1739;212
1740;260
1767;386
1645;330
1740;492
1740;465
1740;211
1742;338
1740;465
1741;454
1740;301
1740;211
1740;0
1742;288
1742;476
1741;211
1744;260
1744;465
1746;427
1747;676
1747;617
1747;97
1747;301
1748;118
1748;301
1750;334
1749;406
1750;406
1750;260
1754;118
1754;253
1752;253
1754;184
1753;297
1754;297
1718;406
1719;357
1719;129
1720;149
1745;283
1747;347
1751;268
1750;406
1750;465
1782;353
1756;222
1756;789
1755;56
1767;295
1768;310
1769;297
1773;267
1774;277
1775;297
1774;283
1786;258
1787;353
1789;243
1788;258
1788;353
1789;529
1789;360
1789;388
1788;353
1789;213
1789;350
1790;231
1790;306
1790;353
1790;130
1790;327
1790;143
1791;145
1795;271
1777;353
1778;117
1778;225
1778;37
1778;353
1780;430
1779;353
1780;238
1780;186
1780;193
1753;316
1753;297
1778;330
1779;189
1766;297
1714;5
1715;66
1715;0
1715;47
1715;166
1715;36
1678;408
1676;408
1677;100
1666;288
1680;700
1684;233
1693;159
1692;169
1698;279
1714;406
1702;127
1673;67
1673;191
1752;290
1850;311
1813;347
1840;442
1850;324
1850;311
1849;388
1850;388
1849;0
1810;183
1802;149
1698;528
1768;120
1772;118
1792;130
1799;0
1724;204
1760;4
1729;271
1739;169
1776;324
1803;149
1803;149
1802;0
1649;149
1800;271
1770;149
1727;148
1764;149
1735;164
1700;115
1698;0
1670;330
1766;352
1777;370
1780;404
1776;359
1724;150
1724;148
1760;77
1725;237
1762;772
1766;529
1766;74
1772;286
1715;105
1717;237
1768;570
1776;310
1763;134
1770;83
1762;250
1739;474
1720;204
1725;273
1716;317
1717;359
1726;247
1734;335
1777;292
1731;169
1763;130
1722;485
1725;324
1772;289
1724;237
1776;119
1726;313
1775;169
1775;83
1765;200
1715;237
1726;272
1779;103
1773;203
1763;347
1775;253
1739;206
1763;350
1764;91
1768;169
1775;83
1723;250
1725;544
1717;419
1766;250
1764;564
1719;412
1727;211
1726;309
1719;237
1777;204
1720;273
1725;674
1756;193
1722;500
1724;414
1718;0
1724;419
1752;90
1717;554
1718;367
1725;286
1727;606
1762;0
1769;501
1723;417
1724;556
1719;117
1771;128
1764;200
1762;223
1759;100
1717;246
1718;219
1721;169
1723;69
1726;561
1769;306
1719;0
1718;237
1724;296
1718;386
1718;313
1721;240
1725;267
1721;110
1761;230
1722;237
1716;226
1722;253
1761;329
1725;509
1762;512
1761;279
1763;250
1716;650
1726;372
1762;126
1762;276
1717;237
1718;113
1719;190
1762;227
1762;0
1765;182
1775;352
1725;160
1721;0
1765;150
1724;412
1726;277
1718;366
1718;181
1722;237
1722;154
1771;79
1774;161
1774;0
1763;352
1725;250
1726;177
1738;407
1762;96
1718;80
1722;0
1761;300
1714;360
1768;196
1769;152
1771;250
1774;273
1774;345
1723;300
1724;285
1726;416
1765;109
1761;0
1763;150
1764;169
1767;450
1769;380
1770;486
1770;273
1772;478
1776;360
1774;110
1775;169
1718;291
1766;140
1726;437
1761;42
1774;332
1761;250
1722;118
1723;273
1716;100
1740;0
1728;295
1777;180
1722;212
1721;0
1775;352
1761;91
1773;250
1774;515
1777;500
1773;117
1723;457
1721;188
1778;510
1724;136
1718;313
1716;369
1726;274
1763;169
1717;436
1766;0
1714;154
1742;526
1744;566
1762;154
1718;203
1716;294
1718;359
1717;339
1721;0
1761;200
1722;237
1771;250
1777;359
1764;443
1767;230
1770;102
1766;232
1716;450
1726;263
1723;612
1727;179
1720;237
1724;469
1725;367
1723;237
1767;140
1774;203
1775;245
1763;366
1725;190
1726;344
1717;237
1721;185
1727;268
1759;0
1720;169
1720;273
1721;273
1726;630
1769;394
1772;169
1726;175
1726;310
1768;169
1771;273
1772;273
1719;120
1720;126
1721;125
1716;273
1773;245
1720;642
1726;515
1769;169
1717;215
1759;56
1775;352
1764;515
1765;319
1726;191
1725;237
1752;251
1767;352
1762;300
1766;169
1767;0
1730;162
1722;400
1761;169
1776;276
1772;248
1760;365
1717;335
1724;237
1763;364
1721;209
1716;437
1717;237
1719;233
1774;453
1774;100
1775;140
1763;515
1762;332
1765;106
1757;0
1720;284
1717;117
1717;380
1715;344
1717;238
1717;263
1716;299
1726;159
1772;182
1726;264
1764;368
1762;0
1726;194
1716;275
1726;60
1763;169
1725;164
1726;219
1715;215
1717;284
1721;386
1724;645
1767;200
1777;79
1718;117
1727;50
1769;396
1719;179
1719;139
1720;237
1721;237
1723;185
1726;212
1767;380
1724;369
1725;260
1773;225
1774;225
1720;110
1726;40
1726;169
1726;33
1716;237
1718;273
1719;133
1721;250
1722;250
1722;300
1727;461
1760;98
1724;325
1728;450
1776;210
1777;210
1763;169
1725;443
1776;359
1776;201
1723;282
1776;273
1766;169
1762;250
1723;400
1723;121
1770;226
1727;412
1752;166
1750;208
1717;323
1723;300
1723;121
1761;386
1724;237
1762;300
1718;85
1721;202
1723;319
1726;180
1771;250
1724;570
1759;89
1727;199
1763;173
1718;365
1725;237
1760;169
1775;226
1722;294
1763;106
1725;0
1771;347
1726;357
1715;298
1722;237
1716;291
1765;218
1767;169
1775;270
1754;64
1724;300
1739;172
1737;286
1736;306
1738;273
1732;690
1736;240
1741;240
1742;197
1741;273
1721;231
1720;234
1721;252
1722;201
1725;166
1719;0
1721;266
1722;318
1720;200
1722;174
1720;273
1722;650
1722;370
1719;367
1725;304
1727;370
1722;107
1725;263
1725;0
1726;532
1731;322
1725;153
1720;113
1722;223
1723;449
1725;358
1721;311
1723;359
1729;169
1731;243
1720;143
1723;215
1730;350
1720;0
1721;262
1723;127
1717;226
1721;0
1722;0
1723;201
1714;438
1714;202
1714;121
1714;350
1714;253
1714;132
1714;204
1714;287
1715;10
1715;379
1715;260
1715;277
1715;176
1716;287
1715;187
1716;406
1716;157
1716;234
1716;367
1716;199
1717;208
1717;148
1717;456
1717;101
1717;415
1717;109
1717;257
1717;65
1717;184
1717;187
1718;133
1718;189
1718;113
1718;491
1718;227
1718;42
1718;256
1718;115
1718;494
1718;152
1718;154
1718;348
1719;274
1719;484
1719;316
1719;674
1719;373
1719;359
1719;499
1719;257
1719;407
1719;254
1719;189
1719;328
1719;110
1719;200
1719;282
1719;100
1720;285
1720;233
1720;371
1720;90
1720;165
1728;424
1721;87
1721;350
1721;500
1722;120
1722;240
1722;20
1722;135
1722;269
1723;200
1728;273
1723;350
1723;32
1723;63
1723;53
1724;368
1724;237
1724;426
1725;266
1725;327
1725;98
1726;62
1726;522
1726;185
1726;393
1729;709
1729;224
1729;61
1729;271
1729;121
1731;372
1731;247
1731;380
1733;171
1735;346
1735;309
1736;89
1736;573
1736;280
1738;178
1736;327
1737;102
1737;341
1738;384
1738;48
1738;202
1736;435
1736;374
1718;315
1718;514
1718;430
1718;239
1718;301
1718;178
1718;226
1718;101
1718;166
1718;256
1718;201
1718;460
1718;285
1719;370
1719;274
1719;311
1719;359
1719;144
1719;334
1719;215
1719;237
1719;150
1720;517
1720;118
1720;260
1720;330
1721;327
1728;488
1728;278
1728;301
1728;241
1729;425
1729;252
1729;602
1729;396
1729;337
1729;454
1729;160
1729;343
1729;195
1727;260
1727;376
1715;262
1721;311
1722;278
1723;271
1724;242
1724;261
1725;250
1725;225
1726;354
1726;227
1726;217
1726;342
1726;246
1726;180
1722;280
1722;265
1723;283
1723;142
1723;124
1724;37
1724;89
1724;50
1724;174
1724;140
1725;318
1725;415
1725;195
1725;225
1725;179
1725;82
1725;51
1725;194
1726;240
1726;220
1726;175
1726;158
1726;174
1726;172
1726;244
1721;125
1724;140
1724;60
1725;49
1727;285
1727;232
1727;218
1727;187
1728;324
1728;333
1729;412
1729;336
1729;225
1730;524
1730;268
1730;408
1730;238
1729;146
1730;162
1730;530
1717;272
1717;19
1717;75
1718;187
1718;86
1718;14
1717;46
1719;125
1723;221
1724;143
1724;205
1727;218
1727;255
1731;116
1734;115
1734;170
1732;230
1737;221
1737;341
1738;323
1738;280
1738;128
1738;273
1738;198
1739;509
1733;200
1733;370
1733;331
1731;331
1730;0
1731;330
1731;453
1731;449
1731;0
1731;339
1731;264
1731;240
1731;0
1732;315
1731;309
1731;357
1731;121
1731;202
1731;167
1731;240
1731;240
1731;224
1731;331
1731;131
1731;357
1732;512
1731;331
1731;0
1731;172
1731;99
1731;331
1730;331
1731;175
1731;357
1732;236
1731;331
1732;97
1732;240
1732;570
1732;0
1732;279
1732;240
1732;453
1732;327
1732;331
1732;285
1732;331
1732;227
1732;471
1732;331
1733;240
1732;173
1732;250
1732;0
1733;349
1732;121
1733;170
1733;306
1733;147
1733;63
1733;181
1733;365
1732;331
1732;331
1734;112
1732;634
1733;331
1734;331
1734;240
1734;419
1733;331
1733;75
1734;248
1734;283
1734;121
1734;240
1735;67
1734;96
1734;456
1734;196
1734;240
1735;195
1735;290
1734;240
1735;444
1735;365
1735;597
1736;409
1735;181
1736;496
1736;454
1736;386
1737;331
1737;240
1736;211
1736;323
1737;240
1737;331
1736;331
1736;240
1736;158
1737;264
1737;331
1736;0
1737;508
1737;240
1737;331
1737;338
1739;319
1737;240
1738;226
1737;121
1737;331
1714;320
1738;550
1737;331
1739;196
1737;331
1738;331
1739;323
1740;385
1739;331
1740;331
1740;331
1739;240
1739;223
1739;331
1739;244
1740;316
1738;321
1739;104
1740;274
1743;142
1739;331
1740;190
1740;240
1740;291
1735;440
1736;550
1738;336
1722;300
1723;140
1725;500
1726;50
1723;237
1763;325
1758;200
1758;210
1723;370
1723;237
1724;237
1720;0
1754;169
1724;237
1726;418
1725;237
1726;271
1726;271
1727;370
1725;487
1724;311
1727;386
1726;271
1726;271
1728;250
1728;271
1727;213
1727;290
1731;271
1715;142
1716;183
1723;20
1723;237
1730;447
1734;510
1737;206
1730;319
1715;410
1715;383
1730;277
1730;647
1717;502
1717;594
1719;266
1725;570
1731;481
1737;446
1725;196
1727;141
1729;273
1727;160
1773;116
1765;429
1779;25
1777;360
1775;288
1776;277
1775;298
1777;303
1778;556
1780;506
1764;200
1778;359
1770;90
1780;214
1764;367
1776;119
1775;102
1777;113
1779;113
1775;229
1776;114
1777;214
1776;214
1778;359
1766;83
1777;210
1775;230
1770;284
1779;210
1766;140
1778;233
1767;169
1776;214
1776;119
1777;214
1770;162
1773;152
1764;92
1769;480
1776;359
1777;500
1764;273
1774;83
1769;387
1764;169
1775;120
1779;400
1777;279
1764;169
1763;6
1776;0
1767;234
1775;352
1777;359
1775;321
1765;75
1763;89
1766;120
1774;292
1756;40
1756;83
1757;180
1756;143
1758;83
1755;150
1755;169
1755;200
1756;306
1757;80
1757;83
1757;109
1777;330
1744;363
1750;273
1754;250
1753;273
1755;230
1730;331
1775;352
1742;403
1742;240
1741;331
1741;0
1743;220
1741;165
1743;330
1742;331
1741;331
1741;200
1742;173
1742;240
1742;331
1742;331
1743;331
1743;0
1744;339
1744;116
1744;482
1744;121
1745;114
1745;301
1746;626
1745;240
1747;331
1747;349
1749;331
1750;240
1750;130
1751;199
1751;420
1750;0
1753;349
1752;409
1751;345
1752;230
1752;368
1751;0
1752;196
1752;21
1752;68
1752;94
1752;230
1753;230
1753;89
1753;113
1753;490
1753;352
1753;218
1753;331
1753;352
1753;0
1753;352
1753;230
1754;41
1754;187
1753;230
1754;324
1754;230
1754;352
1753;230
1754;352
1755;30
1754;40
1754;230
1755;54
1755;278
1754;83
1755;230
1755;230
1756;20
1756;80
1755;352
1755;352
1756;417
1756;230
1757;230
1756;171
1758;352
1757;200
1757;409
1757;352
1756;352
1757;230
1757;368
1757;171
1758;120
1774;16
1758;269
1759;700
1759;428
1758;230
1758;171
1759;337
1759;12
1758;352
1759;150
1760;230
1759;70
1759;364
1759;230
1760;64
1760;413
1760;352
1759;0
1759;171
1760;230
1759;352
1761;387
1760;0
1760;148
1760;102
1761;330
1761;432
1761;210
1761;352
1762;112
1761;230
1761;352
1765;117
1764;171
1765;160
1764;221
1764;242
1765;400
1764;417
1765;200
1764;171
1765;525
1764;243
1765;114
1765;304
1765;421
1765;294
1765;184
1765;105
1765;0
1764;0
1741;204
1765;157
1766;0
1766;276
1765;206
1765;160
1765;230
1765;257
1766;98
1766;245
1766;493
1765;10
1765;70
1766;59
1765;193
1765;80
1766;289
1766;376
1766;176
1767;294
1766;148
1766;125
1766;331
1766;429
1766;64
1766;604
1747;368
1747;632
1752;42
1760;259
1777;210
1779;214
1779;359
1779;214
1779;359
1780;359
1780;359
1768;199
1767;83
1766;467
1766;230
1767;149
1766;60
1767;410
1768;102
1766;83
1767;175
1766;352
1766;230
1766;230
1767;230
1768;380
1773;117
1767;110
1767;388
1767;230
1767;352
1766;352
1766;83
1767;171
1768;310
1767;171
1767;0
1768;398
1767;230
1767;352
1768;490
1767;79
1769;500
1767;171
1768;199
1768;74
1768;90
1767;201
1767;102
1767;352
1768;352
1768;455
1768;230
1767;352
1768;121
1768;68
1769;124
1768;352
1769;142
1769;298
1769;130
1769;171
1769;350
1769;133
1769;352
1769;175
1769;195
1769;457
1770;352
1768;102
1770;352
1769;171
1769;352
1769;83
1769;230
1769;171
1769;171
1770;51
1770;110
1770;500
1770;199
1770;352
1770;140
1770;352
1771;237
1770;171
1771;135
1771;83
1771;364
1770;352
1771;120
1771;352
1771;83
1771;140
1772;450
1771;400
1770;352
1771;199
1771;352
1770;83
1771;134
1771;580
1771;83
1771;0
1771;171
1771;352
1771;352
1771;352
1772;20
1771;230
1772;230
1771;83
1772;352
1772;239
1772;352
1771;83
1772;171
1772;171
1772;230
1772;161
1771;352
1773;230
1772;352
1772;255
1772;352
1772;171
1772;352
1773;171
1772;110
1772;230
1772;83
1772;171
1772;352
1772;230
1772;352
1773;352
1773;467
1774;352
1773;270
1772;352
1773;234
1773;236
1773;180
1773;352
1773;352
1773;171
1773;352
1773;352
1773;453
1773;352
1773;169
1773;116
1774;58
1773;171
1774;175
1774;102
1774;300
1774;230
1773;171
1774;352
1774;150
1774;83
1774;83
1774;352
1774;102
1773;171
1774;352
1774;316
1774;85
1775;184
1774;230
1774;158
1774;171
1775;171
1774;91
1775;189
1774;228
1775;83
1776;359
1774;83
1775;244
1775;152
1775;171
1775;345
1775;171
1775;184
1774;0
1775;83
1775;352
1775;352
1775;171
1776;214
1776;119
1775;352
1776;90
1775;230
1776;26
1775;0
1765;175
1776;214
1775;102
1776;5
1776;0
1776;113
1776;214
1777;210
1776;214
1776;214
1777;119
1777;214
1777;215
1769;102
1769;171
1771;103
1770;230
1770;352
1770;120
1770;185
1771;113
1770;230
1714;578
1714;272
1734;526
1777;359
1770;513
1778;359
1771;139
1730;317
1727;614
1725;260
1726;295
1727;0
1766;214
1716;306
1716;273
1716;226
1731;148
1755;180
1739;116
1756;352
1717;212
1737;240
1771;105
1772;267
1727;50
1748;596
1750;331
1714;192
1731;289
1766;52
1766;65
1765;165
1766;62
1765;83
1765;83
1773;83
1771;226
1727;271
1722;237
1722;113
1730;271
1772;250
1769;352
1737;273
1770;375
1787;140
1780;400
1765;188
1771;0
1726;374
1714;366
1774;135
1730;320
1728;271
1716;578
1762;169
1768;326
1768;200
1768;164
1768;171
1768;83
1769;171
1770;352
1770;87
1770;230
1770;171
1771;171
1771;352
1771;144
1771;140
1773;230
1772;139
1772;230
1771;171
1772;141
1772;152
1774;164
1773;175
1773;171
1773;230
1774;90
1773;230
1774;180
1775;319
1773;230
1775;292
1775;135
1776;210
1775;171
1776;162
1776;119
1776;247
1777;359
1773;90
1796;232
1796;305
1797;302
1798;322
1800;190
1801;183
1801;105
1791;106
1792;225
1793;359
1800;389
1801;310
1795;0
1796;195
1797;0
1797;357
1788;310
1807;114
1802;273
1803;0
1799;465
1800;412
1802;308
1803;310
1805;310
1802;245
1804;214
1793;113
1802;333
1804;310
1803;248
1802;300
1805;337
1807;326
1798;283
1805;234
1801;242
1805;270
1806;246
1807;310
1799;439
1800;321
1804;310
1803;273
1786;302
1803;156
1804;150
1805;156
1806;183
1784;218
1799;202
1798;359
1801;310
1800;368
1802;398
1786;69
1781;400
1799;299
1788;305
1790;274
1791;296
1793;302
1795;299
1797;289
1798;385
1799;369
1800;297
1802;190
1803;310
1804;259
1806;310
1784;224
1786;89
1787;178
1788;177
1789;300
1790;114
1792;121
1792;183
1784;650
1786;625
1799;361
1798;453
1800;455
1805;452
1806;345
1788;531
1802;310
1803;85
1805;192
1807;310
1794;263
1795;261
1798;357
1800;381
1803;269
1807;182
1799;317
1801;247
1802;259
1803;310
1803;201
1807;190
1785;425
1788;289
1789;368
1794;379
1795;366
1796;359
1796;0
1806;386
1801;327
1800;338
1802;358
1803;310
1804;376
1806;374
1807;376
1802;298
1803;300
1805;294
1807;378
1799;563
1801;386
1805;0
1807;329
1804;184
1805;199
1807;378
1805;343
1807;416
1788;486
1790;343
1792;338
1793;274
1802;240
1803;249
1804;328
1804;325
1807;405
1797;304
1800;409
1805;306
1806;207
1784;227
1785;525
1786;459
1787;415
1788;397
1789;291
1791;257
1788;448
1789;308
1790;328
1792;431
1793;237
1795;351
1797;381
1798;377
1800;355
1801;235
1800;426
1801;358
1803;440
1801;324
1798;418
1806;507
1799;0
1799;0
1789;119
1790;328
1799;441
1800;219
1801;310
1803;303
1804;310
1806;295
1808;299
1800;359
1801;226
1802;230
1803;310
1804;170
1794;210
1795;304
1797;365
1799;302
1781;365
1783;504
1787;428
1789;360
1789;379
1791;376
1792;329
1793;0
1791;215
1793;206
1794;215
1796;215
1797;214
1798;191
1795;305
1798;360
1802;232
1796;359
1796;359
1799;392
1801;257
1802;270
1804;255
1804;259
1806;256
1808;271
1804;238
1804;0
1802;273
1803;265
1804;310
1807;99
1787;199
1788;0
1793;298
1794;359
1793;252
1795;244
1796;240
1798;232
1799;269
1789;0
1783;535
1784;469
1800;62
1799;373
1800;365
1801;310
1803;232
1804;0
1798;359
1800;272
1801;220
1802;209
1799;90
1789;251
1790;262
1792;306
1794;359
1801;310
1804;397
1805;310
1807;409
1802;204
1784;61
1786;129
1798;359
1784;240
1787;310
1804;184
1805;184
1807;273
1793;286
1805;242
1807;240
1791;72
1793;81
1794;82
1801;310
1803;333
1806;0
1808;270
1807;329
1781;210
1784;178
1802;175
1803;273
1803;20
1806;182
1806;125
1791;164
1792;115
1793;113
1794;113
1794;0
1799;164
1800;151
1805;289
1799;332
1802;220
1803;85
1785;151
1786;177
1792;328
1795;328
1797;356
1798;310
1800;210
1807;334
1786;59
1787;27
1790;40
1783;0
1799;359
1802;100
1803;273
1781;454
1800;336
1802;340
1797;357
1798;364
1799;0
1798;103
1801;337
1802;308
1804;323
1805;311
1799;374
1801;258
1807;310
1807;269
1805;0
1807;316
1802;310
1804;291
1805;244
1807;255
1800;359
1803;311
1805;308
1806;310
1807;310
1799;281
1801;310
1806;347
1807;298
1793;296
1798;331
1801;222
1802;220
1805;170
1787;210
1788;359
1789;179
1791;190
1792;242
1792;356
1793;316
1794;0
1804;231
1806;273
1800;270
1802;88
1783;210
1802;185
1802;310
1785;226
1787;226
1783;0
1790;155
1796;397
1797;396
1799;415
1801;310
1802;278
1803;310
1806;310
1807;284
1803;246
1805;249
1807;259
1781;68
1784;183
1781;0
1787;105
1785;0
1800;55
1790;247
1791;253
1792;245
1793;281
1795;351
1795;215
1806;310
1782;210
1784;210
1785;245
1789;340
1790;356
1792;331
1793;353
1794;0
1799;212
1784;328
1786;369
1788;366
1790;209
1792;324
1793;154
1795;113
1796;165
1798;167
1789;206
1791;229
1793;240
1796;237
1797;221
1799;236
1800;233
1801;180
1802;167
1805;277
1807;310
1789;81
1786;310
1790;327
1791;305
1793;162
1795;317
1796;289
1797;317
1798;335
1798;0
1787;119
1789;38
1790;166
1791;204
1802;304
1804;310
1796;193
1796;0
1795;210
1799;210
1801;233
1784;97
1784;437
1785;488
1787;450
1799;371
1797;419
1798;416
1799;429
1801;286
1802;336
1803;307
1804;310
1807;290
1799;128
1802;199
1803;273
1783;650
1784;437
1786;633
1788;537
1789;359
1790;466
1791;473
1793;591
1793;0
1784;349
1785;301
1787;278
1788;269
1790;217
1791;237
1793;237
1793;383
1794;432
1795;432
1797;359
1798;471
1799;406
1800;290
1801;310
1802;295
1803;309
1806;120
1797;0
1782;214
1799;338
1799;298
1801;310
1806;367
1807;377
1789;330
1791;300
1792;330
1794;0
1796;210
1789;359
1791;433
1791;0
1794;360
1796;360
1797;364
1798;359
1784;450
1799;237
1801;289
1802;291
1803;199
1795;180
1796;292
1797;0
1793;361
1795;359
1798;368
1799;0
1801;0
1800;368
1802;407
1803;378
1807;221
1782;650
1784;619
1785;740
1787;609
1792;432
1793;450
1797;453
1798;487
1799;0
1801;360
1804;322
1785;177
1784;197
1785;276
1786;240
1788;251
1789;205
1791;210
1793;214
1795;216
1788;650
1789;418
1789;455
1790;479
1791;371
1793;438
1797;0
1796;557
1802;295
1802;248
1802;355
1783;231
1784;189
1785;216
1786;256
1787;200
1789;174
1790;251
1792;264
1793;294
1794;298
1795;281
1796;281
1799;284
1801;190
1807;230
1802;216
1803;205
1804;221
1806;182
1807;182
1792;153
1794;172
1806;310
1808;383
1797;86
1781;580
1783;652
1798;214
1792;290
1792;0
1782;571
1782;0
1796;210
1803;0
1806;183
1799;465
1800;289
1786;359
1802;110
1800;332
1788;216
1793;163
1797;340
1799;367
1802;310
1796;277
1796;276
1797;277
1799;299
1800;359
1801;273
1802;170
1783;359
1784;359
1786;319
1798;303
1799;263
1806;273
1802;326
1803;344
1804;334
1806;334
1807;324
1802;366
1804;357
1805;310
1806;310
1807;313
1806;310
1807;310
1784;273
1785;367
1786;346
1787;354
1788;349
1789;238
1790;389
1791;325
1794;330
1786;443
1781;754
1783;359
1784;573
1784;0
1785;493
1801;234
1787;0
1799;417
1800;359
1792;224
1793;245
1799;210
1799;0
1791;0
1797;217
1801;134
1802;154
1792;0
1781;359
1783;222
1799;322
1800;359
1781;119
1795;0
1799;0
1784;164
1793;242
1794;162
1795;0
1801;273
1797;0
1785;262
1787;448
1788;269
1789;335
1790;276
1791;273
1792;314
1793;359
1799;424
1800;277
1802;301
1803;266
1804;300
1794;0
1783;359
1805;310
1798;211
1800;85
1784;480
1785;461
1788;238
1790;300
1793;311
1794;0
1806;456
1807;403
1795;120
1791;69
1787;262
1788;359
1790;206
1791;218
1793;234
1794;216
1795;218
1798;481
1800;515
1801;363
1802;374
1803;375
1806;344
1807;310
1788;359
1805;310
1793;200
1786;150
1801;310
1802;200
1805;197
1808;177
1784;160
1785;320
1786;300
1788;175
1790;196
1790;0
1795;233
1787;260
1788;231
1789;227
1791;259
1792;213
1793;262
1795;359
1797;258
1800;230
1803;177
1805;310
1805;187
1806;273
1808;273
1803;312
1797;259
1803;82
1800;359
1784;674
1794;360
1793;277
1794;236
1787;112
1789;282
1795;301
1796;301
1797;389
1799;410
1800;407
1801;310
1802;310
1803;303
1805;310
1806;267
1807;267
1803;267
1784;359
1806;341
1807;377
1791;437
1793;339
1795;513
1806;496
1784;337
1785;477
1786;441
1787;0
1784;113
1801;211
1802;211
1804;0
1798;413
1799;397
1800;293
1801;310
1802;122
1801;310
1802;358
1802;299
1796;401
1798;409
1799;425
1799;172
1783;272
1783;359
1782;380
1805;200
1801;338
1802;321
1780;359
1802;435
1803;433
1804;265
1806;484
1807;348
1804;0
1805;0
1789;352
1791;264
1792;389
1794;397
1796;390
1797;409
1798;430
1800;442
1800;328
1791;135
1793;359
1794;359
1796;262
1797;359
1796;374
1797;419
1798;413
1799;0
1803;237
1804;287
1805;286
1806;310
1807;287
1805;305
1806;427
1801;273
1803;273
1804;273
1807;201
1786;0
1800;0
1803;310
1800;445
1802;273
1803;0
1785;450
1799;178
1802;310
1803;366
1803;366
1804;0
1792;210
1794;157
1795;168
1799;0
1788;306
1783;210
1784;377
1785;253
1796;310
1791;104
1791;81
1787;8
1799;119
1787;375
1807;205
1789;359
1793;99
1807;273
1806;189
1807;190
1803;154
1801;182
1789;373
1790;380
1791;358
1793;317
1795;373
1800;310
1797;410
1800;852
1803;212
1800;0
1797;301
1797;0
1782;600
1791;159
1792;130
1782;400
1783;499
1785;371
1793;362
1793;362
1794;393
1797;390
1799;359
1801;319
1802;310
1804;0
1806;0
1807;264
1791;280
1797;353
1798;379
1800;305
1801;247
1802;253
1803;310
1804;245
1804;0
1798;230
1801;242
1802;254
1803;222
1804;220
1791;359
1792;203
1793;262
1802;225
1803;232
1789;246
1791;229
1792;263
1793;275
1795;299
1796;0
1782;210
1784;205
1783;485
1785;377
1798;268
1800;251
1801;0
1781;113
1782;0
1801;434
1805;366
1806;436
1787;297
1784;323
1792;484
1793;167
1795;164
1797;139
1799;162
1788;95
1789;81
1806;183
1807;153
1800;330
1801;310
1787;212
1788;180
1790;250
1791;236
1792;275
1795;359
1785;415
1786;426
1787;442
1788;344
1791;370
1793;359
1795;372
1796;359
1797;359
1788;437
1789;400
1791;512
1792;472
1793;518
1794;359
1802;218
1794;381
1795;383
1802;310
1805;179
1808;200
1804;310
1796;193
1797;179
1797;0
1788;602
1788;470
1785;583
1787;575
1788;546
1800;469
1801;310
1791;199
1792;196
1799;497
1800;341
1801;310
1803;310
1804;372
1805;142
1803;250
1804;310
1806;310
1807;348
1797;390
1798;365
1800;357
1801;310
1804;244
1788;214
1807;182
1792;389
1794;403
1796;359
1798;427
1799;403
1801;310
1802;195
1788;113
1790;70
1791;153
1790;300
1792;253
1792;359
1804;300
1806;299
1807;297
1784;797
1786;980
1788;568
1793;475
1794;505
1796;543
1797;495
1799;549
1800;359
1803;408
1788;360
1791;402
1792;400
1792;464
1798;443
1799;471
1801;245
1802;293
1805;337
1806;0
1804;311
1806;310
1807;310
1785;131
1785;0
1806;310
1808;209
1790;104
1784;561
1785;488
1787;510
1797;362
1799;380
1799;0
1801;258
1792;338
1792;321
1794;394
1796;361
1797;363
1798;379
1800;332
1801;310
1802;250
1804;458
1804;430
1806;432
1807;291
1784;339
1786;284
1804;179
1805;172
1806;0
1801;324
1803;310
1804;408
1805;412
1800;388
1783;0
1786;359
1785;526
1799;379
1800;253
1801;310
1803;285
1804;283
1806;261
1807;239
1804;0
1790;240
1791;238
1792;239
1792;206
1793;238
1795;270
1795;210
1807;273
1784;546
1806;310
1793;126
1794;147
1796;113
1796;113
1798;0
1784;234
1785;395
1798;276
1795;113
1783;450
1784;320
1796;226
1807;439
1781;0
1798;0
1797;524
1801;310
1804;338
1800;419
1802;423
1782;291
1783;390
1784;362
1786;380
1788;328
1790;180
1792;282
1793;325
1792;61
1787;244
1789;158
1790;163
1791;159
1792;192
1784;121
1786;210
1786;0
1788;117
1788;210
1799;449
1800;487
1800;201
1792;82
1792;359
1783;359
1784;153
1786;250
1787;250
1788;240
1789;273
1789;313
1791;284
1792;278
1798;274
1799;322
1799;393
1801;230
1802;273
1803;270
1805;199
1805;230
1795;63
1793;163
1806;377
1797;210
1789;466
1787;109
1797;285
1798;291
1799;282
1798;614
1800;644
1802;437
1784;164
1785;188
1784;83
1788;450
1788;277
1790;287
1791;290
1793;325
1798;337
1799;354
1800;359
1793;124
1798;222
1807;331
1802;353
1796;0
1790;184
1790;81
1790;203
1791;157
1792;113
1786;340
1788;325
1789;239
1791;250
1792;233
1794;255
1795;238
1796;359
1798;0
1796;147
1806;215
1798;370
1799;382
1800;359
1803;260
1804;310
1803;310
1805;415
1807;382
1804;206
1805;310
1808;204
1792;290
1806;277
1807;269
1798;229
1800;359
1793;83
1789;25
1790;307
1792;254
1792;297
1799;287
1800;238
1801;0
1796;359
1799;360
1797;421
1787;162
1789;274
1790;264
1792;289
1795;278
1796;280
1797;278
1799;262
1801;212
1784;356
1786;493
1787;575
1789;486
1789;660
1791;699
1792;484
1784;340
1791;323
1793;334
1786;639
1788;547
1790;314
1799;424
1784;448
1791;131
1792;137
1793;139
1796;115
1803;377
1795;0
1803;209
1803;273
1799;359
1798;0
1806;281
1807;310
1804;310
1783;663
1784;557
1787;500
1788;522
1790;369
1791;335
1793;364
1794;359
1794;0
1808;261
1792;275
1793;275
1794;296
1799;283
1800;284
1801;310
1789;410
1790;285
1791;269
1792;267
1793;289
1794;0
1805;106
1784;650
1786;731
1788;624
1791;541
1793;492
1794;416
1794;0
1799;223
1800;359
1799;154
1800;310
1795;229
1797;227
1798;244
1786;51
1796;210
1798;181
1799;225
1799;158
1799;158
1800;119
1802;130
1805;126
1806;183
1807;183
1790;100
1798;294
1798;288
1800;284
1801;206
1802;206
1803;219
1806;219
1801;310
1802;373
1804;366
1806;340
1807;274
1799;0
1793;251
1794;265
1796;300
1798;300
1800;343
1800;219
1802;247
1803;234
1804;229
1805;249
1806;273
1797;0
1783;0
1798;217
1799;216
1801;326
1802;0
1782;620
1783;713
1785;382
1787;469
1789;377
1791;350
1793;368
1794;0
1783;0
1784;210
1794;354
1795;374
1796;359
1798;374
1799;359
1795;300
1791;245
1798;209
1799;207
1800;193
1801;183
1803;177
1788;247
1789;217
1790;166
1791;400
1798;191
1799;349
1800;331
1796;523
1798;584
1799;525
1800;369
1787;420
1789;383
1789;331
1791;341
1792;335
1793;338
1794;0
1785;484
1797;272
1798;295
1798;210
1800;289
1802;156
1786;65
1787;43
1793;118
1783;543
1806;250
1798;346
1799;377
1804;289
1805;304
1806;306
1807;284
1806;267
1807;310
1799;342
1797;0
1801;310
1802;229
1803;207
1805;244
1781;412
1781;0
1792;359
1793;395
1799;298
1802;218
1799;75
1792;218
1792;0
1787;156
1793;302
1784;374
1803;377
1804;334
1801;310
1802;293
1804;277
1806;267
1807;310
1799;359
1801;412
1791;310
1794;359
1796;359
1797;359
1802;222
1803;208
1806;310
1807;310
1787;20
1806;217
1784;162
1785;214
1799;0
1801;258
1802;266
1803;248
1805;0
1803;273
1787;300
1797;181
1798;175
1784;310
1788;400
1791;486
1792;488
1780;0
1792;101
1798;39
1785;351
1786;524
1788;491
1789;720
1790;536
1791;567
1792;568
1793;533
1801;247
1802;189
1804;237
1805;259
1806;241
1808;247
1804;310
1806;350
1807;556
1784;360
1786;381
1805;119
1806;119
1807;147
1795;418
1797;418
1800;398
1802;305
1803;310
1804;310
1805;192
1783;359
1784;371
1786;269
1788;234
1789;203
1797;363
1799;359
1800;0
1805;310
1808;267
1803;158
1804;156
1797;257
1780;0
1787;0
1785;78
1789;314
1791;222
1792;115
1787;119
1802;303
1803;300
1805;127
1806;310
1783;210
1785;223
1786;287
1788;359
1789;218
1784;359
1787;360
1800;369
1784;0
1800;356
1800;0
1799;367
1800;354
1784;113
1797;187
1798;119
1799;216
1800;0
1785;408
1787;568
1788;359
1799;257
1805;347
1784;500
1788;462
1790;438
1792;350
1793;340
1797;419
1798;452
1800;447
1803;398
1785;300
1789;210
1790;309
1791;289
1793;247
1794;263
1795;280
1806;122
1797;0
1792;166
1792;170
1794;158
1798;141
1796;119
1795;420
1796;359
1797;417
1798;441
1799;442
1800;285
1802;289
1802;128
1805;298
1787;98
1789;142
1789;209
1790;170
1792;248
1793;330
1795;337
1797;366
1787;51
1799;323
1800;180
1802;214
1803;209
1780;359
1784;317
1785;284
1786;0
1797;359
1806;310
1807;246
1798;185
1799;307
1805;144
1806;273
1807;273
1800;84
1802;171
1781;677
1783;491
1785;590
1786;574
1788;528
1789;362
1790;405
1791;393
1793;385
1794;0
1793;265
1805;310
1808;276
1798;114
1799;297
1787;161
1788;194
1790;138
1791;204
1792;307
1794;259
1795;219
1788;78
1790;99
1782;359
1783;379
1793;284
1794;0
1793;350
1794;0
1788;45
1795;0
1785;118
1791;200
1792;201
1793;225
1794;231
1796;200
1798;427
1800;394
1787;343
1786;295
1799;437
1801;270
1802;275
1803;310
1804;336
1805;319
1806;423
1801;85
1802;340
1803;290
1799;262
1801;187
1802;310
1803;310
1804;172
1786;168
1787;180
1789;119
1790;200
1788;65
1789;72
1790;113
1791;67
1792;113
1805;270
1806;0
1801;433
1803;310
1803;439
1799;270
1801;273
1800;600
1803;310
1804;307
1805;307
1806;311
1807;310
1787;328
1789;265
1791;250
1792;271
1793;271
1794;0
1793;359
1795;250
1796;252
1797;229
1798;0
1795;310
1783;359
1784;550
1786;450
1799;459
1794;0
1799;0
1786;210
1796;113
1807;540
1805;102
1805;0
1806;378
1800;408
1801;310
1802;239
1803;217
1800;416
1801;330
1803;188
1804;182
1806;185
1807;191
1803;310
1784;210
1807;135
1798;404
1799;0
1798;590
1800;430
1801;310
1802;432
1787;274
1789;186
1791;253
1792;263
1793;276
1786;0
1792;164
1793;189
1798;207
1786;677
1787;568
1789;328
1790;485
1791;471
1794;476
1797;359
1798;480
1799;503
1799;317
1796;449
1798;359
1798;684
1800;473
1803;439
1807;350
1788;119
1788;77
1799;0
1797;444
1798;0
1790;123
1785;329
1787;282
1789;264
1791;158
1792;244
1793;243
1794;263
1785;580
1788;530
1793;466
1795;528
1796;500
1798;498
1799;527
1801;365
1802;362
1803;364
1804;370
1805;420
1804;318
1805;234
1806;311
1808;259
1787;108
1805;240
1807;303
1800;195
1802;194
1802;141
1793;191
1801;310
1802;214
1803;185
1804;211
1801;310
1784;404
1786;301
1787;295
1791;308
1793;342
1794;0
1781;214
1781;0
1802;137
1805;317
1797;165
1788;341
1781;290
1782;349
1788;290
1802;315
1803;135
1804;225
1805;0
1800;394
1781;210
1802;245
1794;0
1796;35
1806;86
1807;310
1797;423
1799;355
1785;344
1782;356
1786;359
1801;303
1785;86
1792;43
1792;113
1788;96
1789;99
1793;109
1794;0
1802;222
1805;237
1807;236
1782;210
1783;210
1785;337
1786;335
1787;340
1788;330
1790;159
1792;238
1792;359
1794;210
1782;214
1793;216
1794;359
1795;359
1788;374
1800;253
1798;109
1798;164
1799;137
1799;107
1791;186
1792;220
1794;229
1796;222
1796;359
1781;359
1782;359
1784;415
1785;539
1782;477
1784;437
1785;513
1787;560
1791;419
1792;360
1793;0
1799;359
1800;359
1807;290
1793;247
1799;402
1800;324
1806;227
1808;182
1793;332
1800;137
1799;209
1781;491
1793;233
1800;393
1801;284
1802;301
1803;278
1805;413
1805;0
1803;287
1804;352
1805;310
1804;370
1805;410
1807;372
1802;0
1782;449
1784;573
1785;371
1787;420
1789;328
1791;355
1792;390
1794;391
1795;398
1797;436
1798;420
1799;421
1801;289
1804;277
1800;364
1796;460
1797;460
1798;502
1800;476
1801;310
1802;339
1804;328
1807;250
1786;81
1788;175
1792;275
1793;343
1794;240
1795;240
1798;497
1800;495
1801;310
1802;363
1804;343
1804;310
1802;117
1797;0
1800;359
1801;310
1806;310
1806;310
1806;266
1808;291
1799;319
1800;0
1804;331
1806;310
1806;310
1783;224
1784;194
1786;209
1787;165
1788;195
1789;190
1789;186
1791;123
1792;173
1793;210
1804;273
1794;359
1795;359
1796;0
1786;132
1798;240
1799;239
1793;106
1789;198
1791;209
1792;187
1802;310
1803;268
1804;277
1805;289
1806;229
1808;265
1804;222
1805;222
1806;167
1807;310
1803;273
1790;270
1792;299
1793;284
1794;0
1807;182
1791;92
1799;126
1798;180
1795;359
1787;240
1798;393
1799;0
1803;310
1804;395
1805;368
1807;403
1787;223
1790;359
1791;90
1805;424
1808;400
1781;310
1803;215
1804;226
1806;111
1781;202
1789;233
1791;279
1792;296
1793;359
1795;292
1782;300
1802;91
1789;245
1790;216
1791;261
1792;273
1795;359
1797;395
1798;405
1799;361
1801;280
1802;277
1803;235
1786;310
1802;0
1796;210
1786;155
1788;210
1789;125
1790;218
1792;224
1792;210
1795;227
1796;238
1797;210
1798;0
1788;85
1790;169
1791;135
1793;295
1791;197
1793;192
1795;195
1798;184
1799;181
1798;115
1799;84
1791;0
1806;437
1795;453
1798;0
1786;326
1787;261
1788;359
1789;197
1790;287
1791;265
1792;281
1794;299
1796;242
1797;267
1798;198
1799;300
1801;310
1802;224
1789;296
1791;441
1792;422
1792;441
1795;427
1798;431
1800;443
1802;417
1804;324
1802;402
1805;414
1806;310
1807;310
1799;278
1802;192
1803;310
1804;310
1793;171
1795;240
1797;266
1803;405
1804;414
1806;419
1789;281
1790;258
1791;273
1792;187
1794;0
1786;218
1787;285
1787;288
1789;215
1790;154
1791;308
1792;297
1794;0
1798;119
1799;119
1800;195
1784;163
1785;157
1786;154
1787;143
1799;204
1801;182
1802;187
1803;273
1805;189
1806;206
1807;200
1793;171
1794;171
1805;224
1806;0
1785;406
1786;333
1787;401
1788;359
1790;146
1791;317
1791;359
1789;230
1790;250
1791;255
1792;238
1794;328
1796;317
1798;330
1799;281
1801;218
1807;222
1798;444
1804;310
1808;230
1807;331
1793;302
1795;359
1796;277
1797;308
1802;438
1803;440
1804;417
1797;165
1798;156
1799;166
1799;0
1797;213
1785;261
1785;319
1786;359
1785;142
1797;359
1798;363
1799;366
1801;307
1802;255
1802;284
1804;340
1805;324
1806;295
1807;276
1785;166
1786;242
1788;216
1789;207
1791;203
1792;141
1793;194
1794;203
1795;359
1800;733
1787;0
1793;211
1802;156
1804;310
1806;445
1790;303
1791;310
1792;394
1792;386
1794;370
1796;324
1798;493
1799;405
1801;266
1802;263
1804;331
1799;200
1796;0
1782;359
1783;359
1785;510
1786;491
1794;401
1794;0
1797;0
1796;335
1797;346
1799;343
1800;359
1801;241
1802;246
1802;242
1803;220
1804;222
1808;356
1781;210
1782;0
1795;290
1803;231
1804;235
1805;235
1806;216
1808;329
1806;445
1793;256
1794;256
1800;273
1800;392
1802;274
1803;245
1805;285
1806;129
1807;281
1804;125
1805;122
1807;122
1785;350
1780;620
1782;670
1784;550
1785;570
1788;349
1789;410
1791;332
1793;390
1794;426
1797;459
1798;472
1800;469
1801;311
1802;310
1804;310
1806;310
1807;419
1793;167
1794;0
1786;273
1787;225
1789;195
1790;142
1792;199
1793;160
1794;359
1784;205
1799;309
1801;310
1802;344
1805;310
1807;320
1782;797
1783;867
1784;701
1785;441
1786;710
1787;736
1788;579
1789;496
1786;68
1784;450
1786;526
1799;273
1783;310
1806;268
1784;164
1788;356
1790;359
1791;171
1793;180
1794;330
1795;330
1796;330
1780;600
1782;700
1781;349
1782;359
1793;462
1784;597
1786;443
1796;495
1797;495
1799;437
1801;380
1790;130
1791;190
1793;10
1794;208
1801;122
1802;61
1800;473
1801;317
1802;316
1805;306
1807;395
1783;119
1805;88
1806;273
1807;155
1801;178
1788;338
1789;277
1790;357
1791;325
1792;344
1793;343
1795;341
1796;343
1784;75
1785;31
1785;113
1782;429
1800;316
1802;315
1805;20
1799;359
1800;0
1803;176
1804;234
1805;0
1794;0
1792;140
1783;450
1784;328
1797;350
1799;374
1801;248
1801;310
1802;395
1804;357
1797;119
1803;305
1804;304
1806;400
1808;310
1803;307
1805;309
1806;304
1807;310
1800;328
1802;324
1803;326
1799;366
1801;310
1802;251
1804;286
1803;184
1794;359
1795;359
1799;0
1798;81
1793;349
1794;350
1796;371
1784;195
1785;197
1796;274
1797;0
1791;251
1792;234
1802;308
1803;310
1786;0
1785;295
1786;213
1782;205
1783;0
1788;164
1790;302
1791;273
1793;316
1794;342
1795;120
1799;448
1801;310
1802;305
1803;297
1804;273
1806;310
1807;211
1801;372
1802;357
1803;336
1805;369
1805;0
1783;119
1785;70
1786;119
1801;310
1798;200
1785;221
1786;190
1787;113
1788;158
1789;142
1790;147
1791;211
1792;205
1793;239
1799;217
1783;210
1783;210
1784;234
1785;269
1788;130
1791;85
1793;128
1794;0
1798;357
1800;416
1799;393
1806;303
1808;295
1807;346
1787;0
1785;275
1792;332
1795;468
1798;463
1798;437
1799;568
1802;367
1803;356
1805;367
1799;0
1790;214
1792;155
1794;227
1795;359
1797;211
1799;45
1801;180
1802;219
1781;0
1794;425
1796;457
1796;425
1798;425
1799;0
1799;0
1785;192
1790;170
1802;348
1803;344
1805;278
1805;0
1797;140
1798;117
1799;0
1808;190
1793;58
1786;250
1787;192
1789;300
1799;317
1800;322
1802;381
1803;350
1804;341
1806;291
1807;227
1805;0
1793;210
1794;0
1797;359
1801;426
1802;423
1804;433
1806;437
1807;423
1799;286
1801;310
1802;232
1804;226
1805;209
1798;166
1784;164
1786;484
1788;328
1789;537
1791;265
1805;225
1807;273
1780;210
1782;221
1784;302
1785;210
1787;320
1786;118
1788;109
1790;150
1791;150
1792;101
1796;424
1798;469
1799;427
1806;284
1799;210
1787;121
1793;114
1806;182
1794;0
1794;0
1801;300
1802;293
1804;408
1805;412
1807;310
1781;359
1803;340
1799;481
1800;322
1801;310
1802;310
1803;334
1804;344
1806;310
1806;310
1807;314
1797;364
1798;396
1799;379
1801;270
1804;169
1805;181
1806;259
1808;183
1790;576
1791;485
1792;501
1794;549
1794;356
1785;524
1786;764
1787;798
1788;771
1802;386
1784;119
1792;210
1794;0
1802;176
1803;273
1805;187
1802;169
1803;273
1803;0
1797;388
1795;521
1803;289
1805;276
1783;416
1784;251
1786;383
1806;310
1807;310
1790;180
1791;190
1792;206
1794;183
1795;210
1781;210
1784;73
1797;162
1797;175
1799;172
1800;176
1800;65
1803;210
1804;310
1796;473
1801;310
1799;0
1805;310
1788;537
1782;546
1795;234
1802;305
1803;331
1805;298
1807;206
1787;273
1789;306
1791;345
1792;307
1798;396
1800;392
1802;279
1805;279
1805;0
1801;273
1803;203
1804;205
1805;207
1807;183
1783;0
1792;467
1793;416
1799;514
1802;347
1803;350
1805;369
1786;80
1791;130
1806;268
1808;310
1797;80
1790;332
1792;421
1794;175
1795;242
1796;238
1798;216
1800;221
1783;437
1784;437
1784;644
1787;415
1790;328
1798;397
1802;389
1803;382
1805;386
1807;350
1800;234
1801;310
1802;244
1803;273
1804;142
1805;273
1805;0
1800;359
1801;310
1802;268
1803;310
1796;323
1797;345
1799;309
1800;346
1804;140
1783;326
1784;431
1786;341
1788;340
1790;242
1792;276
1794;0
1781;250
1781;359
1807;385
1784;400
1783;655
1785;631
1782;210
1800;432
1802;311
1806;310
1808;352
1799;202
1807;389
1806;273
1808;176
1804;412
1806;389
1806;108
1782;520
1783;359
1798;419
1784;360
1803;179
1799;149
1805;110
1783;616
1796;283
1797;329
1797;0
1803;348
1804;310
1781;210
1788;210
1789;61
1790;131
1790;113
1791;0
1805;164
1806;273
1791;168
1796;359
1800;0
1805;165
1805;0
1794;0
1798;0
1801;339
1803;270
1782;400
1794;232
1780;0
1791;350
1792;429
1795;431
1796;359
1798;423
1798;0
1798;520
1799;558
1800;344
1801;353
1802;333
1803;364
1803;310
1804;222
1805;259
1805;0
1799;322
1800;231
1801;310
1802;247
1804;266
1805;185
1806;310
1788;210
1790;110
1791;122
1792;77
1793;210
1787;126
1788;230
1789;228
1790;221
1791;265
1792;235
1793;0
1800;265
1800;489
1802;370
1805;335
1802;255
1803;310
1786;500
1784;317
1785;306
1805;31
1795;0
1803;355
1807;119
1794;359
1792;58
1803;234
1800;304
1801;212
1785;113
1793;367
1796;251
1796;0
1805;316
1806;310
1796;423
1785;119
1783;359
1781;276
1785;340
1786;450
1789;358
1791;457
1792;376
1794;468
1797;359
1797;0
1803;310
1807;394
1788;330
1790;350
1790;170
1789;306
1792;272
1793;270
1794;317
1795;318
1796;359
1799;0
1782;680
1783;655
1784;344
1783;359
1792;100
1794;113
1807;273
1803;235
1804;227
1807;196
1791;61
1782;359
1784;386
1784;287
1796;249
1796;359
1797;322
1799;326
1800;359
1802;378
1794;0
1791;0
1793;566
1806;135
1807;138
1792;0
1802;273
1804;0
1780;214
1800;230
1781;200
1798;235
1805;150
1806;273
1797;105
1799;61
1787;195
1798;359
1806;215
1780;210
1784;0
1793;213
1794;210
1795;119
1804;129
1805;137
1795;0
1795;0
1796;246
1799;179
1799;425
1792;157
1793;131
1792;119
1801;310
1802;417
1803;331
1793;212
1785;557
1786;440
1788;371
1788;0
1797;448
1796;394
1797;475
1798;0
1799;0
1781;469
1782;602
1783;576
1784;472
1787;360
1788;359
1807;267
1799;145
1780;359
1783;764
1784;344
1785;133
1803;379
1805;310
1799;369
1801;237
1801;310
1803;263
1804;271
1805;277
1807;192
1784;450
1786;450
1806;319
1808;325
1783;210
1784;262
1785;248
1788;237
1791;421
1792;448
1794;479
1795;441
1797;483
1798;478
1800;440
1802;310
1803;311
1804;307
1806;256
1807;310
1799;484
1801;337
1802;337
1803;329
1804;329
1805;295
1796;375
1803;310
1789;186
1791;389
1781;0
1794;348
1793;223
1792;313
1796;322
1802;310
1803;310
1804;0
1802;289
1803;279
1804;304
1782;359
1784;393
1787;333
1797;350
1798;372
1805;290
1807;206
1806;433
1785;359
1801;314
1802;324
1782;547
1784;532
1787;355
1793;43
1792;239
1793;236
1794;0
1789;308
1791;463
1792;435
1793;435
1794;0
1795;446
1796;359
1797;343
1799;326
1792;245
1792;359
1806;320
1807;242
1783;470
1785;400
1787;0
1800;207
1801;354
1802;0
1783;119
1801;266
1802;152
1805;0
1791;0
1784;86
1798;466
1800;474
1803;334
1804;340
1806;310
1807;260
1801;423
1802;429
1803;440
1805;410
1807;434
1788;310
1799;113
1800;173
1801;180
1802;175
1802;105
1781;426
1799;279
1792;171
1792;210
1796;0
1794;0
1798;141
1799;210
1800;419
1788;359
1790;503
1792;549
1792;549
1794;584
1795;549
1805;270
1806;347
1808;254
1798;104
1801;310
1802;210
1804;208
1786;380
1787;502
1789;301
1790;359
1791;366
1800;298
1803;338
1805;323
1806;414
1804;273
1804;0
1803;109
1803;0
1782;170
1783;150
1784;162
1784;232
1786;291
1786;273
1787;300
1788;359
1789;276
1791;276
1792;208
1793;287
1794;0
1784;320
1785;300
1787;300
1788;305
1789;261
1790;250
1791;239
1792;236
1793;237
1794;260
1796;230
1797;359
1798;255
1799;0
1805;378
1807;359
1805;216
1807;248
1800;378
1801;310
1803;0
1786;359
1784;520
1788;530
1789;359
1781;573
1784;646
1784;762
1785;622
1787;705
1788;657
1789;485
1791;476
1792;444
1793;508
1794;0
1805;590
1795;146
1786;119
1791;126
1792;226
1791;310
1783;359
1801;409
1804;214
1803;166
1806;242
1808;232
1801;183
1784;259
1785;249
1787;262
1788;280
1789;165
1790;229
1791;233
1792;243
1793;131
1797;420
1798;459
1800;442
1801;294
1802;327
1804;291
1806;295
1783;310
1784;80
1800;216
1801;273
1803;216
1804;214
1805;2
1807;219
1781;382
1782;319
1784;426
1785;322
1787;328
1791;390
1792;326
1793;400
1795;0
1800;546
1799;331
1805;146
1806;273
1807;121
1805;183
1801;419
1803;423
1789;76
1790;62
1790;215
1791;56
1793;0
1801;415
1808;310
1794;356
1800;121
1801;126
1782;356
1797;448
1799;459
1800;316
1802;311
1803;321
1805;341
1806;356
1782;256
1797;113
1786;226
1787;210
1789;250
1790;210
1791;197
1793;210
1794;147
1799;0
1797;251
1798;17
1800;153
1796;359
1800;643
1802;385
1800;177
1801;122
1781;440
1789;463
1797;111
1824;213
1745;185
1745;274
1746;318
1748;240
1751;246
1747;335
1748;488
1751;379
1744;148
1744;240
1745;354
1744;148
1738;234
1740;238
1744;218
1744;102
1740;206
1744;331
1745;171
1746;261
1747;317
1749;217
1750;291
1745;269
1745;474
1747;451
1736;358
1737;331
1739;331
1742;371
1743;398
1748;308
1746;240
1747;340
1746;259
1747;238
1749;409
1745;240
1747;439
1748;240
1750;406
1751;230
1745;0
1745;331
1754;105
1745;148
1747;0
1741;148
1742;148
1743;148
1744;148
1748;222
1753;251
1745;0
1747;61
1747;331
1749;380
1751;352
1752;352
1754;319
1747;240
1748;286
1748;102
1750;112
1751;102
1752;286
1753;266
1747;204
1747;500
1748;331
1747;299
1749;341
1747;237
1749;289
1775;148
1747;240
1747;148
1749;148
1750;148
1752;178
1753;172
1773;148
1747;839
1752;390
1749;240
1747;331
1747;240
1747;266
1748;191
1748;331
1747;482
1749;331
1751;352
1752;347
1753;375
1754;233
1737;172
1740;172
1741;172
1742;240
1744;240
1745;0
1748;240
1748;240
1775;230
1749;126
1748;333
1749;240
1751;345
1778;310
1738;172
1739;172
1740;172
1741;172
1743;179
1744;193
1745;271
1748;296
1749;240
1752;230
1753;184
1755;219
1757;0
1748;331
1749;242
1751;352
1753;257
1755;196
1747;331
1744;148
1748;368
1749;331
1753;355
1754;267
1748;557
1751;430
1748;240
1750;220
1752;258
1753;173
1748;240
1750;210
1752;459
1753;429
1748;148
1751;90
1748;241
1750;415
1752;313
1748;380
1749;402
1751;230
1753;230
1755;321
1748;240
1750;327
1751;194
1752;315
1754;239
1755;230
1749;345
1748;300
1750;182
1752;242
1748;397
1750;331
1752;322
1753;424
1748;226
1750;162
1748;224
1750;233
1751;222
1752;120
1753;230
1739;172
1741;172
1742;271
1744;263
1747;317
1749;240
1751;113
1749;275
1750;380
1752;310
1779;359
1749;240
1750;240
1752;230
1753;313
1749;82
1750;100
1749;148
1749;489
1749;296
1750;240
1752;197
1749;194
1753;230
1755;210
1749;273
1749;351
1749;273
1750;198
1752;184
1754;238
1755;230
1756;230
1749;218
1749;331
1749;271
1751;304
1749;288
1749;331
1748;240
1749;34
1749;242
1751;230
1752;230
1749;172
1749;68
1751;192
1752;350
1754;254
1750;204
1749;100
1749;331
1750;331
1751;400
1752;478
1754;424
1755;337
1756;488
1759;440
1760;705
1762;352
1750;196
1752;258
1753;207
1755;337
1756;0
1756;196
1750;500
1750;172
1752;192
1754;338
1750;78
1751;122
1752;148
1750;138
1752;138
1750;138
1752;346
1749;421
1751;331
1752;249
1754;206
1749;331
1750;60
1748;386
1750;335
1751;394
1753;266
1755;282
1750;176
1752;299
1753;315
1754;245
1750;136
1751;117
1751;243
1752;280
1754;182
1751;120
1752;110
1753;171
1751;114
1751;183
1752;183
1750;320
1752;200
1748;518
1755;180
1750;144
1750;220
1751;300
1756;352
1751;230
1751;0
1753;230
1754;176
1747;746
1750;240
1750;172
1750;309
1752;292
1753;287
1755;238
1754;203
1756;198
1757;154
1758;214
1760;225
1761;171
1762;212
1765;174
1751;304
1753;84
1755;321
1756;230
1751;230
1751;230
1753;184
1755;222
1751;156
1751;375
1753;331
1755;299
1756;230
1756;270
1751;20
1751;300
1752;63
1751;148
1753;230
1757;268
1751;392
1752;392
1754;324
1755;387
1752;130
1754;96
1755;230
1752;178
1754;222
1752;171
1753;138
1755;210
1730;148
1734;148
1734;172
1735;172
1740;172
1741;172
1743;216
1744;232
1745;157
1747;257
1748;271
1750;171
1753;149
1754;171
1756;135
1752;164
1754;137
1752;184
1752;200
1751;129
1752;77
1752;168
1753;171
1752;319
1754;294
1752;230
1754;261
1754;334
1752;463
1752;397
1754;346
1755;224
1752;150
1754;251
1755;270
1744;169
1753;82
1753;207
1754;87
1754;234
1753;50
1753;36
1753;418
1753;230
1753;80
1755;101
1749;225
1756;176
1754;10
1752;83
1753;306
1755;352
1757;562
1758;398
1754;26
1753;170
1755;234
1757;230
1753;134
1755;257
1753;230
1755;230
1753;104
1754;124
1756;109
1753;352
1741;470
1743;368
1744;271
1746;359
1748;470
1750;386
1752;304
1754;143
1754;350
1756;126
1754;230
1755;372
1754;130
1754;355
1755;473
1757;0
1754;218
1756;269
1758;250
1759;117
1754;284
1756;437
1753;83
1754;262
1756;429
1754;303
1755;322
1756;0
1754;420
1754;243
1754;156
1755;352
1755;352
1754;230
1755;230
1755;429
1757;429
1759;447
1761;57
1754;306
1754;423
1755;164
1757;230
1754;88
1754;83
1754;237
1756;322
1758;393
1754;229
1756;230
1755;123
1754;100
1758;63
1755;199
1754;210
1754;238
1754;215
1756;247
1754;211
1755;175
1757;0
1753;230
1754;205
1755;143
1755;130
1754;319
1755;441
1757;472
1758;500
1760;203
1761;352
1762;504
1764;332
1754;160
1755;140
1756;135
1757;110
1755;215
1755;199
1754;102
1754;230
1756;276
1755;171
1756;130
1755;226
1757;210
1758;180
1755;102
1754;230
1756;409
1758;463
1755;331
1756;400
1758;352
1760;368
1762;355
1755;478
1757;446
1755;370
1761;230
1754;83
1755;115
1756;131
1755;113
1758;270
1755;83
1756;208
1760;190
1755;269
1754;352
1756;138
1754;102
1755;230
1756;148
1757;230
1756;316
1756;338
1755;124
1757;148
1755;29
1757;124
1758;148
1759;103
1755;352
1755;490
1757;537
1759;352
1760;352
1755;355
1757;446
1759;438
1760;480
1762;393
1757;324
1758;235
1756;250
1755;167
1756;243
1758;317
1759;223
1761;148
1756;417
1756;352
1755;230
1756;244
1756;327
1756;306
1740;331
1744;289
1752;276
1755;264
1755;171
1756;100
1756;150
1759;83
1756;40
1758;166
1756;449
1756;50
1756;298
1760;282
1761;250
1756;148
1756;230
1757;230
1758;180
1760;180
1756;55
1757;299
1756;230
1757;144
1758;0
1757;283
1756;453
1758;382
1759;352
1761;352
1762;352
1764;355
1765;352
1757;400
1757;180
1757;0
1757;429
1758;419
1757;230
1757;352
1757;230
1756;70
1756;83
1755;42
1757;340
1760;238
1757;50
1756;250
1756;50
1756;83
1757;148
1756;45
1757;352
1756;357
1759;230
1761;230
1757;70
1757;210
1758;460
1759;353
1757;0
1758;629
1758;674
1757;171
1758;228
1760;235
1760;336
1760;228
1757;170
1758;466
1759;352
1761;700
1757;700
1757;98
1757;0
1758;530
1759;797
1761;352
1757;230
1758;219
1758;232
1758;936
1760;632
1757;230
1758;180
1759;214
1758;837
1758;203
1759;250
1760;230
1758;255
1758;290
1760;240
1758;145
1757;0
1758;504
1759;377
1761;404
1758;396
1761;257
1759;312
1761;340
1759;434
1760;352
1760;227
1760;148
1759;140
1760;230
1761;230
1758;0
1758;0
1761;230
1765;270
1758;364
1758;0
1760;153
1763;154
1764;148
1758;230
1758;74
1758;271
1759;328
1758;352
1759;160
1759;158
1760;135
1759;359
1760;300
1762;322
1760;352
1759;80
1759;270
1760;103
1760;90
1759;352
1759;104
1758;60
1758;139
1759;460
1760;352
1759;120
1759;0
1758;230
1760;230
1764;250
1766;339
1758;230
1758;328
1761;141
1758;334
1761;322
1759;119
1759;280
1761;417
1762;404
1758;230
1760;402
1759;230
1759;390
1761;547
1762;496
1759;180
1761;168
1759;110
1759;368
1759;352
1760;46
1759;99
1761;85
1760;321
1759;327
1761;299
1763;304
1760;352
1759;0
1759;301
1761;230
1763;368
1765;347
1767;220
1759;148
1760;127
1761;148
1760;352
1760;242
1760;640
1760;352
1760;263
1762;280
1759;0
1760;472
1761;331
1762;442
1763;500
1766;620
1769;368
1760;230
1760;650
1760;429
1761;500
1760;444
1760;280
1760;248
1761;230
1762;230
1763;230
1765;222
1766;249
1768;269
1769;313
1761;164
1761;230
1760;255
1760;101
1761;148
1762;0
1760;360
1762;423
1760;700
1761;352
1760;128
1761;360
1762;371
1760;214
1762;125
1761;148
1759;148
1761;700
1762;500
1760;354
1759;230
1760;0
1761;230
1761;179
1761;0
1760;352
1760;0
1761;371
1763;354
1760;0
1761;0
1762;304
1764;234
1761;352
1761;172
1761;83
1762;339
1761;193
1760;474
1761;429
1761;413
1762;352
1761;169
1762;298
1760;115
1761;230
1760;600
1761;160
1761;230
1760;230
1761;174
1762;148
1760;148
1761;230
1761;225
1761;148
1761;352
1761;192
1762;124
1760;83
1761;352
1755;192
1757;168
1758;147
1761;132
1761;169
1761;202
1760;148
1761;352
1763;741
1761;176
1761;102
1761;148
1761;148
1761;352
1763;441
1761;352
1761;83
1762;83
1760;352
1761;184
1762;352
1764;225
1762;343
1763;423
1765;392
1760;203
1761;520
1761;0
1762;170
1762;148
1761;278
1763;220
1763;290
1765;254
1761;124
1762;116
1763;76
1764;313
1765;148
1762;375
1763;333
1762;331
1764;335
1765;352
1761;270
1762;352
1761;352
1762;319
1761;352
1762;352
1762;310
1763;304
1762;167
1761;148
1762;0
1762;147
1763;147
1761;0
1761;230
1761;190
1762;217
1761;352
1761;352
1762;130
1761;102
1762;230
1763;230
1765;280
1765;331
1767;269
1768;279
1769;234
1770;245
1763;638
1761;138
1762;175
1763;79
1762;250
1764;148
1763;404
1764;294
1762;316
1764;306
1763;466
1765;564
1762;137
1765;199
1766;275
1762;230
1765;234
1763;0
1762;263
1764;300
1763;352
1763;154
1764;230
1762;83
1762;375
1765;0
1763;352
1762;148
1763;304
1764;148
1765;148
1763;204
1764;246
1766;225
1763;277
1764;199
1762;148
1763;103
1762;102
1763;478
1764;371
1766;350
1764;169
1764;0
1764;229
1763;210
1763;360
1764;350
1763;453
1763;218
1762;0
1763;199
1764;187
1766;210
1763;340
1765;304
1766;300
1763;148
1764;350
1763;580
1763;352
1764;306
1767;147
1763;352
1762;171
1765;75
1763;450
1766;270
1764;245
1763;352
1764;358
1766;250
1771;325
1771;368
1772;343
1773;224
1764;190
1766;240
1764;169
1764;253
1765;333
1764;422
1766;376
1768;380
1770;346
1771;352
1764;222
1766;227
1764;113
1764;133
1765;176
1765;417
1763;164
1765;73
1763;148
1764;269
1765;148
1764;636
1766;450
1764;205
1766;238
1768;214
1769;198
1765;392
1765;286
1767;264
1765;299
1763;165
1764;148
1764;53
1764;254
1765;243
1766;230
1768;299
1764;206
1764;106
1764;148
1765;148
1766;124
1764;144
1763;148
1765;148
1766;137
1768;175
1769;116
1767;14
1764;442
1766;306
1768;515
1769;500
1764;222
1763;102
1765;102
1767;102
1763;148
1764;205
1764;200
1765;186
1766;205
1768;177
1764;417
1764;365
1765;410
1763;230
1765;241
1767;211
1763;148
1765;203
1764;368
1766;476
1767;404
1764;182
1765;169
1763;0
1764;377
1766;347
1763;336
1763;148
1766;130
1765;79
1764;234
1764;147
1763;190
1764;352
1764;50
1769;79
1765;200
1764;527
1766;380
1765;332
1766;109
1769;140
1766;106
1764;101
1765;101
1765;23
1765;230
1766;123
1765;222
1767;83
1767;83
1766;200
1766;319
1764;417
1764;335
1766;265
1768;240
1764;422
1766;439
1764;404
1765;510
1766;390
1764;208
1765;139
1766;129
1765;330
1765;104
1767;110
1765;175
1764;171
1767;159
1768;154
1769;169
1765;192
1766;200
1768;220
1768;207
1771;336
1773;230
1774;230
1776;328
1777;337
1765;331
1766;210
1771;315
1764;197
1766;276
1765;304
1766;357
1768;331
1765;273
1765;283
1766;401
1767;453
1768;352
1769;410
1770;0
1766;200
1765;192
1767;271
1768;135
1770;124
1765;141
1765;225
1767;283
1765;170
1767;190
1769;280
1764;83
1766;429
1764;192
1766;200
1768;192
1764;230
1764;0
1766;148
1764;148
1768;148
1771;35
1765;77
1767;127
1769;143
1766;161
1766;180
1765;270
1767;383
1769;267
1770;342
1766;169
1768;144
1766;148
1766;352
1765;190
1767;234
1765;192
1766;364
1767;329
1768;325
1769;333
1771;290
1772;338
1774;350
1775;280
1766;319
1766;306
1767;380
1766;230
1767;230
1766;346
1766;428
1767;441
1768;352
1766;123
1767;352
1766;204
1767;184
1766;303
1766;138
1768;230
1766;164
1768;230
1766;425
1766;152
1766;323
1765;0
1765;348
1766;139
1767;171
1768;131
1766;382
1766;92
1766;186
1766;230
1768;143
1765;148
1766;390
1758;326
1766;402
1768;262
1771;257
1769;72
1766;81
1766;284
1770;352
1766;109
1767;331
1766;211
1775;640
1767;380
1766;461
1769;290
1766;377
1766;194
1768;222
1766;377
1769;245
1766;394
1767;447
1768;392
1769;233
1767;299
1766;69
1766;421
1767;521
1768;356
1766;210
1767;352
1767;275
1767;241
1767;362
1768;279
1769;411
1770;446
1767;55
1767;332
1767;289
1766;83
1767;264
1769;270
1770;479
1767;160
1769;171
1770;171
1767;300
1767;440
1768;506
1767;176
1769;143
1770;282
1767;234
1769;330
1767;83
1767;157
1767;124
1766;83
1767;219
1766;83
1767;296
1769;294
1770;291
1771;245
1768;119
1767;83
1767;161
1767;60
1767;355
1769;417
1770;412
1770;381
1772;490
1775;288
1768;344
1769;293
1770;352
1768;288
1769;240
1768;311
1769;248
1771;270
1768;116
1767;344
1768;241
1768;352
1767;468
1768;405
1769;495
1767;195
1769;229
1770;230
1768;368
1769;337
1767;449
1769;368
1770;417
1771;490
1772;380
1773;290
1774;453
1768;470
1768;265
1769;352
1768;311
1767;426
1768;370
1768;400
1768;230
1769;289
1771;336
1768;141
1768;325
1770;417
1771;407
1768;101
1769;184
1769;195
1769;171
1767;0
1768;172
1768;101
1768;120
1768;240
1767;0
1771;178
1772;288
1767;83
1767;230
1768;231
1768;406
1769;227
1768;234
1770;164
1772;239
1768;380
1767;83
1768;148
1768;148
1768;96
1768;254
1770;157
1767;0
1767;60
1768;83
1769;169
1768;304
1768;331
1769;230
1769;296
1768;230
1768;169
1769;326
1770;338
1771;348
1769;147
1769;160
1769;240
1769;148
1768;271
1769;140
1769;310
1768;338
1768;102
1769;355
1770;272
1771;371
1768;352
1770;466
1770;440
1772;490
1768;331
1770;417
1770;352
1769;327
1770;280
1771;254
1774;230
1769;201
1770;225
1771;113
1773;60
1775;148
1769;134
1770;131
1769;152
1770;166
1769;346
1770;409
1771;340
1773;230
1775;304
1769;447
1769;146
1769;102
1771;44
1773;42
1769;218
1769;266
1770;345
1769;343
1768;190
1768;83
1768;132
1768;83
1769;144
1768;148
1769;145
1770;233
1771;349
1769;128
1769;270
1770;352
1772;345
1768;230
1769;269
1778;247
1770;352
1772;460
1770;64
1770;203
1769;283
1769;490
1770;400
1771;569
1772;447
1770;77
1770;350
1771;294
1774;352
1775;430
1770;148
1770;148
1769;338
1771;347
1773;352
1775;352
1776;420
1769;171
1770;0
1769;83
1771;207
1771;326
1772;352
1770;114
1770;368
1772;386
1769;0
1769;362
1769;453
1771;494
1770;99
1769;230
1769;471
1770;534
1772;480
1773;303
1774;352
1775;352
1769;163
1769;263
1770;276
1770;322
1771;407
1771;352
1774;196
1770;566
1770;309
1770;234
1771;211
1769;224
1771;270
1771;245
1770;342
1769;180
1770;230
1771;230
1773;146
1775;280
1776;240
1770;256
1770;360
1769;0
1770;441
1770;352
1770;232
1770;171
1769;461
1770;427
1772;378
1769;83
1770;78
1769;215
1769;20
1770;260
1772;250
1775;141
1777;262
1769;148
1769;0
1770;352
1770;181
1770;69
1771;83
1770;129
1770;83
1770;110
1770;166
1770;248
1771;245
1773;216
1774;352
1776;359
1770;173
1772;210
1770;162
1771;190
1770;216
1771;225
1771;230
1774;199
1770;163
1769;230
1769;0
1770;148
1770;496
1771;630
1772;352
1773;352
1775;674
1776;359
1777;359
1770;0
1771;227
1771;352
1770;352
1770;171
1771;203
1772;108
1771;118
1771;230
1772;336
1771;174
1770;83
1771;251
1773;230
1770;319
1773;221
1770;388
1771;429
1773;352
1771;352
1771;65
1771;212
1772;171
1770;83
1770;194
1772;222
1774;208
1775;174
1776;214
1771;352
1772;352
1771;365
1770;270
1772;279
1774;316
1775;352
1777;359
1777;359
1770;352
1771;230
1770;167
1770;294
1771;397
1772;352
1773;352
1774;243
1771;388
1773;352
1775;243
1771;352
1770;424
1772;310
1770;148
1771;150
1770;230
1772;264
1773;230
1770;352
1771;208
1772;352
1774;352
1774;352
1775;352
1770;148
1771;15
1771;135
1773;148
1775;148
1771;352
1770;425
1772;352
1773;386
1774;352
1771;33
1771;211
1771;86
1771;70
1771;380
1771;76
1771;221
1771;352
1770;87
1771;148
1771;375
1772;352
1773;352
1771;248
1772;44
1772;159
1772;133
1773;133
1774;221
1775;100
1772;355
1772;150
1771;230
1771;230
1772;352
1771;148
1772;148
1774;107
1775;132
1771;352
1771;207
1774;148
1775;148
1771;359
1773;184
1772;355
1773;390
1774;248
1773;352
1773;352
1777;359
1772;352
1773;162
1774;352
1776;359
1772;352
1771;102
1771;245
1772;368
1773;306
1775;352
1776;359
1771;0
1772;352
1771;352
1771;176
1772;230
1771;230
1772;230
1773;230
1776;221
1776;214
1771;211
1772;184
1772;243
1772;0
1771;103
1772;167
1772;442
1772;352
1774;352
1772;237
1773;186
1775;171
1777;210
1772;352
1774;352
1772;162
1774;133
1775;179
1777;367
1771;352
1773;224
1772;352
1771;352
1773;352
1774;352
1772;502
1773;352
1774;556
1772;282
1774;319
1772;352
1774;352
1774;352
1772;82
1771;271
1772;358
1774;352
1775;352
1771;352
1772;285
1772;225
1773;162
1774;180
1776;217
1777;211
1771;352
1772;171
1772;368
1772;352
1772;218
1773;171
1771;230
1772;0
1772;282
1773;174
1774;148
1776;111
1772;270
1772;175
1772;192
1773;171
1772;148
1773;228
1774;243
1775;238
1773;215
1774;352
1776;359
1772;230
1773;230
1776;280
1773;97
1774;124
1775;148
1772;352
1773;124
1774;158
1772;352
1773;148
1774;352
1773;152
1773;392
1773;452
1773;345
1774;333
1776;359
1773;78
1773;192
1775;210
1776;140
1773;343
1773;0
1772;226
1773;352
1775;349
1772;352
1774;352
1775;352
1777;359
1773;336
1772;67
1774;102
1775;73
1772;148
1774;133
1772;230
1773;352
1773;352
1773;352
1774;352
1775;352
1772;0
1772;29
1772;171
1773;135
1775;236
1773;105
1772;148
1773;185
1774;352
1775;352
1776;178
1772;352
1774;352
1772;352
1774;352
1777;359
1772;352
1775;294
1777;359
1773;349
1774;352
1773;148
1773;152
1774;171
1773;150
1773;230
1773;352
1774;400
1773;196
1773;184
1774;245
1773;275
1774;282
1775;229
1777;264
1773;124
1773;230
1773;257
1774;395
1773;105
1772;133
1773;175
1774;230
1774;217
1775;345
1778;0
1774;352
1775;350
1774;352
1775;352
1776;359
1773;352
1775;352
1779;359
1773;102
1774;450
1774;561
1775;531
1776;539
1774;352
1776;300
1773;148
1774;214
1775;251
1777;356
1774;352
1775;352
1775;341
1774;352
1775;300
1776;314
1775;125
1774;223
1776;250
1773;0
1776;247
1775;0
1773;352
1776;359
1773;0
1776;145
1774;148
1775;352
1776;359
1773;0
1774;135
1774;148
1775;148
1775;352
1774;148
1773;171
1776;328
1774;200
1775;345
1779;0
1773;128
1774;185
1774;352
1775;352
1776;359
1774;241
1773;129
1775;230
1773;174
1774;400
1776;530
1773;102
1774;270
1775;206
1774;352
1776;359
1774;283
1774;392
1776;194
1774;210
1773;191
1774;171
1775;171
1776;210
1773;352
1775;233
1776;359
1774;214
1776;262
1773;171
1774;280
1775;300
1774;230
1776;216
1773;171
1775;196
1774;300
1775;352
1776;359
1774;282
1775;343
1774;626
1776;595
1775;171
1774;230
1774;83
1773;190
1775;253
1774;352
1775;352
1776;505
1777;359
1774;341
1773;171
1774;95
1774;105
1775;230
1774;352
1775;320
1779;0
1779;692
1775;352
1765;63
1765;60
1774;114
1776;359
1766;280
1737;67
1764;295
1775;217
1746;387
1744;129
1750;351
1739;271
1740;65
1739;152
1739;176
1739;129
1738;82
1738;148
1738;290
1737;213
1737;109
1737;222
1737;579
1736;211
1736;326
1736;110
1736;194
1736;226
1736;154
1735;163
1735;188
1734;182
1734;113
1732;187
1727;152
1727;161
1726;168
1726;119
1719;115
1718;87
1718;73
1737;292
1715;244
1715;244
1719;175
1718;146
1720;215
1722;80
1722;216
1729;108
1714;73
1714;56
1714;263
1719;152
1718;305
1719;206
1719;249
1717;173
1718;227
1717;212
1723;141
1724;329
1724;127
1725;320
1725;108
1725;208
1726;220
1726;211
1728;273
1728;189
1729;179
1729;251
1730;146
1729;336
1729;163
1729;250
1731;207
1732;161
1731;113
1731;130
1731;105
1733;170
1733;146
1735;212
1735;220
1735;330
1735;135
1735;395
1736;244
1736;239
1736;356
1736;244
1736;211
1736;374
1736;154
1775;117
1737;126
1737;169
1737;110
1739;331
1738;483
1731;162
1731;199
1732;172
1732;122
1732;203
1732;211
1733;80
1734;135
1734;178
1778;119
1734;240
1776;210
1778;359
1779;164
1776;163
1777;33
1777;116
1778;445
1778;359
1778;359
1778;359
1776;359
1778;210
1777;141
1779;210
1778;184
1732;189
1779;282
1780;529
1778;0
1779;359
1777;359
1779;394
1779;449
1780;210
1779;174
1779;359
1778;119
1780;322
1780;402
1780;370
1780;539
1779;210
1773;276
1776;240
1775;230
1777;359
1780;356
1776;214
1775;352
1779;210
1779;0
1776;119
1778;359
1778;560
1778;356
1778;359
1775;171
1776;359
1775;352
1775;352
1746;255
1746;292
1748;271
1778;359
1773;331
1775;0
1776;210
1777;359
1776;359
1776;204
1776;359
1777;500
1775;465
1776;359
1775;352
1775;62
1776;359
1776;64
1776;210
1777;210
1776;463
1775;516
1774;496
1777;295
1775;319
1777;421
1776;539
1776;210
1776;359
1775;478
1776;210
1775;352
1776;214
1776;214
1775;187
1776;180
1777;680
1775;345
1775;137
1774;214
1774;230
1776;359
1775;208
1776;214
1775;114
1776;281
1776;260
1775;230
1775;383
1775;352
1774;352
1776;371
1775;401
1775;345
1776;210
1778;359
1777;359
1777;359
1775;171
1775;263
1777;214
1777;210
1777;359
1774;102
1777;284
1774;83
1774;230
1777;210
1779;210
1778;255
1774;171
1777;359
1775;72
1778;304
1774;230
1777;356
1777;210
1776;214
1779;210
1776;152
1724;153
1775;230
1722;211
1723;235
1722;142
1776;356
1774;107
1778;210
1776;359
1778;237
1778;447
1778;210
1729;195
1723;275
1731;309
1731;183
1730;140
1731;261
1731;240
1731;135
1730;148
1731;331
1731;248
1731;172
1729;143
1734;0
1734;200
1735;199
1734;125
1732;144
1732;240
1733;76
1733;247
1732;299
1733;241
1733;148
1733;331
1733;204
1732;240
1732;148
1732;181
1734;331
1734;148
1734;331
1734;148
1734;133
1732;217
1732;191
1732;331
1732;178
1734;240
1735;178
1735;213
1734;331
1722;144
1731;271
1734;331
1731;271
1732;276
1735;331
1735;240
1736;172
1735;331
1735;213
1735;331
1736;121
1736;172
1737;172
1736;331
1737;200
1736;172
1737;172
1737;240
1737;270
1737;172
1737;331
1737;331
1737;240
1736;331
1737;372
1737;151
1737;240
1737;377
1737;240
1737;331
1737;350
1738;172
1738;344
1738;331
1738;241
1738;240
1737;172
1738;143
1738;270
1738;240
1737;331
1738;172
1739;331
1738;240
1738;121
1739;172
1739;379
1738;358
1739;344
1739;331
1739;331
1739;276
1739;331
1739;240
1739;194
1739;331
1739;240
1739;331
1739;237
1739;172
1739;331
1739;234
1739;172
1739;172
1739;331
1739;131
1739;172
1739;240
1739;172
1740;331
1740;331
1739;240
1740;261
1740;181
1740;172
1740;271
1740;271
1740;331
1740;258
1740;331
1740;331
1739;172
1740;240
1740;172
1740;376
1740;0
1740;172
1740;331
1740;172
1740;243
1740;185
1740;349
1740;163
1740;318
1740;73
1741;315
1740;331
1740;276
1741;147
1741;188
1741;172
1741;331
1741;172
1741;240
1741;245
1741;0
1741;0
1741;331
1741;331
1741;331
1742;281
1741;172
1742;176
1742;172
1742;240
1742;193
1741;240
1742;331
1741;172
1742;172
1743;172
1742;240
1742;331
1742;331
1742;289
1743;301
1743;200
1743;343
1742;172
1742;25
1742;172
1743;216
1742;240
1743;379
1743;172
1743;240
1742;172
1743;210
1743;258
1743;253
1742;0
1743;262
1743;311
1743;179
1744;240
1743;498
1743;172
1743;414
1744;244
1743;331
1743;172
1744;280
1744;259
1744;188
1744;331
1745;124
1744;331
1744;172
1744;183
1744;276
1744;172
1744;221
1714;244
1714;180
1715;237
1715;144
1715;237
1716;237
1716;237
1717;237
1716;237
1717;126
1717;237
1717;237
1716;237
1718;237
1746;442
1773;68
1792;600
1795;237
1793;269
1797;273
1797;214
1797;28
1797;41
1798;284
1799;437
1799;250
1799;154
1799;27
1799;61
1800;7
1800;60
1801;307
1801;189
1802;147
1802;400
1803;150
1803;275
1803;103
1803;307
1804;247
1804;372
1804;200
1804;300
1804;193
1804;376
1804;304
1804;120
1804;114
1804;12
1804;107
1804;160
1805;231
1804;481
1805;378
1805;152
1805;12
1805;147
1805;105
1805;60
1805;116
1805;79
1806;100
1806;129
1806;228
1806;143
1806;224
1806;108
1805;0
1803;117
1806;149
1779;36
1782;517
1782;46
1783;29
1796;359
1797;46
1797;182
1798;153
1799;31
1800;120
1801;256
1802;200
1802;742
1802;400
1802;285
1803;519
1803;330
1803;248
1803;170
1803;221
1803;410
1803;383
1803;116
1803;130
1803;297
1803;80
1803;180
1803;292
1804;160
1805;412
1805;174
1805;138
1806;190
1806;91
1806;304
1806;226
1806;53
1806;40
1808;337
1809;69
1810;200
1810;131
1811;263
1798;310
1800;82
1800;268
1652;207
1741;240
1659;400
1659;398
1661;292
1661;346
1662;351
1662;455
1663;382
1649;400
1649;376
1658;94
1658;201
1659;422
1659;123
1660;1065
1661;175
1661;125
1662;194
1662;163
1662;150
1663;150
1663;50
1667;1124
1669;867
1674;59
1677;181
1686;500
1587;359
1818;215
1720;789
1576;97
1563;100
1563;100
1563;100
1565;100
1565;100
1565;100
1565;100
1714;195
1568;78
1568;78
1568;78
1568;78
1568;78
1568;359
1794;46
1567;75
1567;75
1567;75
1567;75
1688;251
1767;230
1770;44
1775;226
1775;226
1787;169
1787;169
1691;179
1708;273
1767;169
1768;386
1767;386
1770;196
1770;196
1786;600
1657;0
1652;0
1652;0
1651;200
1654;60
1527;325
1715;158
1715;162
1715;272
1716;514
1656;450
1656;192
1658;0
1661;0
1654;145
1788;130
1783;250
1795;149
1796;10
1698;244
1701;357
1711;237
1718;244
1724;118
1724;118
1724;212
1725;386
1725;118
1725;260
1725;260
1725;212
1726;386
1726;331
1727;331
1727;357
1729;386
1730;386
1729;118
1729;331
1731;465
1731;406
1732;406
1733;260
1767;40
1783;85
1783;223
1783;40
1783;98
1789;492
1793;386
1795;492
1799;353
1800;386
1801;294
1801;492
1802;492
1802;390
1802;389
1802;310
1802;188
1802;475
1802;475
1802;475
1802;475
1803;514
1803;492
1803;492
1803;448
1803;492
1803;307
1803;492
1804;390
1804;162
1805;259
1805;390
1805;390
1805;492
1805;492
1805;390
1806;390
1806;492
1807;220
1807;530
1807;390
1807;492
1807;239
1819;390
1819;390
1819;183
1819;239
1819;220
1819;239
1819;600
1819;239
1820;239
1820;273
1820;530
1820;398
1820;390
1820;530
1820;273
1821;239
1821;239
1821;183
1821;390
1821;239
1821;239
1821;183
1821;239
1821;530
1821;299
1822;344
1822;390
1822;273
1822;183
1822;273
1822;273
1822;530
1823;183
1823;530
1823;390
1824;380
1824;390
1824;475
1825;273
1825;273
1826;257
1826;257
1826;257
1826;449
1826;490
1826;490
1826;307
1827;449
1827;449
1827;449
1827;307
1827;449
1827;578
1827;307
1828;600
1830;308
1820;448
1830;514
1830;372
1830;578
1831;490
1833;307
1836;490
1836;490
1837;257
1837;118
1837;307
1837;449
1837;257
1837;257
1838;490
1838;307
1838;490
1839;490
1839;376
1839;257
1839;514
1839;490
1839;490
1839;514
1839;514
1840;118
1840;307
1840;257
1840;572
1840;490
1840;490
1840;490
1840;490
1840;257
1840;307
1840;257
1841;578
1841;490
1841;257
1841;118
1841;490
1841;490
1841;118
1841;572
1841;600
1841;490
1841;490
1841;490
1841;490
1842;490
1842;664
1842;490
1842;572
1842;118
1842;490
1842;308
1842;490
1842;490
1842;572
1842;490
1843;719
1843;257
1844;118
1844;118
1844;490
1844;490
1845;481
1845;572
1845;490
1845;257
1846;490
1846;490
1846;490
1846;490
1846;490
1846;490
1847;490
1847;307
1847;490
1847;481
1847;490
1847;307
1847;490
1848;490
1848;490
1848;490
1848;490
1848;490
1848;572
1848;572
1849;490
1850;490
1851;401
1851;118
1851;550
